{
    "agent.n.01_1": {
        "is_asleep": false,
        "root_link": {
            "pos": [
                -50.0,
                -50.0,
                -50.0
            ],
            "ori": [
                0.0,
                0.0,
                0.0,
                1.0
            ],
            "lin_vel": [
                0.0,
                0.0,
                0.0
            ],
            "ang_vel": [
                0.0,
                0.0,
                0.0
            ]
        },
        "joint_pos": [
            72.05943298339844,
            74.51365661621094,
            50.003753662109375,
            -0.009848462417721748,
            0.00227439496666193,
            2.4324357509613037,
            -7.170506432885304e-05,
            -0.0002596640551928431,
            0.00011015261407010257,
            6.548671990458388e-06,
            -7.258654932229547e-06,
            3.604545054258779e-05,
            1.9059882164001465,
            1.9060101509094238,
            -0.9909981489181519,
            -0.9909906983375549,
            1.571000576019287,
            1.5710011720657349,
            0.9149965643882751,
            0.9150168299674988,
            -1.5709985494613647,
            -1.5710004568099976,
            0.04999895393848419,
            0.049999549984931946,
            0.049999214708805084,
            0.049999963492155075
        ],
        "joint_vel": [
            -0.0005413955659605563,
            0.0006911341333761811,
            0.001088322140276432,
            0.001353568397462368,
            0.0021398914977908134,
            4.426791565492749e-05,
            0.00335298920981586,
            -0.002162426244467497,
            0.0003059573355130851,
            -0.0030946587212383747,
            -0.005443282425403595,
            0.0039018115494400263,
            0.0016117607010528445,
            -0.0004956134362146258,
            -0.0006923562032170594,
            -0.0003785065491683781,
            -0.011194941587746143,
            0.008007918484508991,
            0.002375341486185789,
            -0.002259623259305954,
            0.007321194279938936,
            -0.00448722206056118,
            6.654900062130764e-05,
            3.6711433494929224e-05,
            9.940065501723439e-05,
            5.4198313591768965e-05
        ],
        "controllers": {
            "base": {
                "goal_is_valid": true,
                "goal": {
                    "target": [
                        0.0,
                        0.0,
                        0.0
                    ]
                }
            },
            "trunk": {
                "goal_is_valid": true,
                "goal": {
                    "target": [
                        -7.043460209388286e-05,
                        -0.0002607400238048285,
                        0.00011166303011123091,
                        3.3523251659062225e-06
                    ]
                }
            },
            "arm_left": {
                "goal_is_valid": true,
                "goal": {
                    "target_pos": [
                        0.5446208715438843,
                        0.3968467712402344,
                        1.4467846155166626
                    ],
                    "target_ori_mat": [
                        [
                            -0.006778597831726074,
                            4.613876808434725e-05,
                            0.999977171421051
                        ],
                        [
                            0.003117672633379698,
                            -0.9999953508377075,
                            6.72732712700963e-05
                        ],
                        [
                            0.9999722838401794,
                            0.003118057269603014,
                            0.006778240203857422
                        ]
                    ]
                },
                "control_filter": {
                    "past_samples": [
                        [
                            -7.855933290557005e-06,
                            1.9059908390045166,
                            -0.9909969568252563,
                            1.571000576019287,
                            0.9149970412254333,
                            -1.570999026298523
                        ],
                        [
                            -8.772825822234154e-06,
                            1.9059898853302002,
                            -0.9909996390342712,
                            1.5709991455078125,
                            0.9149943590164185,
                            -1.570998191833496
                        ]
                    ],
                    "current_idx": 0,
                    "fully_filled": true
                }
            },
            "gripper_left": {
                "goal_is_valid": true,
                "goal": {
                    "target": [
                        1.0
                    ]
                },
                "vel_filter": {
                    "past_samples": [
                        [
                            8.046627044677734e-06,
                            1.4752148672414478e-05
                        ],
                        [
                            -2.41398793150438e-05,
                            -1.0281800314260181e-05
                        ],
                        [
                            2.235173951703473e-06,
                            3.1292436233343324e-06
                        ],
                        [
                            -2.458691415085923e-05,
                            -2.6822087875189027e-06
                        ],
                        [
                            1.251697449333733e-05,
                            -9.834765478444751e-06
                        ]
                    ],
                    "current_idx": 3,
                    "fully_filled": true
                }
            },
            "arm_right": {
                "goal_is_valid": true,
                "goal": {
                    "target_pos": [
                        0.544624388217926,
                        -0.3968353271484375,
                        1.4439870119094849
                    ],
                    "target_ori_mat": [
                        [
                            0.0058498382568359375,
                            -4.361150786280632e-06,
                            0.9999828338623047
                        ],
                        [
                            -0.004663236439228058,
                            -0.9999890327453613,
                            2.291821874678135e-05
                        ],
                        [
                            0.9999719858169556,
                            -0.00466329138725996,
                            -0.005849719047546387
                        ]
                    ]
                },
                "control_filter": {
                    "past_samples": [
                        [
                            3.67360444215592e-05,
                            1.9060105085372925,
                            -0.9909917116165161,
                            1.571001410484314,
                            0.9150170683860779,
                            -1.5710006952285767
                        ],
                        [
                            3.7289049942046404e-05,
                            1.9060091972351074,
                            -0.9909906983375549,
                            1.5710018873214722,
                            0.9150155782699585,
                            -1.5710008144378662
                        ]
                    ],
                    "current_idx": 0,
                    "fully_filled": true
                }
            },
            "gripper_right": {
                "goal_is_valid": true,