{
    "sandal.n.01_1": {
        "is_asleep": true,
        "root_link": {
            "pos": [
                22.23138999938965,
                25.491382598876953,
                0.0070968554355204105
            ],
            "ori": [
                0.0010036975145339966,
                0.00011338968761265278,
                0.3569858968257904,
                0.9341092705726624
            ],
            "lin_vel": [
                0.0,
                0.0,
                0.0
            ],
            "ang_vel": [
                0.0,
                0.0,
                0.0
            ]
        },
        "non_kin": {}
    },
    "sandal.n.01_2": {
        "is_asleep": true,
        "root_link": {
            "pos": [
                21.730220794677734,
                24.408557891845703,
                0.007701332680881023
            ],
            "ori": [
                0.0012977593578398228,
                -0.0001678639673627913,
                0.9975545406341553,
                0.0698806419968605
            ],
            "lin_vel": [
                0.0,
                0.0,
                0.0
            ],
            "ang_vel": [
                0.0,
                0.0,
                0.0
            ]
        },
        "non_kin": {}
    },
    "table.n.02_1": {
        "is_asleep": false,
        "root_link": {
            "pos": [
                24.663959503173828,
                22.49925422668457,
                0.16319794952869415
            ],
            "ori": [
                0.0,
                0.0,
                0.0,
                1.0
            ]
        },
        "non_kin": {}
    },
    "table.n.02_2": {
        "is_asleep": false,
        "root_link": {
            "pos": [
                24.67136001586914,
                25.408491134643555,
                0.16319794952869415
            ],
            "ori": [
                0.0,
                0.0,
                0.0,
                1.0
            ]
        },
        "non_kin": {}
    },
    "book.n.02_1": {
        "is_asleep": false,
        "root_link": {
            "pos": [
                23.038423538208008,
                24.417377471923828,
                0.4933357536792755
            ],
            "ori": [
                -0.00021259902860037982,
                0.0003207602130714804,
                -0.06705570220947266,
                0.9977491497993469
            ],
            "lin_vel": [
                4.543180693872273e-07,
                5.605999831459485e-06,
                -5.055609108239878e-06
            ],
            "ang_vel": [
                -1.5600839105900377e-05,
                -3.864736936520785e-05,
                -5.300497832649853e-06
            ]
        },
        "non_kin": {
            "Temperature": {
                "temperature": 23.0
            }
        }
    },
    "floor.n.01_1": {
        "is_asleep": false,
        "root_link": {
            "pos": [
                22.5664005279541,
                23.66229248046875,
                -0.13886341452598572
            ],
            "ori": [
                0.0,
                0.0,
                0.0,
                1.0
            ]
        },
        "non_kin": {}
    },
    "bed.n.01_1": {
        "is_asleep": false,
        "root_link": {
            "pos": [
                23.886598587036133,
                23.95871925354004,
                0.2662099301815033
            ],
            "ori": [
                0.0,
                0.0,
                0.9999991655349731,
                0.0012722777901217341
            ]
        },
        "non_kin": {}
    },
    "robot_poses": {
        "R1Pro": [
            {
                "position": [
                    21.922882080078125,
                    24.86699676513672,
                    0.003753662109375
                ],
                "orientation": [
                    0.0,
                    0.0,
                    0.6826367974281311,
                    0.7307578325271606
                ]
            }
        ],
        "Fetch": [
            {
                "position": [
                    21.93134880065918,
                    22.92515754699707,
                    0.0012842118740081787
                ],
                "orientation": [
                    -0.0010942444205284119,
                    -0.002746881917119026,
                    -0.3700616657733917,
                    0.9290024638175964
                ]
            }
        ],
        "R1": [
            {
                "position": [
                    21.674236297607422,
                    22.87820053100586,
                    0.0037554651498794556
                ],
                "orientation": [
                    0.005050172097980976,
                    0.00019823935872409493,
                    -0.428642600774765,
                    0.9034600853919983
                ]
            }
        ],
        "Stretch": [
            {
                "position": [
                    22.942399978637695,
                    22.530370712280273,
                    -0.0008090287446975708
                ],
                "orientation": [
                    -0.001396888867020607,
                    0.0014244200428947806,
                    0.7001053690910339,
                    0.7140368223190308
                ]
            }
        ],
        "Tiago": [
            {
                "position": [
                    21.129497528076172,
                    22.56917381286621,
                    0.00033473968505859375
                ],
                "orientation": [
                    -9.15306088700163e-08,
                    -4.0254664668282203e-07,
                    0.5398011207580566,
                    0.8417925834655762
                ]
            }
        ]
    }
}