{
    "agent.n.01_1": {
        "is_asleep": false,
        "root_link": {
            "pos": [
                -50.0,
                -50.0,
                -50.0
            ],
            "ori": [
                0.0,
                0.0,
                0.0,
                1.0
            ],
            "lin_vel": [
                0.0,
                0.0,
                0.0
            ],
            "ang_vel": [
                0.0,
                0.0,
                0.0
            ]
        },
        "joint_pos": [
            71.83290100097656,
            75.07778930664062,
            50.003753662109375,
            -0.009286441840231419,
            -0.003992565907537937,
            3.065396785736084,
            -6.9870387960691e-05,
            -0.00025987406843341887,
            0.00011155689571751282,
            6.500563358713407e-06,
            -6.963009127503028e-06,
            3.540533725754358e-05,
            1.9059923887252808,
            1.9060163497924805,
            -0.9909937381744385,
            -0.9909998774528503,
            1.5710009336471558,
            1.571000099182129,
            0.9150036573410034,
            0.9150148034095764,
            -1.5709989070892334,
            -1.5710002183914185,
            0.049999263137578964,
            0.049998603761196136,
            0.04999997466802597,
            0.04999881237745285
        ],
        "joint_vel": [
            -0.0005422488902695477,
            0.0001721490698400885,
            0.00102611246984452,
            0.0002959888079203665,
            0.0024674739688634872,
            0.0002845752169378102,
            0.0027908107731491327,
            -0.00015440431889146566,
            0.0002685388899408281,
            -0.0017339526675641537,
            -0.005532314535230398,
            0.004209655802696943,
            0.0015905373729765415,
            -0.0008544356096535921,
            -0.00036167126381769776,
            -0.0006973863346502185,
            -0.011564911343157291,
            0.008662967011332512,
            0.0018245026003569365,
            -0.001996430568397045,
            0.007502411026507616,
            -0.004895522724837065,
            -4.940848157275468e-07,
            1.1715959772118367e-05,
            4.294633254176006e-05,
            2.285618393216282e-06
        ],
        "controllers": {
            "base": {
                "goal_is_valid": true,
                "goal": {
                    "target": [
                        0.0,
                        0.0,
                        0.0
                    ]
                }
            },
            "trunk": {
                "goal_is_valid": true,
                "goal": {
                    "target": [
                        -7.034478039713576e-05,
                        -0.00026055279886350036,
                        0.00011164500028826296,
                        3.3194901334354654e-06
                    ]
                }
            },
            "arm_left": {
                "goal_is_valid": true,
                "goal": {
                    "target_pos": [
                        0.5446205139160156,
                        0.3968467712402344,
                        1.4467843770980835
                    ],
                    "target_ori_mat": [
                        [
                            -0.006778120994567871,
                            4.66805649921298e-05,
                            0.9999769926071167
                        ],
                        [
                            0.0031175464391708374,
                            -0.9999949932098389,
                            6.781320553272963e-05
                        ],
                        [
                            0.9999721050262451,
                            0.003117934800684452,
                            0.006778061389923096
                        ]
                    ]
                },
                "control_filter": {
                    "past_samples": [
                        [
                            -7.84145413490478e-06,
                            1.9059966802597046,
                            -0.9909934401512146,
                            1.571000099182129,
                            0.9150067567825317,
                            -1.5709984302520752
                        ],
                        [
                            -6.495973138953559e-06,
                            1.905990481376648,
                            -0.9909971356391907,
                            1.5710018873214722,
                            0.9149971604347229,
                            -1.5709999799728394
                        ]
                    ],
                    "current_idx": 0,
                    "fully_filled": true
                }
            },
            "gripper_left": {
                "goal_is_valid": true,
                "goal": {
                    "target": [
                        1.0
                    ]
                },
                "vel_filter": {
                    "past_samples": [
                        [
                            -7.957219349918887e-05,
                            -0.0001421570632373914
                        ],
                        [
                            7.644294964848086e-05,
                            0.00013947486877441406
                        ],
                        [
                            8.583068120060489e-05,
                            0.0001586973521625623
                        ],
                        [
                            -7.152556645451114e-05,
                            -0.00017926095461007208
                        ],
                        [
                            7.10785316186957e-05,
                            0.00017702578043099493
                        ]
                    ],
                    "current_idx": 2,
                    "fully_filled": true
                }
            },
            "arm_right": {
                "goal_is_valid": true,
                "goal": {
                    "target_pos": [
                        0.5446243286132812,
                        -0.3968353271484375,
                        1.4439865350723267
                    ],
                    "target_ori_mat": [
                        [
                            0.005850315093994141,
                            -3.9995647966861725e-06,
                            0.9999828338623047
                        ],
                        [
                            -0.004663477186113596,
                            -0.9999890327453613,
                            2.328353002667427e-05
                        ],
                        [
                            0.9999719858169556,
                            -0.00466353353112936,
                            -0.00585019588470459
                        ]
                    ]
                },
                "control_filter": {
                    "past_samples": [
                        [
                            3.502195613691583e-05,
                            1.9060152769088745,
                            -0.9909986853599548,
                            1.5709998607635498,
                            0.9150146245956421,
                            -1.5709995031356812
                        ],
                        [
                            3.5747751098824665e-05,
                            1.9060190916061401,
                            -0.9910046458244324,
                            1.571000576019287,
                            0.9150122404098511,
                            -1.5710004568099976
                        ]
                    ],
                    "current_idx": 0,
                    "fully_filled": true
                }
            },
            "gripper_right": {
                "goal_is_valid": true,