{
    "agent.n.01_1": {
        "is_asleep": false,
        "root_link": {
            "pos": [
                -50.0,
                -50.0,
                -50.0
            ],
            "ori": [
                0.0,
                0.0,
                0.0,
                1.0
            ],
            "lin_vel": [
                0.0,
                0.0,
                0.0
            ],
            "ang_vel": [
                0.0,
                0.0,
                0.0
            ]
        },
        "joint_pos": [
            71.81341552734375,
            74.79653930664062,
            50.003753662109375,
            0.010105691850185394,
            -0.0001836898154579103,
            -0.5003407597541809,
            -7.147001451812685e-05,
            -0.0002602206077426672,
            0.00011034093768103048,
            5.216561930865282e-06,
            -7.799683771736454e-06,
            3.5651220969157293e-05,
            1.9059970378875732,
            1.9060022830963135,
            -0.9910072684288025,
            -0.9909943342208862,
            1.5709987878799438,
            1.5709999799728394,
            0.9149996042251587,
            0.9150019288063049,
            -1.5709974765777588,
            -1.570999264717102,
            0.049999065697193146,
            0.04999879375100136,
            0.04999919980764389,
            0.049999088048934937
        ],
        "joint_vel": [
            0.0005999733693897724,
            -0.0006353269563987851,
            0.001182983280159533,
            -0.00038304494228214025,
            -0.0027905392926186323,
            -1.860212069004774e-05,
            0.0037259478121995926,
            -0.0026202304288744926,
            -0.00033145269844681025,
            -0.005156862549483776,
            -0.0059743537567555904,
            0.0036299051716923714,
            0.003751336131244898,
            -0.000989545020274818,
            -0.002353947376832366,
            -0.0004787547804880887,
            -0.011901571415364742,
            0.007430010940879583,
            0.003108265809714794,
            -0.0034663386177271605,
            0.008084534667432308,
            -0.003972644917666912,
            -3.740988177014515e-07,
            5.106826210976578e-05,
            0.00015616652672179043,
            7.648522296221927e-05
        ],
        "controllers": {
            "base": {
                "goal_is_valid": true,
                "goal": {
                    "target": [
                        0.0,
                        0.0,
                        0.0
                    ]
                }
            },
            "trunk": {
                "goal_is_valid": true,
                "goal": {
                    "target": [
                        -7.04096382833086e-05,
                        -0.0002606885100249201,
                        0.0001116605635615997,
                        3.334205530336476e-06
                    ]
                }
            },
            "arm_left": {
                "goal_is_valid": true,
                "goal": {
                    "target_pos": [
                        0.544621467590332,
                        0.3968467712402344,
                        1.4467846155166626
                    ],
                    "target_ori_mat": [
                        [
                            -0.006778359413146973,
                            4.690408241003752e-05,
                            0.9999771118164062
                        ],
                        [
                            0.0031173820607364178,
                            -0.999995231628418,
                            6.803590804338455e-05
                        ],
                        [
                            0.9999722242355347,
                            0.0031177718192338943,
                            0.006778061389923096
                        ]
                    ]
                },
                "control_filter": {
                    "past_samples": [
                        [
                            -9.049030268215574e-06,
                            1.9060070514678955,
                            -0.9910099506378174,
                            1.5709991455078125,
                            0.9149995446205139,
                            -1.5709974765777588
                        ],
                        [
                            -8.398116733587813e-06,
                            1.9060016870498657,
                            -0.9910164475440979,
                            1.5709993839263916,
                            0.9149883985519409,
                            -1.5709980726242065
                        ]
                    ],
                    "current_idx": 0,
                    "fully_filled": true
                }
            },
            "gripper_left": {
                "goal_is_valid": true,
                "goal": {
                    "target": [
                        1.0
                    ]
                },
                "vel_filter": {
                    "past_samples": [
                        [
                            -1.3411044164968189e-05,
                            -9.96887611108832e-05
                        ],
                        [
                            2.6822087875189027e-06,
                            0.00010550021397648379
                        ],
                        [
                            -4.470347903406946e-06,
                            -8.538364636478946e-05
                        ],
                        [
                            -8.493661880493164e-06,
                            9.343027340946719e-05
                        ],
                        [
                            1.6987323760986328e-05,
                            8.180736767826602e-05
                        ]
                    ],
                    "current_idx": 4,
                    "fully_filled": true
                }
            },
            "arm_right": {
                "goal_is_valid": true,
                "goal": {
                    "target_pos": [
                        0.544623851776123,
                        -0.3968372344970703,
                        1.4439866542816162
                    ],
                    "target_ori_mat": [
                        [
                            0.0058498382568359375,
                            -3.7811696529388428e-06,
                            0.9999828338623047
                        ],
                        [
                            -0.004663568455725908,
                            -0.9999890327453613,
                            2.350006252527237e-05
                        ],
                        [
                            0.9999719858169556,
                            -0.0046636261977255344,
                            -0.005849719047546387
                        ]
                    ]
                },
                "control_filter": {
                    "past_samples": [
                        [
                            3.549500979715958e-05,
                            1.9060002565383911,
                            -0.9910004734992981,
                            1.5709991455078125,
                            0.9149988293647766,
                            -1.570999026298523
                        ],
                        [
                            3.573964204406366e-05,
                            1.9059988260269165,
                            -0.9909934997558594,
                            1.5709998607635498,
                            0.9150034189224243,
                            -1.5709996223449707
                        ]
                    ],
                    "current_idx": 0,
                    "fully_filled": true
                }
            },
            "gripper_right": {
                "goal_is_valid": true,