{
    "sandal.n.01_1": {
        "is_asleep": true,
        "root_link": {
            "pos": [
                21.070241928100586,
                22.64040756225586,
                0.00709685729816556
            ],
            "ori": [
                0.0007387099321931601,
                -0.0006890656659379601,
                -0.47780075669288635,
                0.8784676790237427
            ],
            "lin_vel": [
                0.0,
                0.0,
                0.0
            ],
            "ang_vel": [
                0.0,
                0.0,
                0.0
            ]
        },
        "non_kin": {}
    },
    "sandal.n.01_2": {
        "is_asleep": true,
        "root_link": {
            "pos": [
                20.678348541259766,
                22.73714256286621,
                0.007311160676181316
            ],
            "ori": [
                -0.002758502494543791,
                0.00042882596608251333,
                0.8564079403877258,
                0.5162923336029053
            ],
            "lin_vel": [
                0.0,
                0.0,
                0.0
            ],
            "ang_vel": [
                0.0,
                0.0,
                0.0
            ]
        },
        "non_kin": {}
    },
    "table.n.02_1": {
        "is_asleep": false,
        "root_link": {
            "pos": [
                24.663959503173828,
                22.49925422668457,
                0.16319794952869415
            ],
            "ori": [
                0.0,
                0.0,
                0.0,
                1.0
            ]
        },
        "non_kin": {}
    },
    "table.n.02_2": {
        "is_asleep": false,
        "root_link": {
            "pos": [
                24.67136001586914,
                25.408491134643555,
                0.16319794952869415
            ],
            "ori": [
                0.0,
                0.0,
                0.0,
                1.0
            ]
        },
        "non_kin": {}
    },
    "book.n.02_1": {
        "is_asleep": false,
        "root_link": {
            "pos": [
                22.991519927978516,
                23.610660552978516,
                0.4934884011745453
            ],
            "ori": [
                -0.0005977392429485917,
                -6.630764983128756e-05,
                0.9852240085601807,
                0.17126984894275665
            ],
            "lin_vel": [
                -5.907644663238898e-06,
                -6.678913632640615e-05,
                -4.2226770347042475e-06
            ],
            "ang_vel": [
                8.142358274199069e-05,
                -2.3225255063152872e-05,
                4.7230358177330345e-05
            ]
        },
        "non_kin": {
            "Temperature": {
                "temperature": 23.0
            }
        }
    },
    "floor.n.01_1": {
        "is_asleep": false,
        "root_link": {
            "pos": [
                22.5664005279541,
                23.66229248046875,
                -0.13886341452598572
            ],
            "ori": [
                0.0,
                0.0,
                0.0,
                1.0
            ]
        },
        "non_kin": {}
    },
    "bed.n.01_1": {
        "is_asleep": false,
        "root_link": {
            "pos": [
                23.886598587036133,
                23.95871925354004,
                0.2662099301815033
            ],
            "ori": [
                0.0,
                0.0,
                0.9999991655349731,
                0.0012722777901217341
            ]
        },
        "non_kin": {}
    },
    "robot_poses": {
        "R1Pro": [
            {
                "position": [
                    22.13025665283203,
                    25.06171417236328,
                    0.003753662109375
                ],
                "orientation": [
                    0.0,
                    0.0,
                    -0.7629776000976562,
                    0.6464249491691589
                ]
            }
        ],
        "Fetch": [
            {
                "position": [
                    23.168704986572266,
                    25.269775390625,
                    0.0012839138507843018
                ],
                "orientation": [
                    0.002876490354537964,
                    -0.0006736721843481064,
                    0.9736605286598206,
                    0.22798362374305725
                ]
            }
        ],
        "R1": [
            {
                "position": [
                    21.748796463012695,
                    24.37930679321289,
                    0.0037555694580078125
                ],
                "orientation": [
                    0.004085153806954622,
                    0.0029761935584247112,
                    0.146993488073349,
                    0.9891246557235718
                ]
            }
        ],
        "Stretch": [
            {
                "position": [
                    22.461811065673828,
                    25.251535415649414,
                    -0.0008089393377304077
                ],
                "orientation": [
                    -0.0019255056977272034,
                    0.0005187095957808197,
                    0.9655014276504517,
                    0.2603903114795685
                ]
            }
        ],
        "Tiago": [
            {
                "position": [
                    22.663665771484375,
                    22.660552978515625,
                    0.00033473968505859375
                ],
                "orientation": [
                    -1.3034585322202474e-07,
                    1.6464628771473144e-08,
                    -0.8012041449546814,
                    0.5983911156654358
                ]
            }
        ]
    }
}