{
    "agent.n.01_1": {
        "is_asleep": false,
        "root_link": {
            "pos": [
                -50.0,
                -50.0,
                -50.0
            ],
            "ori": [
                0.0,
                0.0,
                0.0,
                1.0
            ],
            "lin_vel": [
                0.0,
                0.0,
                0.0
            ],
            "ang_vel": [
                0.0,
                0.0,
                0.0
            ]
        },
        "joint_pos": [
            50.82231140136719,
            49.99276351928711,
            50.00376510620117,
            -0.009454073384404182,
            0.00357772852294147,
            2.297614097595215,
            -6.895293336128816e-05,
            -0.0002573321107774973,
            0.00011108112812507898,
            4.361821083875839e-06,
            -1.0016667147283442e-05,
            3.7467951187863946e-05,
            1.9059946537017822,
            1.9059957265853882,
            -0.990988552570343,
            -0.9909929633140564,
            1.5709999799728394,
            1.5709997415542603,
            0.915006160736084,
            0.9150051474571228,
            -1.570997953414917,
            -1.5709999799728394,
            0.049999967217445374,
            0.049999941140413284,
            0.0499999113380909,
            0.04999997839331627
        ],
        "joint_vel": [
            -7.230445044115186e-05,
            -4.333641845732927e-05,
            -0.0008670740062370896,
            0.00020066427532583475,
            1.147625152952969e-05,
            5.3765328630106524e-05,
            0.0004889433621428907,
            -0.0005267319502308965,
            7.821704639354721e-05,
            0.0006970372051000595,
            3.802653372986242e-05,
            0.0004006638191640377,
            -0.000956895702984184,
            0.00029829275445081294,
            0.00046922286855988204,
            0.0005808866699226201,
            0.0001968137512449175,
            0.0003682580136228353,
            -0.00044605520088225603,
            0.0007067027036100626,
            -0.00024365478020627052,
            -0.00029380281921476126,
            2.1601350454147905e-05,
            3.3466972126916517e-07,
            -3.777961410378339e-08,
            6.6766874624590855e-06
        ],
        "controllers": {
            "base": {
                "goal_is_valid": true,
                "goal": {
                    "target": [
                        0.0,
                        0.0,
                        0.0
                    ]
                }
            },
            "trunk": {
                "goal_is_valid": true,
                "goal": {
                    "target": [
                        -7.043516234261915e-05,
                        -0.00026074281777255237,
                        0.0001116636412916705,
                        3.3617186545598088e-06
                    ]
                }
            },
            "arm_left": {
                "goal_is_valid": true,
                "goal": {
                    "target_pos": [
                        0.5446208715438843,
                        0.3968479633331299,
                        1.4467841386795044
                    ],
                    "target_ori_mat": [
                        [
                            -0.006777644157409668,
                            4.612491466104984e-05,
                            0.9999769330024719
                        ],
                        [
                            0.0031175650656223297,
                            -0.9999949932098389,
                            6.725627463310957e-05
                        ],
                        [
                            0.9999720454216003,
                            0.0031179492361843586,
                            0.006777703762054443
                        ]
                    ]
                },
                "control_filter": {
                    "past_samples": [
                        [
                            -1.088548106054077e-05,
                            1.905992865562439,
                            -0.9909864068031311,
                            1.5710002183914185,
                            0.9150078892707825,
                            -1.5709987878799438
                        ],
                        [
                            -1.2050208169966936e-05,
                            1.9059914350509644,
                            -0.9909842014312744,
                            1.5709993839263916,
                            0.9150081276893616,
                            -1.570998191833496
                        ]
                    ],
                    "current_idx": 0,
                    "fully_filled": true
                }
            },
            "gripper_left": {
                "goal_is_valid": true,
                "goal": {
                    "target": [
                        1.0
                    ]
                },
                "vel_filter": {
                    "past_samples": [
                        [
                            -1.3411043937594513e-06,
                            -8.940696147874405e-07
                        ],
                        [
                            1.3411043937594513e-06,
                            0.0
                        ],
                        [
                            -1.3411043937594513e-06,
                            8.940696147874405e-07
                        ],
                        [
                            -4.4703480739372026e-07,
                            -4.4703480739372026e-07
                        ],
                        [
                            -1.3411043937594513e-06,
                            2.235173951703473e-06
                        ]
                    ],
                    "current_idx": 0,
                    "fully_filled": true
                }
            },
            "arm_right": {
                "goal_is_valid": true,
                "goal": {
                    "target_pos": [
                        0.5446247458457947,
                        -0.39683741331100464,
                        1.443986415863037
                    ],
                    "target_ori_mat": [
                        [
                            0.0058498382568359375,
                            -4.198867827653885e-06,
                            0.9999828338623047
                        ],
                        [
                            -0.004662970546633005,
                            -0.9999890327453613,
                            2.3079104721546173e-05
                        ],
                        [
                            0.9999719858169556,
                            -0.004663025960326195,
                            -0.005849719047546387
                        ]
                    ]
                },
                "control_filter": {
                    "past_samples": [
                        [
                            3.843071317533031e-05,
                            1.9059947729110718,
                            -0.9909893274307251,
                            1.570999026298523,
                            0.9150057435035706,
                            -1.5709991455078125
                        ],
                        [
                            4.0008308133110404e-05,
                            1.9059937000274658,
                            -0.9909868240356445,
                            1.571000337600708,
                            0.9150073528289795,
                            -1.5710002183914185
                        ]
                    ],
                    "current_idx": 0,
                    "fully_filled": true
                }
            },
            "gripper_right": {
                "goal_is_valid": true,