{
    "book.n.02_1": {
        "is_asleep": true,
        "root_link": {
            "pos": [
                -4.643566131591797,
                -0.7219957709312439,
                0.4019204080104828
            ],
            "ori": [
                0.01691499911248684,
                -0.007214660290628672,
                0.3923805058002472,
                0.9196192026138306
            ],
            "lin_vel": [
                0.0,
                0.0,
                0.0
            ],
            "ang_vel": [
                0.0,
                0.0,
                0.0
            ]
        },
        "non_kin": {
            "Temperature": {
                "temperature": 23.0
            }
        }
    },
    "book.n.02_2": {
        "is_asleep": true,
        "root_link": {
            "pos": [
                -4.647989273071289,
                -0.6847080588340759,
                0.7294833660125732
            ],
            "ori": [
                0.012049250304698944,
                -0.015518492087721825,
                0.7897080183029175,
                0.6131682991981506
            ],
            "lin_vel": [
                0.0,
                0.0,
                0.0
            ],
            "ang_vel": [
                0.0,
                0.0,
                0.0
            ]
        },
        "non_kin": {
            "Temperature": {
                "temperature": 23.0
            }
        }
    },
    "book.n.02_3": {
        "is_asleep": true,
        "root_link": {
            "pos": [
                -4.238286018371582,
                -0.6582726240158081,
                0.4047016203403473
            ],
            "ori": [
                -0.0025077704340219498,
                -0.01821560598909855,
                0.9904894828796387,
                -0.1363544911146164
            ],
            "lin_vel": [
                0.0,
                0.0,
                0.0
            ],
            "ang_vel": [
                0.0,
                0.0,
                0.0
            ]
        },
        "non_kin": {
            "Temperature": {
                "temperature": 23.0
            }
        }
    },
    "book.n.02_4": {
        "is_asleep": true,
        "root_link": {
            "pos": [
                -3.8798959255218506,
                -0.6701376438140869,
                0.4004349112510681
            ],
            "ori": [
                0.013854838907718658,
                -0.012084376998245716,
                0.659923255443573,
                0.751107931137085
            ],
            "lin_vel": [
                0.0,
                0.0,
                0.0
            ],
            "ang_vel": [
                0.0,
                0.0,
                0.0
            ]
        },
        "non_kin": {
            "Temperature": {
                "temperature": 23.0
            }
        }
    },
    "book.n.02_5": {
        "is_asleep": true,
        "root_link": {
            "pos": [
                -5.748049736022949,
                -0.687642514705658,
                0.4031526744365692
            ],
            "ori": [
                0.0007296554394997656,
                -0.01835586503148079,
                0.9991527795791626,
                0.03683028370141983
            ],
            "lin_vel": [
                0.0,
                0.0,
                0.0
            ],
            "ang_vel": [
                0.0,
                0.0,
                0.0
            ]
        },
        "non_kin": {
            "Temperature": {
                "temperature": 23.0
            }
        }
    },
    "book.n.02_6": {
        "is_asleep": true,
        "root_link": {
            "pos": [
                -3.5003273487091064,
                -0.7150436639785767,
                0.7345749735832214
            ],
            "ori": [
                0.010034721344709396,
                0.014944708906114101,
                -0.8123486042022705,
                0.5828943848609924
            ],
            "lin_vel": [
                0.0,
                0.0,
                0.0
            ],
            "ang_vel": [
                0.0,
                0.0,
                0.0
            ]
        },
        "non_kin": {
            "Temperature": {
                "temperature": 23.0
            }
        }
    },
    "floor.n.01_1": {
        "is_asleep": false,
        "root_link": {
            "pos": [
                -1.9037261009216309,
                -2.049670696258545,
                -0.15000000596046448
            ],
            "ori": [
                0.0,
                0.0,
                0.0,
                1.0
            ]
        },
        "non_kin": {}
    },
    "bookcase.n.01_1": {
        "is_asleep": false,
        "root_link": {
            "pos": [
                -4.814175605773926,
                -0.6310573220252991,
                0.5307912230491638
            ],
            "ori": [
                2.250704156381289e-08,
                2.2507053998310766e-08,
                -0.7071066498756409,
                0.70710688829422
            ]
        },
        "non_kin": {
            "Temperature": {
                "temperature": 23.0
            }
        }
    },
    "bookcase.n.01_2": {
        "is_asleep": false,
        "root_link": {
            "pos": [
                -4.0533223152160645,
                -0.6310573816299438,
                0.5307912230491638
            ],
            "ori": [
                2.250704156381289e-08,
                2.2507053998310766e-08,
                -0.7071066498756409,
                0.70710688829422
            ]
        },
        "non_kin": {
            "Temperature": {
                "temperature": 23.0
            }
        }
    },
    "bookcase.n.01_3": {
        "is_asleep": false,
        "root_link": {
            "pos": [
                -5.575839519500732,
                -0.6310573816299438,
                0.5307912230491638
            ],
            "ori": [
                2.250704156381289e-08,
                2.2507053998310766e-08,
                -0.7071066498756409,
                0.70710688829422
            ]
        },
        "non_kin": {
            "Temperature": {
                "temperature": 23.0
            }
        }
    },
    "bookcase.n.01_4": {
        "is_asleep": false,
        "root_link": {
            "pos": [
                -3.291658401489258,
                -0.6310573220252991,
                0.5307912230491638
            ],
            "ori": [
                2.250704156381289e-08,
                2.2507053998310766e-08,
                -0.7071066498756409,
                0.70710688829422
            ]
        },
        "non_kin": {
            "Temperature": {
                "temperature": 23.0
            }
        }
    },
    "box.n.01_1": {
        "is_asleep": true,
        "root_link": {
            "pos": [
                -0.20658758282661438,
                0.2672969400882721,
                0.030970139428973198
            ],
            "ori": [
                7.450580596923828e-09,
                6.05359673500061e-09,
                0.9765098094940186,
                -0.215473473072052
            ],
            "lin_vel": [
                0.0,
                0.0,
                0.0
            ],
            "ang_vel": [
                0.0,
                0.0,
                0.0
            ]
        },
        "non_kin": {
            "Temperature": {
                "temperature": 23.0
            }
        }
    },
    "robot_poses": {
        "R1Pro": [
            {
                "position": [
                    -1.2418403625488281,
                    0.25688934326171875,
                    0.003765106201171875
                ],