{
    "book.n.02_1": {
        "is_asleep": true,
        "root_link": {
            "pos": [
                -4.645675182342529,
                -0.7251912355422974,
                0.4018029272556305
            ],
            "ori": [
                -0.006673775147646666,
                -0.01713191717863083,
                0.9317041039466858,
                -0.3627527952194214
            ],
            "lin_vel": [
                0.0,
                0.0,
                0.0
            ],
            "ang_vel": [
                0.0,
                0.0,
                0.0
            ]
        },
        "non_kin": {
            "Temperature": {
                "temperature": 23.0
            }
        }
    },
    "book.n.02_2": {
        "is_asleep": true,
        "root_link": {
            "pos": [
                -4.9639458656311035,
                -0.6774680614471436,
                0.7297677993774414
            ],
            "ori": [
                0.013844279572367668,
                -0.013940729200839996,
                0.7094242572784424,
                0.7045078277587891
            ],
            "lin_vel": [
                0.0,
                0.0,
                0.0
            ],
            "ang_vel": [
                0.0,
                0.0,
                0.0
            ]
        },
        "non_kin": {
            "Temperature": {
                "temperature": 23.0
            }
        }
    },
    "book.n.02_3": {
        "is_asleep": true,
        "root_link": {
            "pos": [
                -4.259006977081299,
                -0.6941802501678467,
                0.40338051319122314
            ],
            "ori": [
                0.018387140706181526,
                -7.632408232893795e-05,
                0.004155597183853388,
                0.9998223781585693
            ],
            "lin_vel": [
                0.0,
                0.0,
                0.0
            ],
            "ang_vel": [
                0.0,
                0.0,
                0.0
            ]
        },
        "non_kin": {
            "Temperature": {
                "temperature": 23.0
            }
        }
    },
    "book.n.02_4": {
        "is_asleep": true,
        "root_link": {
            "pos": [
                -4.2288947105407715,
                -0.6680645942687988,
                0.7328922152519226
            ],
            "ori": [
                -0.0012760728131979704,
                -0.019542787224054337,
                0.9977490901947021,
                -0.0641353577375412
            ],
            "lin_vel": [
                0.0,
                0.0,
                0.0
            ],
            "ang_vel": [
                0.0,
                0.0,
                0.0
            ]
        },
        "non_kin": {
            "Temperature": {
                "temperature": 23.0
            }
        }
    },
    "book.n.02_5": {
        "is_asleep": true,
        "root_link": {
            "pos": [
                -5.756335258483887,
                -0.6691586971282959,
                0.4038338363170624
            ],
            "ori": [
                0.018408136442303658,
                -0.00011245598579989746,
                0.003075194312259555,
                0.9998258948326111
            ],
            "lin_vel": [
                0.0,
                0.0,
                0.0
            ],
            "ang_vel": [
                0.0,
                0.0,
                0.0
            ]
        },
        "non_kin": {
            "Temperature": {
                "temperature": 23.0
            }
        }
    },
    "book.n.02_6": {
        "is_asleep": true,
        "root_link": {
            "pos": [
                -3.4835445880889893,
                -0.7138569355010986,
                0.7346217036247253
            ],
            "ori": [
                0.017598789185285568,
                -0.011875866912305355,
                0.5288288593292236,
                0.8484630584716797
            ],
            "lin_vel": [
                0.0,
                0.0,
                0.0
            ],
            "ang_vel": [
                0.0,
                0.0,
                0.0
            ]
        },
        "non_kin": {
            "Temperature": {
                "temperature": 23.0
            }
        }
    },
    "floor.n.01_1": {
        "is_asleep": false,
        "root_link": {
            "pos": [
                -1.9037261009216309,
                -2.049670696258545,
                -0.15000000596046448
            ],
            "ori": [
                0.0,
                0.0,
                0.0,
                1.0
            ]
        },
        "non_kin": {}
    },
    "bookcase.n.01_1": {
        "is_asleep": false,
        "root_link": {
            "pos": [
                -4.814175605773926,
                -0.6310573220252991,
                0.5307912230491638
            ],
            "ori": [
                2.250704156381289e-08,
                2.2507053998310766e-08,
                -0.7071066498756409,
                0.70710688829422
            ]
        },
        "non_kin": {
            "Temperature": {
                "temperature": 23.0
            }
        }
    },
    "bookcase.n.01_2": {
        "is_asleep": false,
        "root_link": {
            "pos": [
                -4.0533223152160645,
                -0.6310573816299438,
                0.5307912230491638
            ],
            "ori": [
                2.250704156381289e-08,
                2.2507053998310766e-08,
                -0.7071066498756409,
                0.70710688829422
            ]
        },
        "non_kin": {
            "Temperature": {
                "temperature": 23.0
            }
        }
    },
    "bookcase.n.01_3": {
        "is_asleep": false,
        "root_link": {
            "pos": [
                -5.575839519500732,
                -0.6310573816299438,
                0.5307912230491638
            ],
            "ori": [
                2.250704156381289e-08,
                2.2507053998310766e-08,
                -0.7071066498756409,
                0.70710688829422
            ]
        },
        "non_kin": {
            "Temperature": {
                "temperature": 23.0
            }
        }
    },
    "bookcase.n.01_4": {
        "is_asleep": false,
        "root_link": {
            "pos": [
                -3.291658401489258,
                -0.6310573220252991,
                0.5307912230491638
            ],
            "ori": [
                2.250704156381289e-08,
                2.2507053998310766e-08,
                -0.7071066498756409,
                0.70710688829422
            ]
        },
        "non_kin": {
            "Temperature": {
                "temperature": 23.0
            }
        }
    },
    "box.n.01_1": {
        "is_asleep": false,
        "root_link": {
            "pos": [
                1.1042511463165283,
                -0.408966064453125,
                0.03097016178071499
            ],
            "ori": [
                4.889443516731262e-08,
                -9.284121915698051e-09,
                0.8925556540489197,
                -0.4509374499320984
            ],
            "lin_vel": [
                8.899636441128678e-07,
                2.1118756521332216e-08,
                -2.871791139114066e-06
            ],
            "ang_vel": [
                -2.843877837221953e-06,
                4.201466799713671e-05,
                5.703770966647426e-07
            ]
        },
        "non_kin": {
            "Temperature": {
                "temperature": 23.0
            }
        }
    },
    "robot_poses": {
        "R1Pro": [
            {
                "position": [
                    0.3239097595214844,
                    0.10200119018554688,
                    0.003765106201171875
                ],