{
    "book.n.02_1": {
        "is_asleep": true,
        "root_link": {
            "pos": [
                -4.945413589477539,
                -0.7531757950782776,
                0.40077367424964905
            ],
            "ori": [
                -0.0034838011488318443,
                -0.018050463870167732,
                0.9817569255828857,
                -0.1892496794462204
            ],
            "lin_vel": [
                0.0,
                0.0,
                0.0
            ],
            "ang_vel": [
                0.0,
                0.0,
                0.0
            ]
        },
        "non_kin": {
            "Temperature": {
                "temperature": 23.0
            }
        }
    },
    "book.n.02_2": {
        "is_asleep": true,
        "root_link": {
            "pos": [
                -4.610512733459473,
                -0.6698172092437744,
                0.39769232273101807
            ],
            "ori": [
                0.013561412692070007,
                0.012418312020599842,
                -0.6752287149429321,
                0.737379252910614
            ],
            "lin_vel": [
                0.0,
                0.0,
                0.0
            ],
            "ang_vel": [
                0.0,
                0.0,
                0.0
            ]
        },
        "non_kin": {
            "Temperature": {
                "temperature": 23.0
            }
        }
    },
    "book.n.02_3": {
        "is_asleep": true,
        "root_link": {
            "pos": [
                -4.224523544311523,
                -0.6495190262794495,
                0.4050237238407135
            ],
            "ori": [
                0.012494373135268688,
                -0.013489954173564911,
                0.733534038066864,
                0.6794040203094482
            ],
            "lin_vel": [
                0.0,
                0.0,
                0.0
            ],
            "ang_vel": [
                0.0,
                0.0,
                0.0
            ]
        },
        "non_kin": {
            "Temperature": {
                "temperature": 23.0
            }
        }
    },
    "book.n.02_4": {
        "is_asleep": true,
        "root_link": {
            "pos": [
                -4.242727756500244,
                -0.6997093558311462,
                0.7316481471061707
            ],
            "ori": [
                0.00020416532061062753,
                -0.01958167739212513,
                0.9997484087944031,
                0.010945129208266735
            ],
            "lin_vel": [
                0.0,
                0.0,
                0.0
            ],
            "ang_vel": [
                0.0,
                0.0,
                0.0
            ]
        },
        "non_kin": {
            "Temperature": {
                "temperature": 23.0
            }
        }
    },
    "book.n.02_5": {
        "is_asleep": true,
        "root_link": {
            "pos": [
                -5.755705833435059,
                -0.6950823664665222,
                0.4028801918029785
            ],
            "ori": [
                -0.0005567114567384124,
                -0.01829460635781288,
                0.9991925358772278,
                -0.035767752677202225
            ],
            "lin_vel": [
                0.0,
                0.0,
                0.0
            ],
            "ang_vel": [
                0.0,
                0.0,
                0.0
            ]
        },
        "non_kin": {
            "Temperature": {
                "temperature": 23.0
            }
        }
    },
    "book.n.02_6": {
        "is_asleep": true,
        "root_link": {
            "pos": [
                -3.506120204925537,
                -0.7225895524024963,
                0.4020345211029053
            ],
            "ori": [
                0.017721902579069138,
                0.0017737463349476457,
                -0.18977999687194824,
                0.9816651940345764
            ],
            "lin_vel": [
                0.0,
                0.0,
                0.0
            ],
            "ang_vel": [
                0.0,
                0.0,
                0.0
            ]
        },
        "non_kin": {
            "Temperature": {
                "temperature": 23.0
            }
        }
    },
    "floor.n.01_1": {
        "is_asleep": false,
        "root_link": {
            "pos": [
                -1.9037261009216309,
                -2.049670696258545,
                -0.15000000596046448
            ],
            "ori": [
                0.0,
                0.0,
                0.0,
                1.0
            ]
        },
        "non_kin": {}
    },
    "bookcase.n.01_1": {
        "is_asleep": false,
        "root_link": {
            "pos": [
                -4.814175605773926,
                -0.6310573220252991,
                0.5307912230491638
            ],
            "ori": [
                2.250704156381289e-08,
                2.2507053998310766e-08,
                -0.7071066498756409,
                0.70710688829422
            ]
        },
        "non_kin": {
            "Temperature": {
                "temperature": 23.0
            }
        }
    },
    "bookcase.n.01_2": {
        "is_asleep": false,
        "root_link": {
            "pos": [
                -4.0533223152160645,
                -0.6310573816299438,
                0.5307912230491638
            ],
            "ori": [
                2.250704156381289e-08,
                2.2507053998310766e-08,
                -0.7071066498756409,
                0.70710688829422
            ]
        },
        "non_kin": {
            "Temperature": {
                "temperature": 23.0
            }
        }
    },
    "bookcase.n.01_3": {
        "is_asleep": false,
        "root_link": {
            "pos": [
                -5.575839519500732,
                -0.6310573816299438,
                0.5307912230491638
            ],
            "ori": [
                2.250704156381289e-08,
                2.2507053998310766e-08,
                -0.7071066498756409,
                0.70710688829422
            ]
        },
        "non_kin": {
            "Temperature": {
                "temperature": 23.0
            }
        }
    },
    "bookcase.n.01_4": {
        "is_asleep": false,
        "root_link": {
            "pos": [
                -3.291658401489258,
                -0.6310573220252991,
                0.5307912230491638
            ],
            "ori": [
                2.250704156381289e-08,
                2.2507053998310766e-08,
                -0.7071066498756409,
                0.70710688829422
            ]
        },
        "non_kin": {
            "Temperature": {
                "temperature": 23.0
            }
        }
    },
    "box.n.01_1": {
        "is_asleep": true,
        "root_link": {
            "pos": [
                -4.661291599273682,
                -1.297300100326538,
                0.030970150604844093
            ],
            "ori": [
                1.257285475730896e-08,
                -1.0011717677116394e-08,
                0.9940410852432251,
                0.10900700092315674
            ],
            "lin_vel": [
                0.0,
                0.0,
                0.0
            ],
            "ang_vel": [
                0.0,
                0.0,
                0.0
            ]
        },
        "non_kin": {
            "Temperature": {
                "temperature": 23.0
            }
        }
    },
    "robot_poses": {
        "R1Pro": [
            {
                "position": [
                    -2.2611961364746094,
                    -1.18914794921875,
                    0.003765106201171875
                ],