{
    "book.n.02_1": {
        "is_asleep": true,
        "root_link": {
            "pos": [
                -5.025139808654785,
                -0.684503972530365,
                0.40329989790916443
            ],
            "ori": [
                0.01700223609805107,
                -0.007008696906268597,
                0.3812181055545807,
                0.9243022799491882
            ],
            "lin_vel": [
                0.0,
                0.0,
                0.0
            ],
            "ang_vel": [
                0.0,
                0.0,
                0.0
            ]
        },
        "non_kin": {
            "Temperature": {
                "temperature": 23.0
            }
        }
    },
    "book.n.02_2": {
        "is_asleep": true,
        "root_link": {
            "pos": [
                -4.631345272064209,
                -0.6583709120750427,
                0.398113489151001
            ],
            "ori": [
                0.01838717982172966,
                9.292290633311495e-05,
                -0.005007661413401365,
                0.9998184442520142
            ],
            "lin_vel": [
                0.0,
                0.0,
                0.0
            ],
            "ang_vel": [
                0.0,
                0.0,
                0.0
            ]
        },
        "non_kin": {
            "Temperature": {
                "temperature": 23.0
            }
        }
    },
    "book.n.02_3": {
        "is_asleep": true,
        "root_link": {
            "pos": [
                -4.243727207183838,
                -0.6773126721382141,
                0.7363592386245728
            ],
            "ori": [
                0.01609715074300766,
                0.011266208253800869,
                -0.573283851146698,
                0.819121241569519
            ],
            "lin_vel": [
                0.0,
                0.0,
                0.0
            ],
            "ang_vel": [
                0.0,
                0.0,
                0.0
            ]
        },
        "non_kin": {
            "Temperature": {
                "temperature": 23.0
            }
        }
    },
    "book.n.02_4": {
        "is_asleep": true,
        "root_link": {
            "pos": [
                -4.233213901519775,
                -0.6762286424636841,
                0.4002096354961395
            ],
            "ori": [
                0.013708042912185192,
                0.012281395494937897,
                -0.6695144772529602,
                0.7425709366798401
            ],
            "lin_vel": [
                0.0,
                0.0,
                0.0
            ],
            "ang_vel": [
                0.0,
                0.0,
                0.0
            ]
        },
        "non_kin": {
            "Temperature": {
                "temperature": 23.0
            }
        }
    },
    "book.n.02_5": {
        "is_asleep": true,
        "root_link": {
            "pos": [
                -5.747551441192627,
                -0.6827419400215149,
                0.4033326506614685
            ],
            "ori": [
                -0.0005645068595185876,
                -0.01822514459490776,
                0.9990638494491577,
                -0.039229393005371094
            ],
            "lin_vel": [
                0.0,
                0.0,
                0.0
            ],
            "ang_vel": [
                0.0,
                0.0,
                0.0
            ]
        },
        "non_kin": {
            "Temperature": {
                "temperature": 23.0
            }
        }
    },
    "book.n.02_6": {
        "is_asleep": true,
        "root_link": {
            "pos": [
                -3.081663131713867,
                -0.6572662591934204,
                0.4044380187988281
            ],
            "ori": [
                0.009860253892838955,
                0.013480775989592075,
                -0.7911691069602966,
                0.6113695502281189
            ],
            "lin_vel": [
                0.0,
                0.0,
                0.0
            ],
            "ang_vel": [
                0.0,
                0.0,
                0.0
            ]
        },
        "non_kin": {
            "Temperature": {
                "temperature": 23.0
            }
        }
    },
    "floor.n.01_1": {
        "is_asleep": false,
        "root_link": {
            "pos": [
                -1.9037261009216309,
                -2.049670696258545,
                -0.15000000596046448
            ],
            "ori": [
                0.0,
                0.0,
                0.0,
                1.0
            ]
        },
        "non_kin": {}
    },
    "bookcase.n.01_1": {
        "is_asleep": false,
        "root_link": {
            "pos": [
                -4.814175605773926,
                -0.6310573220252991,
                0.5307912230491638
            ],
            "ori": [
                2.250704156381289e-08,
                2.2507053998310766e-08,
                -0.7071066498756409,
                0.70710688829422
            ]
        },
        "non_kin": {
            "Temperature": {
                "temperature": 23.0
            }
        }
    },
    "bookcase.n.01_2": {
        "is_asleep": false,
        "root_link": {
            "pos": [
                -4.0533223152160645,
                -0.6310573816299438,
                0.5307912230491638
            ],
            "ori": [
                2.250704156381289e-08,
                2.2507053998310766e-08,
                -0.7071066498756409,
                0.70710688829422
            ]
        },
        "non_kin": {
            "Temperature": {
                "temperature": 23.0
            }
        }
    },
    "bookcase.n.01_3": {
        "is_asleep": false,
        "root_link": {
            "pos": [
                -5.575839519500732,
                -0.6310573816299438,
                0.5307912230491638
            ],
            "ori": [
                2.250704156381289e-08,
                2.2507053998310766e-08,
                -0.7071066498756409,
                0.70710688829422
            ]
        },
        "non_kin": {
            "Temperature": {
                "temperature": 23.0
            }
        }
    },
    "bookcase.n.01_4": {
        "is_asleep": false,
        "root_link": {
            "pos": [
                -3.291658401489258,
                -0.6310573220252991,
                0.5307912230491638
            ],
            "ori": [
                2.250704156381289e-08,
                2.2507053998310766e-08,
                -0.7071066498756409,
                0.70710688829422
            ]
        },
        "non_kin": {
            "Temperature": {
                "temperature": 23.0
            }
        }
    },
    "box.n.01_1": {
        "is_asleep": true,
        "root_link": {
            "pos": [
                1.6595380306243896,
                0.14069873094558716,
                0.030970213934779167
            ],
            "ori": [
                1.5797559171915054e-07,
                2.3748725652694702e-08,
                0.28929251432418823,
                0.9572407603263855
            ],
            "lin_vel": [
                0.0,
                0.0,
                0.0
            ],
            "ang_vel": [
                0.0,
                0.0,
                0.0
            ]
        },
        "non_kin": {
            "Temperature": {
                "temperature": 23.0
            }
        }
    },
    "robot_poses": {
        "R1Pro": [
            {
                "position": [
                    0.3240242004394531,
                    0.25664520263671875,
                    0.003765106201171875
                ],