{
    "agent.n.01_1": {
        "is_asleep": false,
        "root_link": {
            "pos": [
                -50.0,
                -50.0,
                -50.0
            ],
            "ori": [
                0.0,
                0.0,
                0.0,
                1.0
            ],
            "lin_vel": [
                0.0,
                0.0,
                0.0
            ],
            "ang_vel": [
                0.0,
                0.0,
                0.0
            ]
        },
        "joint_pos": [
            49.84507369995117,
            50.400596618652344,
            50.00376510620117,
            0.009715528227388859,
            -0.0027907544281333685,
            -0.7619006037712097,
            -6.883762398501858e-05,
            -0.00025815307162702084,
            0.00011194215039722621,
            4.671363967645448e-06,
            -9.526807843940333e-06,
            3.7923218769719824e-05,
            1.9059964418411255,
            1.9059977531433105,
            -0.9909913539886475,
            -0.9909960627555847,
            1.5709995031356812,
            1.5710017681121826,
            0.9150043725967407,
            0.9150034785270691,
            -1.5709975957870483,
            -1.5710006952285767,
            0.049999967217445374,
            0.049999967217445374,
            0.049999915063381195,
            0.049999963492155075
        ],
        "joint_vel": [
            0.0006246673874557018,
            -4.8705071094445884e-05,
            -0.0006375532830134034,
            9.839865379035473e-05,
            0.00019379601872060448,
            0.0003030886291526258,
            -0.000226755699259229,
            -9.639709605835378e-05,
            0.00023059011436998844,
            0.0012718577636405826,
            0.00029585580341517925,
            0.0006632222211919725,
            -0.001810185145586729,
            0.0008764427620917559,
            0.0005467749433591962,
            0.0005966946482658386,
            0.0005798096535727382,
            0.000978396157734096,
            -0.0008350061834789813,
            0.001069308491423726,
            -0.0006380766863003373,
            -0.000831189623568207,
            4.2131174268433824e-05,
            -9.900852091959678e-06,
            -1.26632130559301e-07,
            1.0273241969116498e-05
        ],
        "controllers": {
            "base": {
                "goal_is_valid": true,
                "goal": {
                    "target": [
                        0.0,
                        0.0,
                        0.0
                    ]
                }
            },
            "trunk": {
                "goal_is_valid": true,
                "goal": {
                    "target": [
                        -7.043639925541356e-05,
                        -0.0002607456990517676,
                        0.00011166421609232202,
                        3.356336037541041e-06
                    ]
                }
            },
            "arm_left": {
                "goal_is_valid": true,
                "goal": {
                    "target_pos": [
                        0.5446211695671082,
                        0.39684826135635376,
                        1.446784496307373
                    ],
                    "target_ori_mat": [
                        [
                            -0.006778120994567871,
                            4.6510249376297e-05,
                            0.9999769330024719
                        ],
                        [
                            0.003117736428976059,
                            -0.9999948740005493,
                            6.764440331608057e-05
                        ],
                        [
                            0.9999720454216003,
                            0.0031181233935058117,
                            0.006778240203857422
                        ]
                    ]
                },
                "control_filter": {
                    "past_samples": [
                        [
                            -1.0541355550230946e-05,
                            1.905993103981018,
                            -0.9909889101982117,
                            1.5709995031356812,
                            0.9150060415267944,
                            -1.5709984302520752
                        ],
                        [
                            -1.0708438821893651e-05,
                            1.905992865562439,
                            -0.9909876585006714,
                            1.5709996223449707,
                            0.9150066375732422,
                            -1.5709984302520752
                        ]
                    ],
                    "current_idx": 0,
                    "fully_filled": true
                }
            },
            "gripper_left": {
                "goal_is_valid": true,
                "goal": {
                    "target": [
                        1.0
                    ]
                },
                "vel_filter": {
                    "past_samples": [
                        [
                            -3.1292436233343324e-06,
                            -2.6822087875189027e-06
                        ],
                        [
                            4.4703480739372026e-07,
                            3.576278459149762e-06
                        ],
                        [
                            -8.940696147874405e-07,
                            -2.235173951703473e-06
                        ],
                        [
                            2.235173951703473e-06,
                            2.235173951703473e-06
                        ],
                        [
                            -3.1292436233343324e-06,
                            -1.3411043937594513e-06
                        ]
                    ],
                    "current_idx": 0,
                    "fully_filled": true
                }
            },
            "arm_right": {
                "goal_is_valid": true,
                "goal": {
                    "target_pos": [
                        0.544624924659729,
                        -0.39683735370635986,
                        1.4439868927001953
                    ],
                    "target_ori_mat": [
                        [
                            0.005850017070770264,
                            -4.259170964360237e-06,
                            0.9999828338623047
                        ],
                        [
                            -0.004663282074034214,
                            -0.9999890327453613,
                            2.3021595552563667e-05
                        ],
                        [
                            0.9999719858169556,
                            -0.004663337022066116,
                            -0.0058498382568359375
                        ]
                    ]
                },
                "control_filter": {
                    "past_samples": [
                        [
                            3.915283377864398e-05,
                            1.9059969186782837,
                            -0.9909927845001221,
                            1.5710015296936035,
                            0.9150040745735168,
                            -1.5710009336471558
                        ],
                        [
                            3.90239292755723e-05,
                            1.9059962034225464,
                            -0.9909910559654236,
                            1.5710009336471558,
                            0.9150048494338989,
                            -1.5710009336471558
                        ]
                    ],
                    "current_idx": 0,
                    "fully_filled": true
                }
            },