{
    "agent.n.01_1": {
        "is_asleep": false,
        "root_link": {
            "pos": [
                -50.0,
                -50.0,
                -50.0
            ],
            "ori": [
                0.0,
                0.0,
                0.0,
                1.0
            ],
            "lin_vel": [
                0.0,
                0.0,
                0.0
            ],
            "ang_vel": [
                0.0,
                0.0,
                0.0
            ]
        },
        "joint_pos": [
            48.104209899902344,
            48.91903305053711,
            50.00376510620117,
            0.010017394088208675,
            -0.0013536231126636267,
            -0.6165062189102173,
            -7.067734986776486e-05,
            -0.00026037910720333457,
            0.00011130202619824558,
            4.493630058277631e-06,
            -6.22959305474069e-06,
            3.545471918187104e-05,
            1.9060009717941284,
            1.9060022830963135,
            -0.9910009503364563,
            -0.9910030364990234,
            1.5710010528564453,
            1.5710017681121826,
            0.9150002598762512,
            0.9150004982948303,
            -1.5709989070892334,
            -1.5710009336471558,
            0.04999997094273567,
            0.04999997094273567,
            0.04999990016222,
            0.049999941140413284
        ],
        "joint_vel": [
            1.0830481187440455e-05,
            0.0003353593056090176,
            -0.0009525205823592842,
            -1.897048787213862e-05,
            -0.0001463078078813851,
            7.52527776057832e-05,
            0.0004646152665372938,
            -0.0006066039204597473,
            -5.280682671582326e-06,
            0.0005952852661721408,
            0.0005147394258528948,
            0.00011900957906618714,
            -0.0008250931277871132,
            0.0006253314786590636,
            3.76447569578886e-05,
            0.00014215591363608837,
            0.0008223772165365517,
            0.00018551648827269673,
            -0.0004816679866053164,
            0.0005286955274641514,
            -0.0006778085371479392,
            -0.0002797415654640645,
            1.254475864698179e-05,
            -1.0260009730700403e-08,
            9.566197149979416e-07,
            6.282832146098372e-06
        ],
        "controllers": {
            "base": {
                "goal_is_valid": true,
                "goal": {
                    "target": [
                        0.0,
                        0.0,
                        0.0
                    ]
                }
            },
            "trunk": {
                "goal_is_valid": true,
                "goal": {
                    "target": [
                        -7.04264675732702e-05,
                        -0.0002607247151900083,
                        0.00011166191688971594,
                        3.3444994187448174e-06
                    ]
                }
            },
            "arm_left": {
                "goal_is_valid": true,
                "goal": {
                    "target_pos": [
                        0.5446212291717529,
                        0.39684855937957764,
                        1.446784496307373
                    ],
                    "target_ori_mat": [
                        [
                            -0.0067784786224365234,
                            4.6644359827041626e-05,
                            0.9999771118164062
                        ],
                        [
                            0.003117874963209033,
                            -0.999995231628418,
                            6.778002716600895e-05
                        ],
                        [
                            0.9999722242355347,
                            0.0031182628590613604,
                            0.006778240203857422
                        ]
                    ]
                },
                "control_filter": {
                    "past_samples": [
                        [
                            -5.895296453672927e-06,
                            1.9060008525848389,
                            -0.9910010099411011,
                            1.5710011720657349,
                            0.9150012731552124,
                            -1.5709997415542603
                        ],
                        [
                            -5.932182375545381e-06,
                            1.9060016870498657,
                            -0.9910021424293518,
                            1.571001648902893,
                            0.9150009751319885,
                            -1.571000099182129
                        ]
                    ],
                    "current_idx": 1,
                    "fully_filled": true
                }
            },
            "gripper_left": {
                "goal_is_valid": true,
                "goal": {
                    "target": [
                        1.0
                    ]
                },
                "vel_filter": {
                    "past_samples": [
                        [
                            -4.4703480739372026e-07,
                            8.940696147874405e-07
                        ],
                        [
                            -1.3411043937594513e-06,
                            1.788139229574881e-06
                        ],
                        [
                            1.3411043937594513e-06,
                            -2.235173951703473e-06
                        ],
                        [
                            0.0,
                            -1.072883515007561e-05
                        ],
                        [
                            8.940696147874405e-07,
                            8.940695806813892e-06
                        ]
                    ],
                    "current_idx": 1,
                    "fully_filled": true
                }
            },
            "arm_right": {
                "goal_is_valid": true,
                "goal": {
                    "target_pos": [
                        0.5446247458457947,
                        -0.3968372344970703,
                        1.4439870119094849
                    ],
                    "target_ori_mat": [
                        [
                            0.0058501362800598145,
                            -3.5080593079328537e-06,
                            0.9999827742576599
                        ],
                        [
                            -0.004663253203034401,
                            -0.9999889135360718,
                            2.3772474378347397e-05
                        ],
                        [
                            0.9999719262123108,
                            -0.004663312342017889,
                            -0.0058498382568359375
                        ]
                    ]
                },
                "control_filter": {
                    "past_samples": [
                        [
                            3.482840475044213e-05,
                            1.9060028791427612,
                            -0.9910029768943787,
                            1.5710006952285767,
                            0.91499924659729,
                            -1.5710006952285767
                        ],
                        [
                            3.54498770320788e-05,
                            1.9060026407241821,
                            -0.991002082824707,
                            1.5710012912750244,
                            0.9150001406669617,
                            -1.5710008144378662
                        ]
                    ],
                    "current_idx": 1,
                    "fully_filled": true
                }
            },
            "gripper_right": {
                "goal_is_valid": true,