{
    "head_cabbage.n.02_1": {
        "is_asleep": true,
        "root_link": {
            "pos": [
                7.716354846954346,
                -1.7504876852035522,
                0.5398074984550476
            ],
            "ori": [
                -0.041618406772613525,
                0.046459540724754333,
                -0.33611881732940674,
                0.939751923084259
            ],
            "lin_vel": [
                0.0,
                0.0,
                0.0
            ],
            "ang_vel": [
                0.0,
                0.0,
                0.0
            ]
        },
        "non_kin": {
            "Temperature": {
                "temperature": -3.5566351413726807
            },
            "MaxTemperature": {
                "max_temperature": 23.0
            }
        }
    },
    "electric_refrigerator.n.01_1": {
        "is_asleep": true,
        "root_link": {
            "pos": [
                7.81859016418457,
                -1.9658963680267334,
                0.9844351410865784
            ],
            "ori": [
                0.0006650146096944809,
                0.007770732045173645,
                0.6905918121337891,
                0.7232030630111694
            ],
            "lin_vel": [
                0.0,
                0.0,
                0.0
            ],
            "ang_vel": [
                0.0,
                0.0,
                0.0
            ]
        },
        "joint_pos": [
            -1.69409719650932e-21
        ],
        "joint_vel": [
            -1.510100764718094e-20
        ],
        "non_kin": {
            "Temperature": {
                "temperature": 23.0
            }
        }
    },
    "chili.n.02_1": {
        "is_asleep": true,
        "root_link": {
            "pos": [
                7.812649726867676,
                -1.875614881515503,
                0.9023293852806091
            ],
            "ori": [
                0.013925859704613686,
                -0.016578519716858864,
                0.9242196679115295,
                0.3812474310398102
            ],
            "lin_vel": [
                0.0,
                0.0,
                0.0
            ],
            "ang_vel": [
                0.0,
                0.0,
                0.0
            ]
        },
        "non_kin": {
            "Temperature": {
                "temperature": -3.5566351413726807
            },
            "MaxTemperature": {
                "max_temperature": 23.0
            }
        }
    },
    "chopping_board.n.01_1": {
        "is_asleep": true,
        "root_link": {
            "pos": [
                4.246057033538818,
                0.1461152285337448,
                0.89736008644104
            ],
            "ori": [
                -1.4096092399995541e-06,
                3.542986348747945e-08,
                0.9812538623809814,
                0.19271980226039886
            ],
            "lin_vel": [
                0.0,
                0.0,
                0.0
            ],
            "ang_vel": [
                0.0,
                0.0,
                0.0
            ]
        },
        "non_kin": {}
    },
    "carving_knife.n.01_1": {
        "is_asleep": true,
        "root_link": {
            "pos": [
                3.966848611831665,
                0.05367293208837509,
                0.8945780992507935
            ],
            "ori": [
                0.0003775232471525669,
                0.00036549658398143947,
                0.7372438311576843,
                0.6756265759468079
            ],
            "lin_vel": [
                0.0,
                0.0,
                0.0
            ],
            "ang_vel": [
                0.0,
                0.0,
                0.0
            ]
        },
        "non_kin": {
            "SlicerActive": {
                "value": true,
                "previously_touching": false,
                "delay_counter": 0
            }
        }
    },
    "frying_pan.n.01_1": {
        "is_asleep": false,
        "root_link": {
            "pos": [
                4.285421848297119,
                -1.8719065189361572,
                0.9156033992767334
            ],
            "ori": [
                0.0009788256138563156,
                0.001091656507924199,
                -0.6450307965278625,
                0.7641554474830627
            ],
            "lin_vel": [
                -6.487280188594013e-05,
                0.00045567285269498825,
                -1.4334740626509301e-05
            ],
            "ang_vel": [
                -0.013996003195643425,
                -0.001985190436244011,
                -5.6044395932985935e-06
            ]
        },
        "non_kin": {
            "Temperature": {
                "temperature": 23.0
            }
        }
    },
    "plate.n.04_1": {
        "is_asleep": true,
        "root_link": {
            "pos": [
                4.242925643920898,
                -1.2154433727264404,
                0.9033136367797852
            ],
            "ori": [
                -9.899551514536142e-06,
                4.776797140948474e-06,
                -0.15351103246212006,
                0.988146960735321
            ],
            "lin_vel": [
                0.0,
                0.0,
                0.0
            ],
            "ang_vel": [
                0.0,
                0.0,
                0.0
            ]
        },
        "non_kin": {
            "Temperature": {
                "temperature": 23.0
            }
        }
    },
    "stove.n.01_1": {
        "is_asleep": true,
        "root_link": {
            "pos": [
                4.168538570404053,
                -0.5106415152549744,
                0.8938387632369995
            ],
            "ori": [
                -2.4188775569200516e-06,
                -3.0358755509496405e-09,
                0.0012448816560208797,
                1.0000004768371582
            ],
            "lin_vel": [
                0.0,
                0.0,
                0.0
            ],
            "ang_vel": [
                0.0,
                0.0,
                0.0
            ]
        },
        "non_kin": {
            "ToggledOn": {
                "value": false,
                "hand_in_marker_steps": 0
            }
        }
    },
    "countertop.n.01_1": {
        "is_asleep": false,
        "root_link": {
            "pos": [
                4.1812896728515625,
                -0.4952351450920105,
                0.8694858551025391
            ],
            "ori": [
                8.736824241850627e-08,
                3.0509781367982214e-09,
                0.03489910811185837,
                0.9993908405303955
            ]
        },
        "non_kin": {}
    },
    "floor.n.01_1": {
        "is_asleep": false,
        "root_link": {
            "pos": [
                6.593125820159912,
                -0.258637011051178,
                -0.13868464529514313
            ],
            "ori": [
                0.0,
                0.0,
                0.0,
                1.0
            ]
        },
        "non_kin": {}
    },
    "robot_poses": {
        "R1Pro": [
            {
                "position": [
                    5.324527740478516,
                    1.4009361267089844,
                    0.003780364990234375
                ],
                "orientation": [
                    0.0,
                    0.0,
                    -0.9538282155990601,
                    0.30035266280174255
                ]
            }
        ],
        "Fetch": [
            {
                "position": [
                    5.107771873474121,
                    0.06867191195487976,
                    0.001308739185333252
                ],