{
    "agent.n.01_1": {
        "is_asleep": false,
        "root_link": {
            "pos": [
                -50.0,
                -50.0,
                -50.0
            ],
            "ori": [
                0.0,
                0.0,
                0.0,
                1.0
            ],
            "lin_vel": [
                0.0,
                0.0,
                0.0
            ],
            "ang_vel": [
                0.0,
                0.0,
                0.0
            ]
        },
        "joint_pos": [
            58.40599060058594,
            49.05144119262695,
            50.003780364990234,
            0.0047535658814013,
            -0.008920980617403984,
            -1.5634099245071411,
            -7.045533857308328e-05,
            -0.00025912857381626964,
            0.00011043594713555649,
            3.4234039958391804e-06,
            -1.5633250995961134e-06,
            2.9273847758304328e-05,
            1.906015157699585,
            1.9060108661651611,
            -0.9910154342651367,
            -0.991019070148468,
            1.5710006952285767,
            1.5709999799728394,
            0.91499924659729,
            0.9149928689002991,
            -1.5709996223449707,
            -1.571000099182129,
            0.05000000074505806,
            0.04999948665499687,
            0.04999968409538269,
            0.049999505281448364
        ],
        "joint_vel": [
            0.00010714890959206969,
            -9.397910616826266e-05,
            -0.0005411333404481411,
            -0.0001291824009967968,
            -7.691058272030205e-05,
            1.046249053615611e-05,
            0.0008958430262282491,
            -0.0001462279469706118,
            0.00032691791420802474,
            0.0005754856392741203,
            0.0002501625567674637,
            0.0005878476658836007,
            -0.0013607479631900787,
            0.0009639012278057635,
            3.2491981983184814e-05,
            0.0007080303621478379,
            0.0004775908309966326,
            0.0005419235676527023,
            -0.000762266805395484,
            0.0012827729806303978,
            -0.0004278245905879885,
            -0.00021300226217135787,
            5.191167292650789e-05,
            8.954966688179411e-06,
            -1.3985591067466885e-06,
            5.661558316205628e-05
        ],
        "controllers": {
            "base": {
                "goal_is_valid": true,
                "goal": {
                    "target": [
                        0.0,
                        0.0,
                        0.0
                    ]
                }
            },
            "trunk": {
                "goal_is_valid": true,
                "goal": {
                    "target": [
                        -7.034224108792841e-05,
                        -0.00026054889895021915,
                        0.00011164500756422058,
                        3.322537622807431e-06
                    ]
                }
            },
            "arm_left": {
                "goal_is_valid": true,
                "goal": {
                    "target_pos": [
                        0.544621467590332,
                        0.3968467712402344,
                        1.4467843770980835
                    ],
                    "target_ori_mat": [
                        [
                            -0.006778359413146973,
                            4.6704779379069805e-05,
                            0.9999769926071167
                        ],
                        [
                            0.0031176921911537647,
                            -0.9999951124191284,
                            6.783893331885338e-05
                        ],
                        [
                            0.9999721050262451,
                            0.0031180803198367357,
                            0.006778240203857422
                        ]
                    ]
                },
                "control_filter": {
                    "past_samples": [
                        [
                            -6.657209269178566e-06,
                            1.906004786491394,
                            -0.9910010695457458,
                            1.571001410484314,
                            0.9150038957595825,
                            -1.5709993839263916
                        ],
                        [
                            1.288453177039628e-06,
                            1.9060192108154297,
                            -0.9910241961479187,
                            1.5710011720657349,
                            0.9149952530860901,
                            -1.5709996223449707
                        ]
                    ],
                    "current_idx": 1,
                    "fully_filled": true
                }
            },
            "gripper_left": {
                "goal_is_valid": true,
                "goal": {
                    "target": [
                        1.0
                    ]
                },
                "vel_filter": {
                    "past_samples": [
                        [
                            -4.2021270928671584e-05,
                            3.710388773470186e-05
                        ],
                        [
                            3.8444992242148146e-05,
                            -3.3527612686157227e-05
                        ],
                        [
                            -4.1574236092856154e-05,
                            3.755092257051729e-05
                        ],
                        [
                            4.515051477937959e-05,
                            -4.1127201257040724e-05
                        ],
                        [
                            -5.2303072152426466e-05,
                            4.291534060030244e-05
                        ]
                    ],
                    "current_idx": 0,
                    "fully_filled": true
                }
            },
            "arm_right": {
                "goal_is_valid": true,
                "goal": {
                    "target_pos": [
                        0.5446251630783081,
                        -0.3968381881713867,
                        1.4439865350723267
                    ],
                    "target_ori_mat": [
                        [
                            0.005850315093994141,
                            -3.7688296288251877e-06,
                            0.9999828338623047
                        ],
                        [
                            -0.0046633342280983925,
                            -0.9999890327453613,
                            2.3513799533247948e-05
                        ],
                        [
                            0.9999719858169556,
                            -0.004663391970098019,
                            -0.00585019588470459
                        ]
                    ]
                },
                "control_filter": {
                    "past_samples": [
                        [
                            3.436324914218858e-05,
                            1.906001329421997,
                            -0.9910046458244324,
                            1.570999264717102,
                            0.9149975180625916,
                            -1.5709997415542603
                        ],
                        [
                            2.7234385925112292e-05,
                            1.90601646900177,
                            -0.9910265803337097,
                            1.571000099182129,
                            0.9149904251098633,
                            -1.571000099182129
                        ]
                    ],
                    "current_idx": 1,
                    "fully_filled": true
                }
            },
            "gripper_right": {
                "goal_is_valid": true,