{
    "bell_pepper.n.02_1": {
        "is_asleep": true,
        "root_link": {
            "pos": [
                7.734538555145264,
                -1.881856918334961,
                0.9195315837860107
            ],
            "ori": [
                0.001633424311876297,
                -0.009768893010914326,
                -0.20738257467746735,
                0.9782099723815918
            ],
            "lin_vel": [
                0.0,
                0.0,
                0.0
            ],
            "ang_vel": [
                0.0,
                0.0,
                0.0
            ]
        },
        "non_kin": {
            "Temperature": {
                "temperature": -1.5287609100341797
            },
            "MaxTemperature": {
                "max_temperature": 23.0
            }
        }
    },
    "bell_pepper.n.02_2": {
        "is_asleep": true,
        "root_link": {
            "pos": [
                7.887940406799316,
                -1.8881679773330688,
                0.9193481206893921
            ],
            "ori": [
                0.014968052506446838,
                -0.03748098760843277,
                0.6171040534973145,
                0.7858460545539856
            ],
            "lin_vel": [
                0.0,
                0.0,
                0.0
            ],
            "ang_vel": [
                0.0,
                0.0,
                0.0
            ]
        },
        "non_kin": {
            "Temperature": {
                "temperature": -1.5287609100341797
            },
            "MaxTemperature": {
                "max_temperature": 23.0
            }
        }
    },
    "electric_refrigerator.n.01_1": {
        "is_asleep": true,
        "root_link": {
            "pos": [
                7.81859016418457,
                -1.9658963680267334,
                0.9844350218772888
            ],
            "ori": [
                0.0006650188006460667,
                0.007770733907818794,
                0.6905918121337891,
                0.7232030630111694
            ],
            "lin_vel": [
                0.0,
                0.0,
                0.0
            ],
            "ang_vel": [
                0.0,
                0.0,
                0.0
            ]
        },
        "joint_pos": [
            -2.76092229149726e-21
        ],
        "joint_vel": [
            -1.9895346477538288e-20
        ],
        "non_kin": {
            "Temperature": {
                "temperature": 23.0
            }
        }
    },
    "beet.n.02_1": {
        "is_asleep": true,
        "root_link": {
            "pos": [
                7.688732147216797,
                -1.8009915351867676,
                1.3163180351257324
            ],
            "ori": [
                0.021049372851848602,
                0.004822863265872002,
                -0.23675015568733215,
                0.9713305830955505
            ],
            "lin_vel": [
                0.0,
                0.0,
                0.0
            ],
            "ang_vel": [
                0.0,
                0.0,
                0.0
            ]
        },
        "non_kin": {
            "Temperature": {
                "temperature": -1.5287609100341797
            },
            "MaxTemperature": {
                "max_temperature": 23.0
            }
        }
    },
    "beet.n.02_2": {
        "is_asleep": true,
        "root_link": {
            "pos": [
                7.700381278991699,
                -1.769124984741211,
                0.5047237277030945
            ],
            "ori": [
                -7.602851837873459e-06,
                -0.0003633345477283001,
                -0.07307509332895279,
                0.9973265528678894
            ],
            "lin_vel": [
                0.0,
                0.0,
                0.0
            ],
            "ang_vel": [
                0.0,
                0.0,
                0.0
            ]
        },
        "non_kin": {
            "Temperature": {
                "temperature": -1.5287609100341797
            },
            "MaxTemperature": {
                "max_temperature": 23.0
            }
        }
    },
    "chopping_board.n.01_1": {
        "is_asleep": true,
        "root_link": {
            "pos": [
                4.967668056488037,
                -1.7545424699783325,
                0.897355318069458
            ],
            "ori": [
                -6.941536867088871e-06,
                -6.848128123237984e-06,
                0.8076110482215881,
                0.5897156000137329
            ],
            "lin_vel": [
                0.0,
                0.0,
                0.0
            ],
            "ang_vel": [
                0.0,
                0.0,
                0.0
            ]
        },
        "non_kin": {}
    },
    "chopping_board.n.01_2": {
        "is_asleep": true,
        "root_link": {
            "pos": [
                7.0125508308410645,
                -1.7334152460098267,
                0.8973585963249207
            ],
            "ori": [
                -1.1431160373831517e-06,
                -1.7918921457749093e-06,
                0.9273622632026672,
                0.3741646707057953
            ],
            "lin_vel": [
                0.0,
                0.0,
                0.0
            ],
            "ang_vel": [
                0.0,
                0.0,
                0.0
            ]
        },
        "non_kin": {}
    },
    "zucchini.n.02_1": {
        "is_asleep": true,
        "root_link": {
            "pos": [
                7.918956756591797,
                -1.8686089515686035,
                1.3136615753173828
            ],
            "ori": [
                0.011202462948858738,
                0.021731462329626083,
                -0.7307509183883667,
                0.6822064518928528
            ],
            "lin_vel": [
                0.0,
                0.0,
                0.0
            ],
            "ang_vel": [
                0.0,
                0.0,
                0.0
            ]
        },
        "non_kin": {
            "Temperature": {
                "temperature": -1.5287609100341797
            },
            "MaxTemperature": {
                "max_temperature": 23.0
            }
        }
    },
    "parer.n.02_1": {
        "is_asleep": false,
        "root_link": {
            "pos": [
                7.433160781860352,
                -1.8563052415847778,
                0.894385814666748
            ],
            "ori": [
                -8.450791938230395e-05,
                -2.159328869311139e-05,
                0.27864697575569153,
                0.9603936076164246
            ],
            "lin_vel": [
                3.411714715184644e-06,
                -9.173672879114747e-06,
                -7.308196654776111e-05
            ],
            "ang_vel": [
                0.002248521661385894,
                0.0006806595483794808,
                -7.48062229831703e-05
            ]
        },
        "non_kin": {
            "SlicerActive": {
                "value": true,
                "previously_touching": false,
                "delay_counter": 0
            }
        }
    },
    "countertop.n.01_1": {
        "is_asleep": false,
        "root_link": {
            "pos": [
                6.0294647216796875,
                -1.9837117195129395,
                0.8694865107536316
            ],
            "ori": [
                7.628954412641775e-11,
                6.869142060716982e-11,
                0.6691306829452515,
                0.7431447505950928
            ]
        },
        "non_kin": {}
    },
    "floor.n.01_1": {
        "is_asleep": false,
        "root_link": {
            "pos": [
                6.593125820159912,
                -0.258637011051178,
                -0.13868464529514313
            ],