{
    "agent.n.01_1": {
        "is_asleep": false,
        "root_link": {
            "pos": [
                -50.0,
                -50.0,
                -50.0
            ],
            "ori": [
                0.0,
                0.0,
                0.0,
                1.0
            ],
            "lin_vel": [
                0.0,
                0.0,
                0.0
            ],
            "ang_vel": [
                0.0,
                0.0,
                0.0
            ]
        },
        "joint_pos": [
            56.264373779296875,
            49.007625579833984,
            50.003780364990234,
            -0.005592066794633865,
            0.008420435711741447,
            1.6748162508010864,
            -7.047806866466999e-05,
            -0.0002590368967503309,
            0.00011055047798436135,
            4.068947873747675e-06,
            -8.769156920607202e-06,
            3.682012902572751e-05,
            1.9059944152832031,
            1.9059991836547852,
            -0.9909971356391907,
            -0.9909983277320862,
            1.5709996223449707,
            1.571000337600708,
            0.9149974584579468,
            0.9150025248527527,
            -1.5709989070892334,
            -1.5710002183914185,
            0.049999650567770004,
            0.0499996542930603,
            0.049999888986349106,
            0.04999997094273567
        ],
        "joint_vel": [
            -0.00016876740846782923,
            0.00014540871779900044,
            -0.0007873934227973223,
            4.4130312744528055e-05,
            -4.934566095471382e-05,
            6.0040365497116e-05,
            0.0007612089393660426,
            -0.0006439014105126262,
            0.0005487523158080876,
            0.0010773120447993279,
            0.00027509918436408043,
            0.0009006016189232469,
            -0.0021042567677795887,
            0.0013890375848859549,
            0.00023298989981412888,
            0.0009327697334811091,
            0.0007129920413717628,
            0.0011132090585306287,
            -0.0011365648824721575,
            0.001489611342549324,
            -0.0007476816535927355,
            -0.0009608273394405842,
            2.136453076673206e-06,
            5.548391982301837e-06,
            -3.650475264294073e-07,
            3.3015119697665796e-05
        ],
        "controllers": {
            "base": {
                "goal_is_valid": true,
                "goal": {
                    "target": [
                        0.0,
                        0.0,
                        0.0
                    ]
                }
            },
            "trunk": {
                "goal_is_valid": true,
                "goal": {
                    "target": [
                        -7.03460827935487e-05,
                        -0.0002605571353342384,
                        0.00011164598254254088,
                        3.3332264592900174e-06
                    ]
                }
            },
            "arm_left": {
                "goal_is_valid": true,
                "goal": {
                    "target_pos": [
                        0.544621467590332,
                        0.3968501091003418,
                        1.4467841386795044
                    ],
                    "target_ori_mat": [
                        [
                            -0.006777405738830566,
                            4.629220347851515e-05,
                            0.9999769330024719
                        ],
                        [
                            0.0031180051155388355,
                            -0.9999948740005493,
                            6.742612458765507e-05
                        ],
                        [
                            0.9999720454216003,
                            0.0031183904502540827,
                            0.006777524948120117
                        ]
                    ]
                },
                "control_filter": {
                    "past_samples": [
                        [
                            -8.74409124662634e-06,
                            1.9059927463531494,
                            -0.9909970760345459,
                            1.5710009336471558,
                            0.9149970412254333,
                            -1.5709996223449707
                        ],
                        [
                            -1.1877844372065738e-05,
                            1.9059901237487793,
                            -0.9909878373146057,
                            1.5709998607635498,
                            0.91500324010849,
                            -1.5709989070892334
                        ]
                    ],
                    "current_idx": 0,
                    "fully_filled": true
                }
            },
            "gripper_left": {
                "goal_is_valid": true,
                "goal": {
                    "target": [
                        1.0
                    ]
                },
                "vel_filter": {
                    "past_samples": [
                        [
                            4.246830576448701e-05,
                            2.324580964341294e-05
                        ],
                        [
                            -4.38094102719333e-05,
                            -2.503394898667466e-05
                        ],
                        [
                            4.246830576448701e-05,
                            2.369284447922837e-05
                        ],
                        [
                            -3.8444992242148146e-05,
                            -1.4305113836599048e-05
                        ],
                        [
                            3.9786096749594435e-05,
                            1.6987323760986328e-05
                        ]
                    ],
                    "current_idx": 0,
                    "fully_filled": true
                }
            },
            "arm_right": {
                "goal_is_valid": true,
                "goal": {
                    "target_pos": [
                        0.5446252822875977,
                        -0.3968367576599121,
                        1.4439865350723267
                    ],
                    "target_ori_mat": [
                        [
                            0.005850493907928467,
                            -3.564637154340744e-06,
                            0.9999827742576599
                        ],
                        [
                            -0.004663369152694941,
                            -0.9999889135360718,
                            2.3718224838376045e-05
                        ],
                        [
                            0.9999719262123108,
                            -0.004663428291678429,
                            -0.00585019588470459
                        ]
                    ]
                },
                "control_filter": {
                    "past_samples": [
                        [
                            3.7950612750137225e-05,
                            1.9059993028640747,
                            -0.9909964203834534,
                            1.5710004568099976,
                            0.9150024652481079,
                            -1.5710004568099976
                        ],
                        [
                            3.973192360717803e-05,
                            1.9059947729110718,
                            -0.9909890294075012,
                            1.5709995031356812,
                            0.9150055646896362,
                            -1.5709995031356812
                        ]
                    ],
                    "current_idx": 0,
                    "fully_filled": true
                }
            },
            "gripper_right": {
                "goal_is_valid": true,