{
    "agent.n.01_1": {
        "is_asleep": false,
        "root_link": {
            "pos": [
                -50.0,
                -50.0,
                -50.0
            ],
            "ori": [
                0.0,
                0.0,
                0.0,
                1.0
            ],
            "lin_vel": [
                0.0,
                0.0,
                0.0
            ],
            "ang_vel": [
                0.0,
                0.0,
                0.0
            ]
        },
        "joint_pos": [
            55.059444427490234,
            51.43440628051758,
            50.003780364990234,
            0.009019971825182438,
            0.004564191214740276,
            -0.013690322637557983,
            -6.904902693349868e-05,
            -0.0002591507218312472,
            0.0001115813574870117,
            2.8030342491547344e-06,
            -9.064434379979502e-06,
            3.6547226045513526e-05,
            1.9059990644454956,
            1.9060009717941284,
            -0.9909945130348206,
            -0.991001307964325,
            1.5709999799728394,
            1.5709999799728394,
            0.9150058031082153,
            0.9150002598762512,
            -1.5709980726242065,
            -1.571000337600708,
            0.049999918788671494,
            0.04999997094273567,
            0.049999937415122986,
            0.04999994486570358
        ],
        "joint_vel": [
            -4.9186004616785794e-05,
            -3.316271977382712e-05,
            -0.0001686395553406328,
            -0.00010809285595314577,
            -0.0002091266360366717,
            -9.716929343994707e-05,
            0.00020097808737773448,
            0.00046552071580663323,
            -0.00031746411696076393,
            -0.0007058964110910892,
            -0.00037536892341449857,
            -0.00024076738918665797,
            0.0014918041415512562,
            -0.0009952017571777105,
            3.739946987479925e-05,
            -0.0001694341335678473,
            -0.0004541233938653022,
            -0.00020802480867132545,
            0.00036469072801992297,
            -0.000474848406156525,
            0.0003362392308190465,
            0.00023464678088203073,
            1.3246704838820733e-05,
            -2.171000960515812e-05,
            8.541105671611149e-06,
            8.559209163649939e-08
        ],
        "controllers": {
            "base": {
                "goal_is_valid": true,
                "goal": {
                    "target": [
                        0.0,
                        0.0,
                        0.0
                    ]
                }
            },
            "trunk": {
                "goal_is_valid": true,
                "goal": {
                    "target": [
                        -7.034216832835227e-05,
                        -0.0002605492190923542,
                        0.00011164504394400865,
                        3.319357119835331e-06
                    ]
                }
            },
            "arm_left": {
                "goal_is_valid": true,
                "goal": {
                    "target_pos": [
                        0.5446209907531738,
                        0.39684784412384033,
                        1.446784496307373
                    ],
                    "target_ori_mat": [
                        [
                            -0.006778120994567871,
                            4.658685065805912e-05,
                            0.9999769926071167
                        ],
                        [
                            0.00311764026992023,
                            -0.9999949932098389,
                            6.77201896905899e-05
                        ],
                        [
                            0.9999721050262451,
                            0.00311802770011127,
                            0.006778061389923096
                        ]
                    ]
                },
                "control_filter": {
                    "past_samples": [
                        [
                            -8.121314749587327e-06,
                            1.905999779701233,
                            -0.9909946322441101,
                            1.5710002183914185,
                            0.9150053858757019,
                            -1.570999026298523
                        ],
                        [
                            -1.0130992450285703e-05,
                            1.9059988260269165,
                            -0.9909927248954773,
                            1.5709989070892334,
                            0.9150060415267944,
                            -1.570997953414917
                        ]
                    ],
                    "current_idx": 1,
                    "fully_filled": true
                }
            },
            "gripper_left": {
                "goal_is_valid": true,
                "goal": {
                    "target": [
                        1.0
                    ]
                },
                "vel_filter": {
                    "past_samples": [
                        [
                            0.0,
                            -2.235173951703473e-06
                        ],
                        [
                            2.235173951703473e-06,
                            -4.4703480739372026e-07
                        ],
                        [
                            -4.470347903406946e-06,
                            1.788139229574881e-06
                        ],
                        [
                            4.917382739222376e-06,
                            -2.235173951703473e-06
                        ],
                        [
                            -3.1292436233343324e-06,
                            1.3411043937594513e-06
                        ]
                    ],
                    "current_idx": 0,
                    "fully_filled": true
                }
            },
            "arm_right": {
                "goal_is_valid": true,
                "goal": {
                    "target_pos": [
                        0.5446252822875977,
                        -0.39683759212493896,
                        1.443986415863037
                    ],
                    "target_ori_mat": [
                        [
                            0.005850315093994141,
                            -4.023080691695213e-06,
                            0.9999828338623047
                        ],
                        [
                            -0.004663440398871899,
                            -0.9999890327453613,
                            2.3259781301021576e-05
                        ],
                        [
                            0.9999719858169556,
                            -0.004663496743887663,
                            -0.00585019588470459
                        ]
                    ]
                },
                "control_filter": {
                    "past_samples": [
                        [
                            3.607768303481862e-05,
                            1.9060006141662598,
                            -0.9910013675689697,
                            1.5710002183914185,
                            0.9150002002716064,
                            -1.571000099182129
                        ],
                        [
                            3.7194669857854024e-05,
                            1.9059994220733643,
                            -0.9910005927085876,
                            1.5710002183914185,
                            0.9150005578994751,
                            -1.5709999799728394
                        ]
                    ],
                    "current_idx": 1,
                    "fully_filled": true
                }
            },
            "gripper_right": {
                "goal_is_valid": true,