{
    "bell_pepper.n.02_1": {
        "is_asleep": true,
        "root_link": {
            "pos": [
                7.971242904663086,
                -1.882802128791809,
                0.508836030960083
            ],
            "ori": [
                0.015611819922924042,
                -0.0179015900939703,
                0.9945896863937378,
                0.10113115608692169
            ],
            "lin_vel": [
                0.0,
                0.0,
                0.0
            ],
            "ang_vel": [
                0.0,
                0.0,
                0.0
            ]
        },
        "non_kin": {
            "Temperature": {
                "temperature": -1.5287609100341797
            },
            "MaxTemperature": {
                "max_temperature": 23.0
            }
        }
    },
    "bell_pepper.n.02_2": {
        "is_asleep": true,
        "root_link": {
            "pos": [
                7.856541633605957,
                -1.8865472078323364,
                0.9193997383117676
            ],
            "ori": [
                0.01794879138469696,
                -0.041825175285339355,
                0.8907712697982788,
                0.45216748118400574
            ],
            "lin_vel": [
                0.0,
                0.0,
                0.0
            ],
            "ang_vel": [
                0.0,
                0.0,
                0.0
            ]
        },
        "non_kin": {
            "Temperature": {
                "temperature": -1.5287609100341797
            },
            "MaxTemperature": {
                "max_temperature": 23.0
            }
        }
    },
    "electric_refrigerator.n.01_1": {
        "is_asleep": true,
        "root_link": {
            "pos": [
                7.81859016418457,
                -1.9658963680267334,
                0.9844349026679993
            ],
            "ori": [
                0.0006650188006460667,
                0.007770733907818794,
                0.6905918121337891,
                0.7232030630111694
            ],
            "lin_vel": [
                0.0,
                0.0,
                0.0
            ],
            "ang_vel": [
                0.0,
                0.0,
                0.0
            ]
        },
        "joint_pos": [
            -2.624940543869826e-21
        ],
        "joint_vel": [
            -2.0954137661606163e-20
        ],
        "non_kin": {
            "Temperature": {
                "temperature": 23.0
            }
        }
    },
    "beet.n.02_1": {
        "is_asleep": true,
        "root_link": {
            "pos": [
                7.979034423828125,
                -1.8656787872314453,
                1.3136929273605347
            ],
            "ori": [
                0.018232550472021103,
                -0.011549372225999832,
                0.5244367718696594,
                0.8511760234832764
            ],
            "lin_vel": [
                0.0,
                0.0,
                0.0
            ],
            "ang_vel": [
                0.0,
                0.0,
                0.0
            ]
        },
        "non_kin": {
            "Temperature": {
                "temperature": -1.5287609100341797
            },
            "MaxTemperature": {
                "max_temperature": 23.0
            }
        }
    },
    "beet.n.02_2": {
        "is_asleep": true,
        "root_link": {
            "pos": [
                7.773711681365967,
                -1.8670986890792847,
                1.313512921333313
            ],
            "ori": [
                0.021365661174058914,
                -0.0031419601291418076,
                0.13251061737537384,
                0.9909464120864868
            ],
            "lin_vel": [
                0.0,
                0.0,
                0.0
            ],
            "ang_vel": [
                0.0,
                0.0,
                0.0
            ]
        },
        "non_kin": {
            "Temperature": {
                "temperature": -1.5287609100341797
            },
            "MaxTemperature": {
                "max_temperature": 23.0
            }
        }
    },
    "chopping_board.n.01_1": {
        "is_asleep": true,
        "root_link": {
            "pos": [
                4.937793254852295,
                -1.7473541498184204,
                0.8973562717437744
            ],
            "ori": [
                3.583100578907761e-06,
                -4.839934263145551e-06,
                0.8744048476219177,
                0.4851972162723541
            ],
            "lin_vel": [
                0.0,
                0.0,
                0.0
            ],
            "ang_vel": [
                0.0,
                0.0,
                0.0
            ]
        },
        "non_kin": {}
    },
    "chopping_board.n.01_2": {
        "is_asleep": true,
        "root_link": {
            "pos": [
                6.974273681640625,
                -1.7200373411178589,
                0.897358775138855
            ],
            "ori": [
                -1.188604699109419e-07,
                6.336167075460253e-07,
                0.22488799691200256,
                0.9743846654891968
            ],
            "lin_vel": [
                0.0,
                0.0,
                0.0
            ],
            "ang_vel": [
                0.0,
                0.0,
                0.0
            ]
        },
        "non_kin": {}
    },
    "zucchini.n.02_1": {
        "is_asleep": true,
        "root_link": {
            "pos": [
                7.834197521209717,
                -1.8461989164352417,
                0.5049580931663513
            ],
            "ori": [
                -0.005010113585740328,
                -0.005600016098469496,
                0.8781303763389587,
                0.4783625602722168
            ],
            "lin_vel": [
                0.0,
                0.0,
                0.0
            ],
            "ang_vel": [
                0.0,
                0.0,
                0.0
            ]
        },
        "non_kin": {
            "Temperature": {
                "temperature": -1.5287609100341797
            },
            "MaxTemperature": {
                "max_temperature": 23.0
            }
        }
    },
    "parer.n.02_1": {
        "is_asleep": false,
        "root_link": {
            "pos": [
                5.2041168212890625,
                -1.8880821466445923,
                0.8943855166435242
            ],
            "ori": [
                7.340342563111335e-06,
                8.612553938291967e-05,
                0.9966689944267273,
                -0.0815567895770073
            ],
            "lin_vel": [
                6.213820569200834e-09,
                4.609653814213743e-08,
                -6.654600070987726e-08
            ],
            "ang_vel": [
                -2.1336145437089726e-05,
                -9.324175920255584e-08,
                -1.0331053346135377e-07
            ]
        },
        "non_kin": {
            "SlicerActive": {
                "value": true,
                "previously_touching": false,
                "delay_counter": 0
            }
        }
    },
    "countertop.n.01_1": {
        "is_asleep": false,
        "root_link": {
            "pos": [
                6.0294647216796875,
                -1.9837117195129395,
                0.8694865107536316
            ],
            "ori": [
                7.628954412641775e-11,
                6.869142060716982e-11,
                0.6691306829452515,
                0.7431447505950928
            ]
        },
        "non_kin": {}
    },
    "floor.n.01_1": {
        "is_asleep": false,
        "root_link": {
            "pos": [
                6.593125820159912,
                -0.258637011051178,
                -0.13868464529514313
            ],