{
    "bell_pepper.n.02_1": {
        "is_asleep": true,
        "root_link": {
            "pos": [
                7.947246551513672,
                -1.845784306526184,
                1.3184417486190796
            ],
            "ori": [
                0.015454757958650589,
                -0.0383419468998909,
                0.6546260118484497,
                0.7548218369483948
            ],
            "lin_vel": [
                0.0,
                0.0,
                0.0
            ],
            "ang_vel": [
                0.0,
                0.0,
                0.0
            ]
        },
        "non_kin": {
            "Temperature": {
                "temperature": -1.5287609100341797
            },
            "MaxTemperature": {
                "max_temperature": 23.0
            }
        }
    },
    "bell_pepper.n.02_2": {
        "is_asleep": true,
        "root_link": {
            "pos": [
                7.686493873596191,
                -1.8947588205337524,
                0.5086328387260437
            ],
            "ori": [
                0.022493332624435425,
                -0.007323738653212786,
                0.9117230176925659,
                -0.4101240634918213
            ],
            "lin_vel": [
                0.0,
                0.0,
                0.0
            ],
            "ang_vel": [
                0.0,
                0.0,
                0.0
            ]
        },
        "non_kin": {
            "Temperature": {
                "temperature": -1.5287609100341797
            },
            "MaxTemperature": {
                "max_temperature": 23.0
            }
        }
    },
    "electric_refrigerator.n.01_1": {
        "is_asleep": true,
        "root_link": {
            "pos": [
                7.81859016418457,
                -1.9658963680267334,
                0.9844352602958679
            ],
            "ori": [
                0.0006650183349847794,
                0.007770736701786518,
                0.6905920505523682,
                0.7232033014297485
            ],
            "lin_vel": [
                0.0,
                0.0,
                0.0
            ],
            "ang_vel": [
                0.0,
                0.0,
                0.0
            ]
        },
        "joint_pos": [
            -3.724701402066085e-21
        ],
        "joint_vel": [
            -2.2224687082487614e-20
        ],
        "non_kin": {
            "Temperature": {
                "temperature": 23.0
            }
        }
    },
    "beet.n.02_1": {
        "is_asleep": true,
        "root_link": {
            "pos": [
                7.67694616317749,
                -1.8094350099563599,
                1.3159464597702026
            ],
            "ori": [
                0.017471889033913612,
                0.012668905779719353,
                -0.5984697937965393,
                0.8008546829223633
            ],
            "lin_vel": [
                0.0,
                0.0,
                0.0
            ],
            "ang_vel": [
                0.0,
                0.0,
                0.0
            ]
        },
        "non_kin": {
            "Temperature": {
                "temperature": -1.5287609100341797
            },
            "MaxTemperature": {
                "max_temperature": 23.0
            }
        }
    },
    "beet.n.02_2": {
        "is_asleep": true,
        "root_link": {
            "pos": [
                7.855238914489746,
                -1.8813012838363647,
                0.9157174825668335
            ],
            "ori": [
                0.01632179133594036,
                0.01411397010087967,
                -0.6647904515266418,
                0.7467184066772461
            ],
            "lin_vel": [
                0.0,
                0.0,
                0.0
            ],
            "ang_vel": [
                0.0,
                0.0,
                0.0
            ]
        },
        "non_kin": {
            "Temperature": {
                "temperature": -1.5287609100341797
            },
            "MaxTemperature": {
                "max_temperature": 23.0
            }
        }
    },
    "chopping_board.n.01_1": {
        "is_asleep": true,
        "root_link": {
            "pos": [
                5.007460594177246,
                -1.8183844089508057,
                0.8973536491394043
            ],
            "ori": [
                -3.699786020661122e-06,
                -4.4611718408305023e-07,
                0.9869800806045532,
                -0.1608424037694931
            ],
            "lin_vel": [
                0.0,
                0.0,
                0.0
            ],
            "ang_vel": [
                0.0,
                0.0,
                0.0
            ]
        },
        "non_kin": {}
    },
    "chopping_board.n.01_2": {
        "is_asleep": false,
        "root_link": {
            "pos": [
                6.747169017791748,
                -1.8428876399993896,
                0.8973612189292908
            ],
            "ori": [
                3.701984041981632e-06,
                -1.8175453533331165e-06,
                0.9284314513206482,
                -0.37150365114212036
            ],
            "lin_vel": [
                4.985499344911659e-06,
                -4.676076059695333e-06,
                -1.8347050456668512e-07
            ],
            "ang_vel": [
                0.00010201358963968232,
                0.0005064601427875459,
                2.359129211981781e-06
            ]
        },
        "non_kin": {}
    },
    "zucchini.n.02_1": {
        "is_asleep": true,
        "root_link": {
            "pos": [
                7.787686347961426,
                -1.791162133216858,
                0.50491863489151
            ],
            "ori": [
                -0.0058078458532691,
                0.0037761451676487923,
                -0.39320534467697144,
                0.9194246530532837
            ],
            "lin_vel": [
                0.0,
                0.0,
                0.0
            ],
            "ang_vel": [
                0.0,
                0.0,
                0.0
            ]
        },
        "non_kin": {
            "Temperature": {
                "temperature": -1.5287609100341797
            },
            "MaxTemperature": {
                "max_temperature": 23.0
            }
        }
    },
    "parer.n.02_1": {
        "is_asleep": false,
        "root_link": {
            "pos": [
                5.862887382507324,
                -1.634759545326233,
                0.8943864107131958
            ],
            "ori": [
                -4.623871063813567e-08,
                -1.1837953024951275e-05,
                0.9959572553634644,
                0.08982808887958527
            ],
            "lin_vel": [
                2.980863064294681e-05,
                1.5635458112228662e-05,
                -0.00010068638948723674
            ],
            "ang_vel": [
                -0.0033636733423918486,
                0.007210091687738895,
                -1.3810300515615381e-05
            ]
        },
        "non_kin": {
            "SlicerActive": {
                "value": true,
                "previously_touching": false,
                "delay_counter": 0
            }
        }
    },
    "countertop.n.01_1": {
        "is_asleep": false,
        "root_link": {
            "pos": [
                6.0294647216796875,
                -1.9837117195129395,
                0.8694865107536316
            ],
            "ori": [
                7.628954412641775e-11,
                6.869142060716982e-11,
                0.6691306829452515,
                0.7431447505950928
            ]
        },
        "non_kin": {}
    },
    "floor.n.01_1": {
        "is_asleep": false,