{
    "agent.n.01_1": {
        "is_asleep": false,
        "root_link": {
            "pos": [
                -50.0,
                -50.0,
                -50.0
            ],
            "ori": [
                0.0,
                0.0,
                0.0,
                1.0
            ],
            "lin_vel": [
                0.0,
                0.0,
                0.0
            ],
            "ang_vel": [
                0.0,
                0.0,
                0.0
            ]
        },
        "joint_pos": [
            58.89191436767578,
            49.03079605102539,
            50.003780364990234,
            -0.0052145374938845634,
            0.008659274317324162,
            1.6305949687957764,
            -7.038477633614093e-05,
            -0.0002594813413452357,
            0.00011093653301941231,
            4.156532213528408e-06,
            -8.227176294894889e-06,
            3.622333679231815e-05,
            1.9059984683990479,
            1.9060018062591553,
            -0.9909990429878235,
            -0.9909977912902832,
            1.5709999799728394,
            1.5710002183914185,
            0.9149981141090393,
            0.9150055646896362,
            -1.5709987878799438,
            -1.5709999799728394,
            0.049999888986349106,
            0.04999937117099762,
            0.04999949783086777,
            0.049999743700027466
        ],
        "joint_vel": [
            -0.00020021146337967366,
            2.4883254809537902e-05,
            -0.0006724176346324384,
            0.0002887456212192774,
            9.106809739023447e-05,
            0.00030603178311139345,
            0.0012694092001765966,
            -0.000676194962579757,
            0.00041272403905168176,
            0.001461275853216648,
            0.0004627459857147187,
            0.0008121437858790159,
            -0.0022277790121734142,
            0.0016936127794906497,
            5.16008585691452e-05,
            0.0005057735834270716,
            0.00045291485730558634,
            0.0010883620707318187,
            -0.0011805488029494882,
            0.001259329030290246,
            -0.0005309075932018459,
            -0.0008910722681321204,
            5.147163028595969e-05,
            3.1385432521346956e-05,
            2.3790249542798847e-05,
            1.381477795803221e-05
        ],
        "controllers": {
            "base": {
                "goal_is_valid": true,
                "goal": {
                    "target": [
                        0.0,
                        0.0,
                        0.0
                    ]
                }
            },
            "trunk": {
                "goal_is_valid": true,
                "goal": {
                    "target": [
                        -7.034334703348577e-05,
                        -0.00026055140187963843,
                        0.00011164530587848276,
                        3.3279761737503577e-06
                    ]
                }
            },
            "arm_left": {
                "goal_is_valid": true,
                "goal": {
                    "target_pos": [
                        0.5446217656135559,
                        0.3968486785888672,
                        1.446784257888794
                    ],
                    "target_ori_mat": [
                        [
                            -0.00677800178527832,
                            4.6436674892902374e-05,
                            0.9999771118164062
                        ],
                        [
                            0.003117731772363186,
                            -0.999995231628418,
                            6.75697810947895e-05
                        ],
                        [
                            0.9999722242355347,
                            0.0031181180384010077,
                            0.006777703762054443
                        ]
                    ]
                },
                "control_filter": {
                    "past_samples": [
                        [
                            -7.575923063996015e-06,
                            1.9059991836547852,
                            -0.9909986257553101,
                            1.5710006952285767,
                            0.9150017499923706,
                            -1.5709991455078125
                        ],
                        [
                            -9.252472409571055e-06,
                            1.905994176864624,
                            -0.9909989833831787,
                            1.5709993839263916,
                            0.9149956107139587,
                            -1.5709985494613647
                        ]
                    ],
                    "current_idx": 1,
                    "fully_filled": true
                }
            },
            "gripper_left": {
                "goal_is_valid": true,
                "goal": {
                    "target": [
                        1.0
                    ]
                },
                "vel_filter": {
                    "past_samples": [
                        [
                            -1.20699396575219e-05,
                            1.7881391613627784e-05
                        ],
                        [
                            2.190470513596665e-05,
                            -1.162290482170647e-05
                        ],
                        [
                            5.2303072152426466e-05,
                            4.4703480739372026e-07
                        ],
                        [
                            -2.6375053494120948e-05,
                            4.470347903406946e-06
                        ],
                        [
                            1.788139229574881e-06,
                            -4.4703480739372026e-07
                        ]
                    ],
                    "current_idx": 0,
                    "fully_filled": true
                }
            },
            "arm_right": {
                "goal_is_valid": true,
                "goal": {
                    "target_pos": [
                        0.544625461101532,
                        -0.3968362808227539,
                        1.4439865350723267
                    ],
                    "target_ori_mat": [
                        [
                            0.005850315093994141,
                            -3.886176273226738e-06,
                            0.9999827742576599
                        ],
                        [
                            -0.004663602448999882,
                            -0.9999887943267822,
                            2.3397384211421013e-05
                        ],
                        [
                            0.9999719262123108,
                            -0.004663659259676933,
                            -0.005849957466125488
                        ]
                    ]
                },
                "control_filter": {
                    "past_samples": [
                        [
                            3.610688145272434e-05,
                            1.9060052633285522,
                            -0.9909976720809937,
                            1.571000099182129,
                            0.9150077104568481,
                            -1.5709997415542603
                        ],
                        [
                            3.76907701138407e-05,
                            1.9059998989105225,
                            -0.990994393825531,
                            1.5710006952285767,
                            0.9150058627128601,
                            -1.571000337600708
                        ]
                    ],
                    "current_idx": 1,
                    "fully_filled": true
                }
            },
            "gripper_right": {
                "goal_is_valid": true,