{
    "agent.n.01_1": {
        "is_asleep": false,
        "root_link": {
            "pos": [
                -50.0,
                -50.0,
                -50.0
            ],
            "ori": [
                0.0,
                0.0,
                0.0,
                1.0
            ],
            "lin_vel": [
                0.0,
                0.0,
                0.0
            ],
            "ang_vel": [
                0.0,
                0.0,
                0.0
            ]
        },
        "joint_pos": [
            52.99018859863281,
            53.017181396484375,
            50.00376510620117,
            -0.00947732012718916,
            -0.003515876829624176,
            3.0145981311798096,
            -6.918271537870169e-05,
            -0.0002577313280198723,
            0.00011101375275757164,
            3.6795547657675343e-06,
            -6.492960437753936e-06,
            3.447075869189575e-05,
            1.9060033559799194,
            1.9060014486312866,
            -0.9910029172897339,
            -0.9910013675689697,
            1.5710002183914185,
            1.570999264717102,
            0.914999783039093,
            0.9150019288063049,
            -1.5709989070892334,
            -1.571000099182129,
            0.0499999113380909,
            0.04999995976686478,
            0.04999986290931702,
            0.04999992996454239
        ],
        "joint_vel": [
            3.724366979440674e-05,
            -0.0005724517395719886,
            -0.0009310911991633475,
            -0.0002497618552297354,
            0.00023312271514441818,
            -0.0006538586458191276,
            0.0007195077487267554,
            -0.0003495526616461575,
            0.00014424679102376103,
            9.735813364386559e-05,
            0.0007681002607569098,
            0.000511212507262826,
            -0.0017910527531057596,
            0.001019285642541945,
            0.00032688744249753654,
            0.0007042554789222777,
            0.0015342128463089466,
            0.0004917357000522316,
            -0.0008184750331565738,
            0.0010240201372653246,
            -0.0012326077558100224,
            -0.0006075581186451018,
            2.7078396669821814e-05,
            1.148659339378355e-05,
            2.8159975045127794e-06,
            3.07816662825644e-07
        ],
        "controllers": {
            "base": {
                "goal_is_valid": true,
                "goal": {
                    "target": [
                        0.0,
                        0.0,
                        0.0
                    ]
                }
            },
            "trunk": {
                "goal_is_valid": true,
                "goal": {
                    "target": [
                        -7.034822192508727e-05,
                        -0.00026056120987050235,
                        0.00011164603347424418,
                        3.319646339150495e-06
                    ]
                }
            },
            "arm_left": {
                "goal_is_valid": true,
                "goal": {
                    "target_pos": [
                        0.5446219444274902,
                        0.3968486785888672,
                        1.4467841386795044
                    ],
                    "target_ori_mat": [
                        [
                            -0.006777763366699219,
                            4.657276440411806e-05,
                            0.9999771118164062
                        ],
                        [
                            0.0031175478361546993,
                            -0.999995231628418,
                            6.770400796085596e-05
                        ],
                        [
                            0.9999722242355347,
                            0.003117934800684452,
                            0.006777524948120117
                        ]
                    ]
                },
                "control_filter": {
                    "past_samples": [
                        [
                            -1.1110938430647366e-05,
                            1.9059950113296509,
                            -0.9909899830818176,
                            1.5710002183914185,
                            0.9150050282478333,
                            -1.5709983110427856
                        ],
                        [
                            -4.2576898522384e-06,
                            1.9060057401657104,
                            -0.9910078644752502,
                            1.571001648902893,
                            0.9149984121322632,
                            -1.5709997415542603
                        ]
                    ],
                    "current_idx": 1,
                    "fully_filled": true
                }
            },
            "gripper_left": {
                "goal_is_valid": true,
                "goal": {
                    "target": [
                        1.0
                    ]
                },
                "vel_filter": {
                    "past_samples": [
                        [
                            -5.364417575037805e-06,
                            -1.072883515007561e-05
                        ],
                        [
                            4.917382739222376e-06,
                            1.251697449333733e-05
                        ],
                        [
                            -1.788139229574881e-06,
                            -1.65402889251709e-05
                        ],
                        [
                            2.6822087875189027e-06,
                            1.65402889251709e-05
                        ],
                        [
                            -1.3411043937594513e-06,
                            -1.609325408935547e-05
                        ]
                    ],
                    "current_idx": 0,
                    "fully_filled": true
                }
            },
            "arm_right": {
                "goal_is_valid": true,
                "goal": {
                    "target_pos": [
                        0.5446250438690186,
                        -0.3968369960784912,
                        1.443986415863037
                    ],
                    "target_ori_mat": [
                        [
                            0.005850315093994141,
                            -3.903871402144432e-06,
                            0.9999827742576599
                        ],
                        [
                            -0.004663349129259586,
                            -0.9999887943267822,
                            2.337852492928505e-05
                        ],
                        [
                            0.9999719262123108,
                            -0.004663405939936638,
                            -0.005849957466125488
                        ]
                    ]
                },
                "control_filter": {
                    "past_samples": [
                        [
                            3.86639658245258e-05,
                            1.9059925079345703,
                            -0.9909883737564087,
                            1.5709984302520752,
                            0.9150052070617676,
                            -1.5709991455078125
                        ],
                        [
                            3.314306741231121e-05,
                            1.906006097793579,
                            -0.9910063743591309,
                            1.5709993839263916,
                            0.9150004386901855,
                            -1.5709997415542603
                        ]
                    ],
                    "current_idx": 1,
                    "fully_filled": true
                }
            },
            "gripper_right": {
                "goal_is_valid": true,