{
    "agent.n.01_1": {
        "is_asleep": false,
        "root_link": {
            "pos": [
                -50.0,
                -50.0,
                -50.0
            ],
            "ori": [
                0.0,
                0.0,
                0.0,
                1.0
            ],
            "lin_vel": [
                0.0,
                0.0,
                0.0
            ],
            "ang_vel": [
                0.0,
                0.0,
                0.0
            ]
        },
        "joint_pos": [
            56.656246185302734,
            50.4459114074707,
            50.00376510620117,
            -0.005811559967696667,
            0.00827077031135559,
            1.7011065483093262,
            -7.129248115234077e-05,
            -0.00026058393996208906,
            0.00011082668788731098,
            4.344724402471911e-06,
            -6.427743301173905e-06,
            3.441115768509917e-05,
            1.9060020446777344,
            1.9060057401657104,
            -0.9910033941268921,
            -0.9910050630569458,
            1.5709993839263916,
            1.5710006952285767,
            0.9149988293647766,
            0.9150019288063049,
            -1.5709987878799438,
            -1.5710009336471558,
            0.049999941140413284,
            0.04999982938170433,
            0.04999985545873642,
            0.04999985545873642
        ],
        "joint_vel": [
            -0.00046521693002432585,
            0.0003623260126914829,
            -0.0008183942991308868,
            -0.00012008209887426347,
            0.000282668333966285,
            0.00014566941536031663,
            -5.962805880699307e-05,
            -0.00020162455621175468,
            0.00033869253820739686,
            0.0008411590824835002,
            0.0006548345554620028,
            0.0004947995766997337,
            -0.0017953603528439999,
            0.0015309184091165662,
            -0.00020361319184303284,
            0.00025320457643829286,
            0.0007765772170387208,
            0.0006735001225024462,
            -0.0007236289093270898,
            0.000662405276671052,
            -0.0006756437942385674,
            -0.0006149451364763081,
            2.346967812627554e-05,
            1.062415412889095e-05,
            2.5698735043988563e-05,
            1.3205681170802563e-06
        ],
        "controllers": {
            "base": {
                "goal_is_valid": true,
                "goal": {
                    "target": [
                        0.0,
                        0.0,
                        0.0
                    ]
                }
            },
            "trunk": {
                "goal_is_valid": true,
                "goal": {
                    "target": [
                        -7.034821464912966e-05,
                        -0.00026056161732412875,
                        0.00011164652823936194,
                        3.3364219689246966e-06
                    ]
                }
            },
            "arm_left": {
                "goal_is_valid": true,
                "goal": {
                    "target_pos": [
                        0.544621467590332,
                        0.396848201751709,
                        1.4467843770980835
                    ],
                    "target_ori_mat": [
                        [
                            -0.006778120994567871,
                            4.610756877809763e-05,
                            0.9999769926071167
                        ],
                        [
                            0.0031178691424429417,
                            -0.9999949932098389,
                            6.724230479449034e-05
                        ],
                        [
                            0.9999721050262451,
                            0.0031182533130049706,
                            0.006778061389923096
                        ]
                    ]
                },
                "control_filter": {
                    "past_samples": [
                        [
                            -7.115965217963094e-06,
                            1.9060028791427612,
                            -0.9910040497779846,
                            1.570999026298523,
                            0.9149993062019348,
                            -1.5709985494613647
                        ],
                        [
                            -4.943927706335671e-06,
                            1.9060033559799194,
                            -0.9910059571266174,
                            1.571001410484314,
                            0.9149982333183289,
                            -1.5709995031356812
                        ]
                    ],
                    "current_idx": 0,
                    "fully_filled": true
                }
            },
            "gripper_left": {
                "goal_is_valid": true,
                "goal": {
                    "target": [
                        1.0
                    ]
                },
                "vel_filter": {
                    "past_samples": [
                        [
                            4.470347903406946e-06,
                            -3.576278459149762e-06
                        ],
                        [
                            -4.4703480739372026e-07,
                            1.788139229574881e-06
                        ],
                        [
                            -8.046627044677734e-06,
                            4.4703480739372026e-07
                        ],
                        [
                            8.046627044677734e-06,
                            2.235173951703473e-06
                        ],
                        [
                            -6.258487246668665e-06,
                            -4.023313522338867e-06
                        ]
                    ],
                    "current_idx": 0,
                    "fully_filled": true
                }
            },
            "arm_right": {
                "goal_is_valid": true,
                "goal": {
                    "target_pos": [
                        0.5446250438690186,
                        -0.3968372344970703,
                        1.4439865350723267
                    ],
                    "target_ori_mat": [
                        [
                            0.005850315093994141,
                            -3.945780918002129e-06,
                            0.9999827742576599
                        ],
                        [
                            -0.0046635642647743225,
                            -0.9999887943267822,
                            2.3337779566645622e-05
                        ],
                        [
                            0.9999719262123108,
                            -0.004663621075451374,
                            -0.005849957466125488
                        ]
                    ]
                },
                "control_filter": {
                    "past_samples": [
                        [
                            3.494985867291689e-05,
                            1.9060064554214478,
                            -0.9910042881965637,
                            1.5710009336471558,
                            0.9150025248527527,
                            -1.5710004568099976
                        ],
                        [
                            3.3858603273984045e-05,
                            1.9060065746307373,
                            -0.9910069704055786,
                            1.5709999799728394,
                            0.9149996638298035,
                            -1.5709998607635498
                        ]
                    ],
                    "current_idx": 0,
                    "fully_filled": true
                }
            },