{
    "poster.n.01_1": {
        "is_asleep": false,
        "root_link": {
            "pos": [
                7.939868927001953,
                1.1706379652023315,
                1.1097501516342163
            ],
            "ori": [
                4.012372301076539e-05,
                0.0002607993665151298,
                -0.1807774156332016,
                0.9835240840911865
            ],
            "lin_vel": [
                -0.013894613832235336,
                0.005333205685019493,
                -0.00026107896701432765
            ],
            "ang_vel": [
                -0.024425063282251358,
                -0.06329385191202164,
                5.164098638488213e-06
            ]
        },
        "non_kin": {
            "AttachedTo": {
                "attached_obj_uuid": -1
            }
        }
    },
    "floor.n.01_1": {
        "is_asleep": false,
        "root_link": {
            "pos": [
                4.8314337730407715,
                1.1399084329605103,
                -0.15000006556510925
            ],
            "ori": [
                0.0,
                0.0,
                0.0,
                1.0
            ]
        },
        "non_kin": {}
    },
    "countertop.n.01_1": {
        "is_asleep": false,
        "root_link": {
            "pos": [
                8.151969909667969,
                0.15750814974308014,
                0.4490511119365692
            ],
            "ori": [
                1.3114304072894952e-15,
                4.177641343972027e-09,
                1.0,
                3.1391647326017846e-07
            ]
        },
        "non_kin": {}
    },
    "wall_nail.n.01_1": {
        "is_asleep": true,
        "root_link": {
            "pos": [
                8.403650283813477,
                2.873669385910034,
                1.713331699371338
            ],
            "ori": [
                0.7043589949607849,
                -0.04934267699718475,
                0.705955445766449,
                -0.05541404336690903
            ],
            "lin_vel": [
                0.0,
                0.0,
                0.0
            ],
            "ang_vel": [
                0.0,
                0.0,
                0.0
            ]
        },
        "non_kin": {
            "AttachedTo": {
                "attached_obj_uuid": -1
            }
        }
    },
    "robot_poses": {
        "R1Pro": [
            {
                "position": [
                    1.9529190063476562,
                    2.679920196533203,
                    0.003765106201171875
                ],
                "orientation": [
                    0.0,
                    0.0,
                    0.74249666929245,
                    0.6698497533798218
                ]
            }
        ],
        "Fetch": [
            {
                "position": [
                    6.069087505340576,
                    1.9135234355926514,
                    0.0012934207916259766
                ],
                "orientation": [
                    -0.0016874969005584717,
                    -0.002425852231681347,
                    -0.5709616541862488,
                    0.8209714293479919
                ]
            }
        ],
        "R1": [
            {
                "position": [
                    5.723578453063965,
                    1.240727186203003,
                    0.003765106201171875
                ],
                "orientation": [
                    0.004336855839937925,
                    0.0025953000877052546,
                    0.057038791477680206,
                    0.998359203338623
                ]
            }
        ],
        "Stretch": [
            {
                "position": [
                    6.53774356842041,
                    1.3285150527954102,
                    -0.0007995665073394775
                ],
                "orientation": [
                    0.00127376988530159,
                    0.0015347041189670563,
                    -0.6386474967002869,
                    0.7694969177246094
                ]
            }
        ],
        "Tiago": [
            {
                "position": [
                    5.813529014587402,
                    2.4701621532440186,
                    0.00034427642822265625
                ],
                "orientation": [
                    -5.459155261178239e-08,
                    -2.274069998975392e-08,
                    0.4548838138580322,
                    0.8905507922172546
                ]
            }
        ]
    }
}