{
    "agent.n.01_1": {
        "is_asleep": false,
        "root_link": {
            "pos": [
                -50.0,
                -50.0,
                -50.0
            ],
            "ori": [
                0.0,
                0.0,
                0.0,
                1.0
            ],
            "lin_vel": [
                0.0,
                0.0,
                0.0
            ],
            "ang_vel": [
                0.0,
                0.0,
                0.0
            ]
        },
        "joint_pos": [
            56.87786102294922,
            52.05466842651367,
            50.00376510620117,
            0.009016421623528004,
            0.00456932233646512,
            -0.013136728666722775,
            -7.186597213149071e-05,
            -0.00026072858599945903,
            0.0001108151045627892,
            3.645740434876643e-06,
            -5.932042313361308e-06,
            3.355987792019732e-05,
            1.9060076475143433,
            1.9060055017471313,
            -0.9910103678703308,
            -0.9910114407539368,
            1.5709997415542603,
            1.5710009336471558,
            0.9149975776672363,
            0.9149956703186035,
            -1.5709986686706543,
            -1.5709998607635498,
            0.0499999038875103,
            0.04999992623925209,
            0.04999988526105881,
            0.04999993368983269
        ],
        "joint_vel": [
            0.0010189887834712863,
            0.00020242076425347477,
            -0.001268510241061449,
            0.00024930184008553624,
            0.0003296539362054318,
            -0.00019270577467978,
            -0.0007905213278718293,
            -0.00031553517328575253,
            0.00045908853644505143,
            0.000488655234221369,
            0.0004512023297138512,
            0.0004949424182996154,
            -0.0013680895790457726,
            0.0016370072262361646,
            -0.0005654221749864519,
            0.0002324311062693596,
            0.00019813005928881466,
            0.0004587708390317857,
            -0.0004230043268762529,
            0.0003654100000858307,
            -0.00020310565014369786,
            -0.000418792013078928,
            5.99684972257819e-06,
            2.5366894078615587e-06,
            1.54752196976915e-05,
            7.854670002416242e-06
        ],
        "controllers": {
            "base": {
                "goal_is_valid": true,
                "goal": {
                    "target": [
                        0.0,
                        0.0,
                        0.0
                    ]
                }
            },
            "trunk": {
                "goal_is_valid": true,
                "goal": {
                    "target": [
                        -7.034241571091115e-05,
                        -0.000260549335507676,
                        0.00011164508759975433,
                        3.31935916619841e-06
                    ]
                }
            },
            "arm_left": {
                "goal_is_valid": true,
                "goal": {
                    "target_pos": [
                        0.5446224212646484,
                        0.396848201751709,
                        1.4467843770980835
                    ],
                    "target_ori_mat": [
                        [
                            -0.0067784786224365234,
                            4.6604545786976814e-05,
                            0.9999771118164062
                        ],
                        [
                            0.003117429558187723,
                            -0.999995231628418,
                            6.773718632757664e-05
                        ],
                        [
                            0.9999722242355347,
                            0.003117816988378763,
                            0.006778240203857422
                        ]
                    ]
                },
                "control_filter": {
                    "past_samples": [
                        [
                            -5.611908818536904e-06,
                            1.906008243560791,
                            -0.9910109043121338,
                            1.5710004568099976,
                            0.914997935295105,
                            -1.570999264717102
                        ],
                        [
                            -5.944614713371266e-06,
                            1.9060089588165283,
                            -0.9910120964050293,
                            1.571000099182129,
                            0.9149973392486572,
                            -1.5709986686706543
                        ]
                    ],
                    "current_idx": 1,
                    "fully_filled": true
                }
            },
            "gripper_left": {
                "goal_is_valid": true,
                "goal": {
                    "target": [
                        1.0
                    ]
                },
                "vel_filter": {
                    "past_samples": [
                        [
                            -4.4703480739372026e-07,
                            -1.0281800314260181e-05
                        ],
                        [
                            -4.4703480739372026e-07,
                            1.20699396575219e-05
                        ],
                        [
                            -5.811452410853235e-06,
                            -3.1292436233343324e-06
                        ],
                        [
                            3.576278459149762e-06,
                            3.1292436233343324e-06
                        ],
                        [
                            8.940696147874405e-07,
                            5.364417575037805e-06
                        ]
                    ],
                    "current_idx": 4,
                    "fully_filled": true
                }
            },
            "arm_right": {
                "goal_is_valid": true,
                "goal": {
                    "target_pos": [
                        0.5446252822875977,
                        -0.3968377113342285,
                        1.443986415863037
                    ],
                    "target_ori_mat": [
                        [
                            0.005850315093994141,
                            -3.824010491371155e-06,
                            0.9999829530715942
                        ],
                        [
                            -0.004663562867790461,
                            -0.9999892711639404,
                            2.3460015654563904e-05
                        ],
                        [
                            0.9999721050262451,
                            -0.0046636201441287994,
                            -0.005850315093994141
                        ]
                    ]
                },
                "control_filter": {
                    "past_samples": [
                        [
                            3.383261355338618e-05,
                            1.9060065746307373,
                            -0.9910117387771606,
                            1.5710008144378662,
                            0.9149951934814453,
                            -1.5710002183914185
                        ],
                        [
                            3.362648203619756e-05,
                            1.9060072898864746,
                            -0.9910134077072144,
                            1.5710004568099976,
                            0.9149943590164185,
                            -1.5710002183914185
                        ]
                    ],
                    "current_idx": 1,
                    "fully_filled": true
                }
            },
            "gripper_right": {
                "goal_is_valid": true,