{
    "agent.n.01_1": {
        "is_asleep": false,
        "root_link": {
            "pos": [
                -50.0,
                -50.0,
                -50.0
            ],
            "ori": [
                0.0,
                0.0,
                0.0,
                1.0
            ],
            "lin_vel": [
                0.0,
                0.0,
                0.0
            ],
            "ang_vel": [
                0.0,
                0.0,
                0.0
            ]
        },
        "joint_pos": [
            56.07161331176758,
            50.63121032714844,
            50.00376510620117,
            0.004651362542062998,
            0.008974763564765453,
            0.6104159355163574,
            -7.032549910945818e-05,
            -0.0002604160690680146,
            0.00011158606503158808,
            4.396757958602393e-06,
            -6.995499461481813e-06,
            3.5045108234044164e-05,
            1.905998945236206,
            1.9060022830963135,
            -0.9909980297088623,
            -0.9910058975219727,
            1.5709998607635498,
            1.5710010528564453,
            0.9150014519691467,
            0.9149975180625916,
            -1.5709983110427856,
            -1.571000337600708,
            0.04999997466802597,
            0.04999987781047821,
            0.049999937415122986,
            0.04999994859099388
        ],
        "joint_vel": [
            -0.0011060686083510518,
            0.0005242858896963298,
            -0.001201884588226676,
            0.0005358558846637607,
            -0.00029814441222697496,
            0.00016783690080046654,
            0.001515275682322681,
            -0.0007650256156921387,
            0.00015974874258972704,
            0.0008624771144241095,
            0.0010369057999923825,
            0.0004675261443480849,
            -0.0012260194635018706,
            0.0011052308836951852,
            -0.0002079334226436913,
            0.0001679764682194218,
            0.002026679227128625,
            0.0007990996818989515,
            -0.0011132906656712294,
            0.0009588523535057902,
            -0.0016964823007583618,
            -0.0009048836654983461,
            2.0674442566814832e-05,
            6.508657861559186e-07,
            -7.629232641193084e-06,
            1.904153759824112e-05
        ],
        "controllers": {
            "base": {
                "goal_is_valid": true,
                "goal": {
                    "target": [
                        0.0,
                        0.0,
                        0.0
                    ]
                }
            },
            "trunk": {
                "goal_is_valid": true,
                "goal": {
                    "target": [
                        -7.04257981851697e-05,
                        -0.00026072352193295956,
                        0.00011166124022565782,
                        3.298744104540674e-06
                    ]
                }
            },
            "arm_left": {
                "goal_is_valid": true,
                "goal": {
                    "target_pos": [
                        0.5446209907531738,
                        0.396848201751709,
                        1.4467846155166626
                    ],
                    "target_ori_mat": [
                        [
                            -0.006778120994567871,
                            4.661653656512499e-05,
                            0.9999769330024719
                        ],
                        [
                            0.0031178011558949947,
                            -0.9999948740005493,
                            6.775103975087404e-05
                        ],
                        [
                            0.9999720454216003,
                            0.0031181885860860348,
                            0.006778240203857422
                        ]
                    ]
                },
                "control_filter": {
                    "past_samples": [
                        [
                            -7.260099664563313e-06,
                            1.9059981107711792,
                            -0.9909985065460205,
                            1.5709996223449707,
                            0.9150015711784363,
                            -1.5709986686706543
                        ],
                        [
                            -6.347881935653277e-06,
                            1.9059994220733643,
                            -0.991000235080719,
                            1.5710004568099976,
                            0.9150007367134094,
                            -1.5709993839263916
                        ]
                    ],
                    "current_idx": 0,
                    "fully_filled": true
                }
            },
            "gripper_left": {
                "goal_is_valid": true,
                "goal": {
                    "target": [
                        1.0
                    ]
                },
                "vel_filter": {
                    "past_samples": [
                        [
                            -2.235173951703473e-06,
                            1.3411044164968189e-05
                        ],
                        [
                            1.3411043937594513e-06,
                            -2.6822087875189027e-06
                        ],
                        [
                            1.788139229574881e-06,
                            -4.023313522338867e-06
                        ],
                        [
                            -3.1292436233343324e-06,
                            8.940695806813892e-06
                        ],
                        [
                            3.576278459149762e-06,
                            -1.162290482170647e-05
                        ]
                    ],
                    "current_idx": 2,
                    "fully_filled": true
                }
            },
            "arm_right": {
                "goal_is_valid": true,
                "goal": {
                    "target_pos": [
                        0.5446252822875977,
                        -0.3968377113342285,
                        1.4439867734909058
                    ],
                    "target_ori_mat": [
                        [
                            0.0058498382568359375,
                            -3.960682079195976e-06,
                            0.9999829530715942
                        ],
                        [
                            -0.004663473926484585,
                            -0.9999892711639404,
                            2.3320317268371582e-05
                        ],
                        [
                            0.9999721050262451,
                            -0.004663530737161636,
                            -0.0058498382568359375
                        ]
                    ]
                },
                "control_filter": {
                    "past_samples": [
                        [
                            3.5074666811851785e-05,
                            1.9060039520263672,
                            -0.9910061359405518,
                            1.571000576019287,
                            0.9149975180625916,
                            -1.5710002183914185
                        ],
                        [
                            3.4663597034523264e-05,
                            1.9060043096542358,
                            -0.991007387638092,
                            1.5710002183914185,
                            0.9149965643882751,
                            -1.571000099182129
                        ]
                    ],
                    "current_idx": 0,
                    "fully_filled": true
                }
            },
            "gripper_right": {
                "goal_is_valid": true,