{
    "agent.n.01_1": {
        "is_asleep": false,
        "root_link": {
            "pos": [
                -50.0,
                -50.0,
                -50.0
            ],
            "ori": [
                0.0,
                0.0,
                0.0,
                1.0
            ],
            "lin_vel": [
                0.0,
                0.0,
                0.0
            ],
            "ang_vel": [
                0.0,
                0.0,
                0.0
            ]
        },
        "joint_pos": [
            55.69175720214844,
            52.61565399169922,
            50.00376510620117,
            -0.005597481969743967,
            -0.008417289704084396,
            -2.6398634910583496,
            -7.040044874884188e-05,
            -0.00026031440938822925,
            0.00011132629151688889,
            4.0489303501090035e-06,
            -9.801991836866364e-06,
            3.848685082630254e-05,
            1.905992031097412,
            1.9059938192367554,
            -0.990987241268158,
            -0.9909848570823669,
            1.5710004568099976,
            1.5710008144378662,
            0.915004312992096,
            0.9150100946426392,
            -1.5709986686706543,
            -1.571000099182129,
            0.04999995976686478,
            0.049999792128801346,
            0.04999992251396179,
            0.04999984800815582
        ],
        "joint_vel": [
            0.0003689058357849717,
            -0.00016279525880236179,
            -0.0010804221965372562,
            -0.0002559473505243659,
            0.00017999333795160055,
            0.00014971174823585898,
            0.000812672427855432,
            -0.0006107833469286561,
            -8.805145625956357e-06,
            0.0008621327579021454,
            0.0006467725615948439,
            0.0001571185130160302,
            -0.0009496910497546196,
            0.0010221474803984165,
            -0.00029404350789263844,
            -2.0114079234190285e-05,
            0.000972743786405772,
            0.0003341177070979029,
            -0.0008684752974659204,
            0.0006070529343560338,
            -0.0008132695220410824,
            -0.000409902713727206,
            2.595536170701962e-05,
            5.495901859831065e-06,
            -1.4045781426830217e-08,
            1.679709748714231e-05
        ],
        "controllers": {
            "base": {
                "goal_is_valid": true,
                "goal": {
                    "target": [
                        0.0,
                        0.0,
                        0.0
                    ]
                }
            },
            "trunk": {
                "goal_is_valid": true,
                "goal": {
                    "target": [
                        -7.04092308296822e-05,
                        -0.00026068909210152924,
                        0.00011165829346282408,
                        3.3064100080082426e-06
                    ]
                }
            },
            "arm_left": {
                "goal_is_valid": true,
                "goal": {
                    "target_pos": [
                        0.5446205139160156,
                        0.3968488276004791,
                        1.446784257888794
                    ],
                    "target_ori_mat": [
                        [
                            -0.006777763366699219,
                            4.6770903281867504e-05,
                            0.9999769926071167
                        ],
                        [
                            0.0031177084892988205,
                            -0.9999949932098389,
                            6.790354382246733e-05
                        ],
                        [
                            0.9999721050262451,
                            0.0031180973164737225,
                            0.006777703762054443
                        ]
                    ]
                },
                "control_filter": {
                    "past_samples": [
                        [
                            -9.44799103308469e-06,
                            1.9059922695159912,
                            -0.9909892678260803,
                            1.5710012912750244,
                            0.9150040745735168,
                            -1.5709993839263916
                        ],
                        [
                            -8.47071896714624e-06,
                            1.905992865562439,
                            -0.9909923672676086,
                            1.5710008144378662,
                            0.9150018095970154,
                            -1.570999264717102
                        ]
                    ],
                    "current_idx": 0,
                    "fully_filled": true
                }
            },
            "gripper_left": {
                "goal_is_valid": true,
                "goal": {
                    "target": [
                        1.0
                    ]
                },
                "vel_filter": {
                    "past_samples": [
                        [
                            4.917382739222376e-06,
                            5.811452410853235e-06
                        ],
                        [
                            -8.493661880493164e-06,
                            -2.235173951703473e-06
                        ],
                        [
                            6.7055220824840944e-06,
                            -4.4703480739372026e-07
                        ],
                        [
                            -3.576278459149762e-06,
                            2.6822087875189027e-06
                        ],
                        [
                            -4.917382739222376e-06,
                            -6.7055220824840944e-06
                        ]
                    ],
                    "current_idx": 4,
                    "fully_filled": true
                }
            },
            "arm_right": {
                "goal_is_valid": true,
                "goal": {
                    "target_pos": [
                        0.5446233749389648,
                        -0.3968368172645569,
                        1.4439865350723267
                    ],
                    "target_ori_mat": [
                        [
                            0.005850315093994141,
                            -3.7297140806913376e-06,
                            0.9999827742576599
                        ],
                        [
                            -0.004663543775677681,
                            -0.9999887943267822,
                            2.3553380742669106e-05
                        ],
                        [
                            0.9999719262123108,
                            -0.004663601517677307,
                            -0.005849957466125488
                        ]
                    ]
                },
                "control_filter": {
                    "past_samples": [
                        [
                            3.836560426861979e-05,
                            1.9059942960739136,
                            -0.9909839034080505,
                            1.5710004568099976,
                            0.9150105118751526,
                            -1.571000337600708
                        ],
                        [
                            3.744411515071988e-05,
                            1.9059981107711792,
                            -0.990989625453949,
                            1.571000576019287,
                            0.9150082468986511,
                            -1.571000099182129
                        ]
                    ],
                    "current_idx": 0,
                    "fully_filled": true
                }
            },
            "gripper_right": {
                "goal_is_valid": true,