{
    "mousetrap.n.01_1": {
        "is_asleep": false,
        "root_link": {
            "pos": [
                1.998911738395691,
                2.1299540996551514,
                0.8861649036407471
            ],
            "ori": [
                6.687548011541367e-05,
                3.521597682265565e-05,
                0.9876546263694763,
                0.15664666891098022
            ],
            "lin_vel": [
                1.0555396556810592e-06,
                4.3393890791776357e-07,
                -2.0817913537030108e-05
            ],
            "ang_vel": [
                0.00045175201375968754,
                5.5484601034549996e-05,
                9.679430149844848e-06
            ]
        },
        "non_kin": {}
    },
    "mousetrap.n.01_2": {
        "is_asleep": false,
        "root_link": {
            "pos": [
                2.1288485527038574,
                1.7167346477508545,
                0.8861656785011292
            ],
            "ori": [
                -7.180985994637012e-05,
                2.125278660969343e-05,
                -0.8217954039573669,
                0.5697827935218811
            ],
            "lin_vel": [
                5.460801730805542e-06,
                -9.439650057174731e-06,
                -4.5404867705656216e-06
            ],
            "ang_vel": [
                6.248051795409992e-05,
                -3.712036777869798e-05,
                -5.5541757319588214e-05
            ]
        },
        "non_kin": {}
    },
    "mousetrap.n.01_3": {
        "is_asleep": false,
        "root_link": {
            "pos": [
                2.004053831100464,
                1.8573919534683228,
                0.8861770033836365
            ],
            "ori": [
                -4.23165038228035e-05,
                6.167629908304662e-05,
                -0.28121766448020935,
                0.9596440196037292
            ],
            "lin_vel": [
                -1.8618975445860997e-06,
                -5.543897714233026e-07,
                -4.2171336644969415e-06
            ],
            "ang_vel": [
                0.00010323159222025424,
                -8.871939644450322e-05,
                6.600051619898295e-06
            ]
        },
        "non_kin": {}
    },
    "mousetrap.n.01_4": {
        "is_asleep": false,
        "root_link": {
            "pos": [
                2.071251630783081,
                1.4875214099884033,
                0.8861846327781677
            ],
            "ori": [
                -3.777112578973174e-05,
                6.466768536483869e-05,
                -0.21263854205608368,
                0.9771309494972229
            ],
            "lin_vel": [
                -3.5222137739765458e-06,
                -8.955906196206342e-06,
                -3.793472842517076e-07
            ],
            "ang_vel": [
                0.00012534788402263075,
                -6.044858673703857e-05,
                4.455702583072707e-05
            ]
        },
        "non_kin": {}
    },
    "floor.n.01_1": {
        "is_asleep": false,
        "root_link": {
            "pos": [
                -0.08801501989364624,
                2.746849536895752,
                -0.15000000596046448
            ],
            "ori": [
                0.0,
                0.0,
                0.0,
                1.0
            ]
        },
        "non_kin": {}
    },
    "sink.n.01_1": {
        "is_asleep": false,
        "root_link": {
            "pos": [
                -2.1639554500579834,
                2.223419427871704,
                0.6277831196784973
            ],
            "ori": [
                0.0,
                0.0,
                0.0,
                1.0
            ]
        },
        "non_kin": {
            "Temperature": {
                "temperature": 23.0
            },
            "ToggledOn": {
                "value": false,
                "hand_in_marker_steps": 0
            }
        }
    },
    "cabinet.n.01_1": {
        "is_asleep": false,
        "root_link": {
            "pos": [
                2.092590808868408,
                2.0246498584747314,
                0.49188706278800964
            ],
            "ori": [
                9.5367431640625e-07,
                1.6076164683909155e-05,
                1.0,
                -5.523504569282522e-07
            ],
            "lin_vel": [
                0.0,
                0.0,
                0.0
            ],
            "ang_vel": [
                0.0,
                0.0,
                0.0
            ]
        },
        "joint_pos": [
            0.0,
            0.0,
            0.0,
            0.0,
            0.0,
            1.0792703231501163e-16
        ],
        "joint_vel": [
            -1.3884562417031266e-17,
            -1.388456076267004e-17,
            -1.388455083650269e-17,
            -1.3884562417031266e-17,
            -1.388456076267004e-17,
            1.419692102321967e-14
        ],
        "non_kin": {
            "Temperature": {
                "temperature": 23.0
            }
        }
    },
    "robot_poses": {
        "R1Pro": [
            {
                "position": [
                    1.0982093811035156,
                    2.3871116638183594,
                    0.003765106201171875
                ],
                "orientation": [
                    0.0,
                    0.0,
                    -0.773094117641449,
                    0.6342912912368774
                ]
            }
        ],
        "Fetch": [
            {
                "position": [
                    0.8990679979324341,
                    2.311633586883545,
                    0.0012933015823364258
                ],
                "orientation": [
                    0.0013122707605361938,
                    -0.0026466380804777145,
                    0.4443153142929077,
                    0.8958655595779419
                ]
            }
        ],
        "R1": [
            {
                "position": [
                    0.19706636667251587,
                    2.4644525051116943,
                    0.003765106201171875
                ],
                "orientation": [
                    0.002726915292441845,
                    0.004255193751305342,
                    0.49572163820266724,
                    0.8684667944908142
                ]
            }
        ],
        "Stretch": [
            {
                "position": [
                    -0.46065059304237366,
                    1.9806373119354248,
                    -0.0007995367050170898
                ],
                "orientation": [
                    -0.0019342899322509766,
                    -0.0004855657462030649,
                    0.9699235558509827,
                    -0.2434016615152359
                ]
            }
        ],
        "Tiago": [
            {
                "position": [
                    -0.5488561987876892,
                    2.543985366821289,
                    0.00034427642822265625
                ],
                "orientation": [
                    7.394520196157828e-08,
                    -8.374469473437784e-08,
                    -0.9980080723762512,
                    0.06308674067258835
                ]
            }
        ]
    }
}