{
    "agent.n.01_1": {
        "is_asleep": false,
        "root_link": {
            "pos": [
                -50.0,
                -50.0,
                -50.0
            ],
            "ori": [
                0.0,
                0.0,
                0.0,
                1.0
            ],
            "lin_vel": [
                0.0,
                0.0,
                0.0
            ],
            "ang_vel": [
                0.0,
                0.0,
                0.0
            ]
        },
        "joint_pos": [
            50.480010986328125,
            52.59846115112305,
            50.00376510620117,
            0.009960577823221684,
            -0.0017229613149538636,
            -0.6534773707389832,
            -7.045435631880537e-05,
            -0.00026118644746020436,
            0.00011219808220630512,
            4.416187039169017e-06,
            -6.230069629964419e-06,
            3.4628083085408434e-05,
            1.9060038328170776,
            1.9060035943984985,
            -0.9910023212432861,
            -0.9910054802894592,
            1.5709996223449707,
            1.5710012912750244,
            0.9150009751319885,
            0.9150000214576721,
            -1.5709973573684692,
            -1.571000576019287,
            0.0499999076128006,
            0.04999988526105881,
            0.0499998964369297,
            0.04999999701976776
        ],
        "joint_vel": [
            0.0005855509079992771,
            0.00040666270069777966,
            -0.0008626645430922508,
            -0.0005559326382353902,
            -0.00039709333213977516,
            0.00012038649583701044,
            0.0009950752137228847,
            -0.0003669663274195045,
            0.00018033052037935704,
            0.0012055921833962202,
            0.0005454284255392849,
            9.46701256907545e-05,
            -0.0011184782488271594,
            0.0008036332437768579,
            0.00016931341087911278,
            7.212122727651149e-05,
            0.0007915389141999185,
            6.097942969063297e-05,
            -0.0008374257013201714,
            0.0007659567054361105,
            -0.0006739575183019042,
            -0.0001586842117831111,
            4.080649887328036e-05,
            -7.678841029701289e-08,
            -1.266694198420737e-07,
            9.96271955955308e-06
        ],
        "controllers": {
            "base": {
                "goal_is_valid": true,
                "goal": {
                    "target": [
                        0.0,
                        0.0,
                        0.0
                    ]
                }
            },
            "trunk": {
                "goal_is_valid": true,
                "goal": {
                    "target": [
                        -7.043035293463618e-05,
                        -0.0002607333881314844,
                        0.00011166316107846797,
                        3.347791107444209e-06
                    ]
                }
            },
            "arm_left": {
                "goal_is_valid": true,
                "goal": {
                    "target_pos": [
                        0.5446212291717529,
                        0.3968479633331299,
                        1.4467847347259521
                    ],
                    "target_ori_mat": [
                        [
                            -0.006778359413146973,
                            4.640687257051468e-05,
                            0.9999769330024719
                        ],
                        [
                            0.003117636078968644,
                            -0.9999949932098389,
                            6.754091009497643e-05
                        ],
                        [
                            0.9999720454216003,
                            0.0031180221121758223,
                            0.006778359413146973
                        ]
                    ]
                },
                "control_filter": {
                    "past_samples": [
                        [
                            -5.53524569113506e-06,
                            1.9060035943984985,
                            -0.9910039901733398,
                            1.5709996223449707,
                            0.9150009751319885,
                            -1.5709984302520752
                        ],
                        [
                            -6.220275281521026e-06,
                            1.9060039520263672,
                            -0.9910035729408264,
                            1.5709996223449707,
                            0.9150019288063049,
                            -1.5709985494613647
                        ]
                    ],
                    "current_idx": 1,
                    "fully_filled": true
                }
            },
            "gripper_left": {
                "goal_is_valid": true,
                "goal": {
                    "target": [
                        1.0
                    ]
                },
                "vel_filter": {
                    "past_samples": [
                        [
                            1.0281800314260181e-05,
                            1.117586998589104e-05
                        ],
                        [
                            8.493661880493164e-06,
                            -9.834765478444751e-06
                        ],
                        [
                            -1.3858079000783619e-05,
                            1.0281800314260181e-05
                        ],
                        [
                            1.4305113836599048e-05,
                            -8.940696147874405e-07
                        ],
                        [
                            -1.251697449333733e-05,
                            -9.387730642629322e-06
                        ]
                    ],
                    "current_idx": 1,
                    "fully_filled": true
                }
            },
            "arm_right": {
                "goal_is_valid": true,
                "goal": {
                    "target_pos": [
                        0.5446249842643738,
                        -0.39683735370635986,
                        1.4439870119094849
                    ],
                    "target_ori_mat": [
                        [
                            0.005849659442901611,
                            -3.748806193470955e-06,
                            0.9999828338623047
                        ],
                        [
                            -0.004663413390517235,
                            -0.9999890327453613,
                            2.353079617023468e-05
                        ],
                        [
                            0.9999719858169556,
                            -0.004663471598178148,
                            -0.005849480628967285
                        ]
                    ]
                },
                "control_filter": {
                    "past_samples": [
                        [
                            3.399364140932448e-05,
                            1.906005859375,
                            -0.9910071492195129,
                            1.5710011720657349,
                            0.914998471736908,
                            -1.5710008144378662
                        ],
                        [
                            3.475038829492405e-05,
                            1.9060050249099731,
                            -0.9910040497779846,
                            1.571001410484314,
                            0.9150010347366333,
                            -1.5710012912750244
                        ]
                    ],
                    "current_idx": 1,
                    "fully_filled": true
                }
            },
            "gripper_right": {
                "goal_is_valid": true,