{
    "agent.n.01_1": {
        "is_asleep": false,
        "root_link": {
            "pos": [
                -50.0,
                -50.0,
                -50.0
            ],
            "ori": [
                0.0,
                0.0,
                0.0,
                1.0
            ],
            "lin_vel": [
                0.0,
                0.0,
                0.0
            ],
            "ang_vel": [
                0.0,
                0.0,
                0.0
            ]
        },
        "joint_pos": [
            49.71550369262695,
            52.6229362487793,
            50.00376510620117,
            0.010018554516136646,
            -0.00134398287627846,
            -0.6155319809913635,
            -7.033344445517287e-05,
            -0.0002608619106467813,
            0.00011209750664420426,
            4.449735570233315e-06,
            -5.475954822031781e-06,
            3.419285349082202e-05,
            1.9060020446777344,
            1.9060032367706299,
            -0.9910012483596802,
            -0.9910039901733398,
            1.5710008144378662,
            1.5710006952285767,
            0.9150003790855408,
            0.9150010943412781,
            -1.5709984302520752,
            -1.571000099182129,
            0.04999994486570358,
            0.04999995231628418,
            0.04999990016222,
            0.04999997839331627
        ],
        "joint_vel": [
            0.0003011277876794338,
            3.788001777138561e-05,
            -0.000915737880859524,
            0.000290769268758595,
            0.00043581309728324413,
            9.469604992773384e-05,
            -0.0007149296579882503,
            0.00020893329929094762,
            0.00026098371017724276,
            0.000913429947104305,
            0.0003882792079821229,
            0.0004953661700710654,
            -0.0012884309981018305,
            0.0009751060279086232,
            3.0411669285967946e-05,
            0.00022131366131361574,
            0.0007486495887860656,
            0.0009067603969015181,
            -0.0009353848872706294,
            0.0008331143180839717,
            -0.0007450485718436539,
            -0.000780401227530092,
            2.9166445528971963e-05,
            -4.455887392396107e-08,
            -8.722554412088357e-08,
            1.2528135812317487e-05
        ],
        "controllers": {
            "base": {
                "goal_is_valid": true,
                "goal": {
                    "target": [
                        0.0,
                        0.0,
                        0.0
                    ]
                }
            },
            "trunk": {
                "goal_is_valid": true,
                "goal": {
                    "target": [
                        -7.042630022624508e-05,
                        -0.000260724569670856,
                        0.00011166228068759665,
                        3.344186779941083e-06
                    ]
                }
            },
            "arm_left": {
                "goal_is_valid": true,
                "goal": {
                    "target_pos": [
                        0.5446212291717529,
                        0.3968479633331299,
                        1.4467843770980835
                    ],
                    "target_ori_mat": [
                        [
                            -0.006778359413146973,
                            4.643714055418968e-05,
                            0.9999769926071167
                        ],
                        [
                            0.0031176074407994747,
                            -0.9999951124191284,
                            6.75705960020423e-05
                        ],
                        [
                            0.9999721050262451,
                            0.00311799393966794,
                            0.006778240203857422
                        ]
                    ]
                },
                "control_filter": {
                    "past_samples": [
                        [
                            -4.493057986110216e-06,
                            1.9060009717941284,
                            -0.9910028576850891,
                            1.5710017681121826,
                            0.9149994254112244,
                            -1.571000099182129
                        ],
                        [
                            -5.897434220969444e-06,
                            1.9060020446777344,
                            -0.9910017251968384,
                            1.571000337600708,
                            0.9150013327598572,
                            -1.5709987878799438
                        ]
                    ],
                    "current_idx": 1,
                    "fully_filled": true
                }
            },
            "gripper_left": {
                "goal_is_valid": true,
                "goal": {
                    "target": [
                        1.0
                    ]
                },
                "vel_filter": {
                    "past_samples": [
                        [
                            -4.4703480739372026e-07,
                            -2.235173951703473e-06
                        ],
                        [
                            3.1292436233343324e-06,
                            -3.1292436233343324e-06
                        ],
                        [
                            -8.940696147874405e-07,
                            2.235173951703473e-06
                        ],
                        [
                            -3.1292436233343324e-06,
                            -1.3411043937594513e-06
                        ],
                        [
                            2.235173951703473e-06,
                            1.3411043937594513e-06
                        ]
                    ],
                    "current_idx": 1,
                    "fully_filled": true
                }
            },
            "arm_right": {
                "goal_is_valid": true,
                "goal": {
                    "target_pos": [
                        0.5446246862411499,
                        -0.39683687686920166,
                        1.4439866542816162
                    ],
                    "target_ori_mat": [
                        [
                            0.0058501362800598145,
                            -3.529246896505356e-06,
                            0.9999827742576599
                        ],
                        [
                            -0.004663416650146246,
                            -0.9999889135360718,
                            2.375221811234951e-05
                        ],
                        [
                            0.9999719262123108,
                            -0.004663475789129734,
                            -0.0058498382568359375
                        ]
                    ]
                },
                "control_filter": {
                    "past_samples": [
                        [
                            3.3739528589649126e-05,
                            1.9060052633285522,
                            -0.9910038113594055,
                            1.571000337600708,
                            0.9150009751319885,
                            -1.5710002183914185
                        ],
                        [
                            3.441329317865893e-05,
                            1.9060044288635254,
                            -0.9910032153129578,
                            1.571000576019287,
                            0.915000855922699,
                            -1.571000099182129
                        ]
                    ],
                    "current_idx": 1,
                    "fully_filled": true
                }
            },
            "gripper_right": {
                "goal_is_valid": true,