{
    "bottle.n.01_1": {
        "is_asleep": false,
        "root_link": {
            "pos": [
                7.965138912200928,
                -1.8811436891555786,
                0.5807514190673828
            ],
            "ori": [
                -9.618490003049374e-05,
                -0.0005907966988161206,
                -0.697418212890625,
                0.7166643738746643
            ],
            "lin_vel": [
                0.0016761858714744449,
                0.0009541762992739677,
                -5.088193574920297e-06
            ],
            "ang_vel": [
                -0.012361835688352585,
                0.015224081464111805,
                0.0006015803664922714
            ]
        },
        "non_kin": {
            "Temperature": {
                "temperature": 19.767053604125977
            }
        }
    },
    "bottle.n.01_2": {
        "is_asleep": false,
        "root_link": {
            "pos": [
                7.712628364562988,
                -1.8515626192092896,
                0.9928149580955505
            ],
            "ori": [
                0.018490759655833244,
                0.01046915166079998,
                -0.5119637250900269,
                0.8587443232536316
            ],
            "lin_vel": [
                -0.0009535298449918628,
                0.0010553934844210744,
                -0.0003404334420338273
            ],
            "ang_vel": [
                -0.009985879994928837,
                -0.009548167698085308,
                -0.0006680680671706796
            ]
        },
        "non_kin": {
            "Temperature": {
                "temperature": 19.767053604125977
            }
        }
    },
    "coffee_table.n.01_1": {
        "is_asleep": true,
        "root_link": {
            "pos": [
                12.591486930847168,
                0.6086567640304565,
                0.1504133641719818
            ],
            "ori": [
                6.839513844170142e-08,
                1.4017587091075256e-08,
                -2.9801121570471878e-08,
                1.0000001192092896
            ],
            "lin_vel": [
                0.0,
                0.0,
                0.0
            ],
            "ang_vel": [
                0.0,
                0.0,
                0.0
            ]
        },
        "non_kin": {}
    },
    "electric_refrigerator.n.01_1": {
        "is_asleep": false,
        "root_link": {
            "pos": [
                7.81859016418457,
                -1.9658963680267334,
                0.9844351410865784
            ],
            "ori": [
                0.0006650290451943874,
                0.007770725525915623,
                0.6905908584594727,
                0.7232039570808411
            ],
            "lin_vel": [
                0.0,
                0.0,
                0.0
            ],
            "ang_vel": [
                0.0,
                0.0,
                0.0
            ]
        },
        "joint_pos": [
            -3.783575820605833e-21
        ],
        "joint_vel": [
            -2.0639809028836013e-20
        ],
        "non_kin": {
            "Temperature": {
                "temperature": 23.0
            }
        }
    },
    "floor.n.01_1": {
        "is_asleep": false,
        "root_link": {
            "pos": [
                6.593125820159912,
                -0.258637011051178,
                -0.13868464529514313
            ],
            "ori": [
                0.0,
                0.0,
                0.0,
                1.0
            ]
        },
        "non_kin": {}
    },
    "robot_poses": {
        "R1Pro": [
            {
                "position": [
                    5.253063201904297,
                    1.6354637145996094,
                    0.003780364990234375
                ],
                "orientation": [
                    0.0,
                    0.0,
                    -0.9257498979568481,
                    0.37813642621040344
                ]
            }
        ],
        "Fetch": [
            {
                "position": [
                    7.103024005889893,
                    -0.8064776659011841,
                    0.0013086795806884766
                ],
                "orientation": [
                    -0.0016824156045913696,
                    -0.002428123727440834,
                    -0.5694613456726074,
                    0.8220128417015076
                ]
            }
        ],
        "R1": [
            {
                "position": [
                    5.622794151306152,
                    -0.7454961538314819,
                    0.0037804245948791504
                ],
                "orientation": [
                    0.004804437980055809,
                    -0.0015694156754761934,
                    -0.7158554792404175,
                    0.6982302665710449
                ]
            }
        ],
        "Stretch": [
            {
                "position": [
                    4.962305545806885,
                    1.8584306240081787,
                    -0.00080108642578125
                ],
                "orientation": [
                    -0.0012277662754058838,
                    0.0016200344543904066,
                    0.5810028314590454,
                    0.813899040222168
                ]
            }
        ],
        "Tiago": [
            {
                "position": [
                    5.488516330718994,
                    -0.8695788383483887,
                    0.00035953521728515625
                ],
                "orientation": [
                    -6.75439792985344e-08,
                    -3.0723295907364445e-08,
                    0.9999993443489075,
                    0.0012249507708474994
                ]
            }
        ]
    }
}