{
    "agent.n.01_1": {
        "is_asleep": false,
        "root_link": {
            "pos": [
                -50.0,
                -50.0,
                -50.0
            ],
            "ori": [
                0.0,
                0.0,
                0.0,
                1.0
            ],
            "lin_vel": [
                0.0,
                0.0,
                0.0
            ],
            "ang_vel": [
                0.0,
                0.0,
                0.0
            ]
        },
        "joint_pos": [
            58.764015197753906,
            51.64361572265625,
            50.00111389160156,
            -0.009593373164534569,
            -0.006920788437128067,
            -1.7956515550613403,
            -6.97454743203707e-05,
            -0.0002620716695673764,
            0.00011408770660636947,
            4.430955868883757e-06,
            -2.9710190574405715e-06,
            3.0327928470796905e-05,
            1.9060146808624268,
            1.9060018062591553,
            -0.9910040497779846,
            -0.991014838218689,
            1.571000337600708,
            1.570999026298523,
            0.9150086641311646,
            0.914990246295929,
            -1.5709989070892334,
            -1.5709995031356812,
            0.04999954625964165,
            0.04999932274222374,
            0.04999994486570358,
            0.04999962076544762
        ],
        "joint_vel": [
            -0.0001398503954987973,
            -0.00034217105712741613,
            -0.0041038598865270615,
            0.0009188884869217873,
            9.713857434689999e-05,
            -0.0022726089227944613,
            -0.0012661939254030585,
            0.0006458303541876376,
            0.0007567025604657829,
            -5.348282866179943e-05,
            0.000928264984395355,
            0.0019174230983480811,
            -0.004097992554306984,
            0.0035703459288924932,
            -0.0007340936572290957,
            0.0008959673577919602,
            0.0020313537679612637,
            0.004160520154982805,
            -0.0035832596477121115,
            0.0034743386786431074,
            -0.0021691268775612116,
            -0.0034232859034091234,
            0.00010204911086475477,
            -1.434236764907837e-07,
            -2.47518255491741e-05,
            7.218927930807695e-05
        ],
        "controllers": {
            "base": {
                "goal_is_valid": true,
                "goal": {
                    "target": [
                        0.0,
                        0.0,
                        0.0
                    ]
                }
            },
            "trunk": {
                "goal_is_valid": true,
                "goal": {
                    "target": [
                        -7.036043825792149e-05,
                        -0.00026058685034513474,
                        0.00011164805619046092,
                        3.2893119623622624e-06
                    ]
                }
            },
            "arm_left": {
                "goal_is_valid": true,
                "goal": {
                    "target_pos": [
                        0.5446219444274902,
                        0.3968467712402344,
                        1.4467843770980835
                    ],
                    "target_ori_mat": [
                        [
                            -0.00677800178527832,
                            4.675588570535183e-05,
                            0.9999769330024719
                        ],
                        [
                            0.0031176600605249405,
                            -0.9999949932098389,
                            6.788899190723896e-05
                        ],
                        [
                            0.9999720454216003,
                            0.003118048654869199,
                            0.006778061389923096
                        ]
                    ]
                },
                "control_filter": {
                    "past_samples": [
                        [
                            -1.5139823972276645e-06,
                            1.9060133695602417,
                            -0.9910057783126831,
                            1.5710010528564453,
                            0.915008544921875,
                            -1.5709996223449707
                        ],
                        [
                            -2.5194308364007156e-06,
                            1.9060132503509521,
                            -0.9910039901733398,
                            1.5709999799728394,
                            0.915010392665863,
                            -1.5709984302520752
                        ]
                    ],
                    "current_idx": 0,
                    "fully_filled": true
                }
            },
            "gripper_left": {
                "goal_is_valid": true,
                "goal": {
                    "target": [
                        1.0
                    ]
                },
                "vel_filter": {
                    "past_samples": [
                        [
                            -8.940696147874405e-07,
                            -5.3197141824057326e-05
                        ],
                        [
                            6.258487246668665e-06,
                            5.051493280916475e-05
                        ],
                        [
                            -8.046627044677734e-06,
                            -5.096196764498018e-05
                        ],
                        [
                            3.576278459149762e-06,
                            5.051493280916475e-05
                        ],
                        [
                            3.1292436233343324e-06,
                            5.3197141824057326e-05
                        ]
                    ],
                    "current_idx": 4,
                    "fully_filled": true
                }
            },
            "arm_right": {
                "goal_is_valid": true,
                "goal": {
                    "target_pos": [
                        0.5446255207061768,
                        -0.3968386650085449,
                        1.4439862966537476
                    ],
                    "target_ori_mat": [
                        [
                            0.005850315093994141,
                            -3.830296918749809e-06,
                            0.9999827742576599
                        ],
                        [
                            -0.004663551226258278,
                            -0.9999887943267822,
                            2.3453030735254288e-05
                        ],
                        [
                            0.9999719262123108,
                            -0.004663608502596617,
                            -0.005849957466125488
                        ]
                    ]
                },
                "control_filter": {
                    "past_samples": [
                        [
                            2.9300486858119257e-05,
                            1.9060040712356567,
                            -0.9910144805908203,
                            1.570999026298523,
                            0.9149898886680603,
                            -1.5709991455078125
                        ],
                        [
                            2.94696419587126e-05,
                            1.9060033559799194,
                            -0.9910162687301636,
                            1.570999026298523,
                            0.9149872660636902,
                            -1.570999026298523
                        ]
                    ],
                    "current_idx": 0,
                    "fully_filled": true
                }
            },
            "gripper_right": {
                "goal_is_valid": true,