{
    "bottle.n.01_1": {
        "is_asleep": false,
        "root_link": {
            "pos": [
                7.965031147003174,
                -1.8456519842147827,
                1.3904449939727783
            ],
            "ori": [
                0.003738212399184704,
                -0.021393414586782455,
                0.9856067895889282,
                0.16765344142913818
            ],
            "lin_vel": [
                0.000808556389529258,
                0.0009835826931521297,
                -0.00013993264292366803
            ],
            "ang_vel": [
                -0.004061959218233824,
                0.008536852896213531,
                -0.012161451391875744
            ]
        },
        "non_kin": {
            "Temperature": {
                "temperature": 19.767053604125977
            }
        }
    },
    "bottle.n.01_2": {
        "is_asleep": false,
        "root_link": {
            "pos": [
                7.754671573638916,
                -1.735443353652954,
                0.5805834531784058
            ],
            "ori": [
                -8.389636059291661e-05,
                -0.0007222121930681169,
                -0.42490801215171814,
                0.9052363038063049
            ],
            "lin_vel": [
                -0.0009180582128465176,
                -0.0003689139266498387,
                -0.00017467455472797155
            ],
            "ang_vel": [
                -0.0004141169774811715,
                -0.007697779219597578,
                -0.004445701837539673
            ]
        },
        "non_kin": {
            "Temperature": {
                "temperature": 19.767053604125977
            }
        }
    },
    "coffee_table.n.01_1": {
        "is_asleep": true,
        "root_link": {
            "pos": [
                12.591486930847168,
                0.6086567640304565,
                0.1504133641719818
            ],
            "ori": [
                6.839513844170142e-08,
                1.4017587091075256e-08,
                -2.9801121570471878e-08,
                1.0000001192092896
            ],
            "lin_vel": [
                0.0,
                0.0,
                0.0
            ],
            "ang_vel": [
                0.0,
                0.0,
                0.0
            ]
        },
        "non_kin": {}
    },
    "electric_refrigerator.n.01_1": {
        "is_asleep": false,
        "root_link": {
            "pos": [
                7.81859016418457,
                -1.9658963680267334,
                0.9844350814819336
            ],
            "ori": [
                0.0006650276482105255,
                0.007770724594593048,
                0.6905907988548279,
                0.7232038974761963
            ],
            "lin_vel": [
                0.0,
                0.0,
                0.0
            ],
            "ang_vel": [
                0.0,
                0.0,
                0.0
            ]
        },
        "joint_pos": [
            -3.598287363393955e-21
        ],
        "joint_vel": [
            -2.0639809028836013e-20
        ],
        "non_kin": {
            "Temperature": {
                "temperature": 23.0
            }
        }
    },
    "floor.n.01_1": {
        "is_asleep": false,
        "root_link": {
            "pos": [
                6.593125820159912,
                -0.258637011051178,
                -0.13868464529514313
            ],
            "ori": [
                0.0,
                0.0,
                0.0,
                1.0
            ]
        },
        "non_kin": {}
    },
    "robot_poses": {
        "R1Pro": [
            {
                "position": [
                    7.396121978759766,
                    -0.8606796264648438,
                    0.003780364990234375
                ],
                "orientation": [
                    0.0,
                    0.0,
                    -0.7368966937065125,
                    0.6760053634643555
                ]
            }
        ],
        "Fetch": [
            {
                "position": [
                    7.749025821685791,
                    -1.2951933145523071,
                    0.0013087987899780273
                ],
                "orientation": [
                    0.0029545575380325317,
                    5.383044481277466e-07,
                    0.9999956488609314,
                    -0.00016220659017562866
                ]
            }
        ],
        "R1": [
            {
                "position": [
                    5.228205680847168,
                    -0.6234224438667297,
                    0.003780364990234375
                ],
                "orientation": [
                    0.00502469576895237,
                    -0.000544446986168623,
                    -0.5564984083175659,
                    0.830833375453949
                ]
            }
        ],
        "Stretch": [
            {
                "position": [
                    5.123766899108887,
                    1.0013140439987183,
                    -0.0007841289043426514
                ],
                "orientation": [
                    -0.00012575217988342047,
                    0.00199087499640882,
                    0.0631328672170639,
                    0.9980031251907349
                ]
            }
        ],
        "Tiago": [
            {
                "position": [
                    7.295107364654541,
                    -0.9321436882019043,
                    0.00035953521728515625
                ],
                "orientation": [
                    2.1969334795812756e-08,
                    -2.8587784584033216e-08,
                    -0.6431472301483154,
                    0.7657425403594971
                ]
            }
        ]
    }
}