{
    "agent.n.01_1": {
        "is_asleep": false,
        "root_link": {
            "pos": [
                -50.0,
                -50.0,
                -50.0
            ],
            "ori": [
                0.0,
                0.0,
                0.0,
                1.0
            ],
            "lin_vel": [
                0.0,
                0.0,
                0.0
            ],
            "ang_vel": [
                0.0,
                0.0,
                0.0
            ]
        },
        "joint_pos": [
            55.091312408447266,
            50.39501953125,
            50.003780364990234,
            0.008792825974524021,
            0.004987420979887247,
            0.03381902724504471,
            -0.0001280849683098495,
            -0.0004763276665471494,
            0.00020709072123281658,
            4.0855265979189426e-06,
            0.00034962300560437143,
            -0.00029549194732680917,
            1.9065792560577393,
            1.9065840244293213,
            -0.991936206817627,
            -0.9919337034225464,
            1.570990800857544,
            1.571016550064087,
            0.9146459698677063,
            0.9146497249603271,
            -1.5709941387176514,
            -1.5710134506225586,
            0.0499999038875103,
            0.04999997094273567,
            0.04999995976686478,
            0.049999963492155075
        ],
        "joint_vel": [
            -7.12937762727961e-05,
            -5.427314681583084e-05,
            -0.00020274825510568917,
            -0.00013466928794514388,
            5.026579674449749e-05,
            6.037557977833785e-05,
            -6.661986117251217e-05,
            0.000519920838996768,
            -0.00022498515318147838,
            -0.000274587218882516,
            -0.00021207242389209569,
            -0.00024502925225533545,
            0.0010973941534757614,
            -0.0007233730284497142,
            7.817926234565675e-05,
            -9.813771612243727e-05,
            -0.0001251532230526209,
            -0.0002598757855594158,
            0.00018701652879826725,
            -0.00026071094907820225,
            0.00012229268031660467,
            0.00020918267546221614,
            2.556970002842718e-06,
            7.91064667282626e-06,
            7.743443347862922e-06,
            -3.564605322026182e-08
        ],
        "controllers": {
            "base": {
                "goal_is_valid": true,
                "goal": {
                    "target": [
                        0.0,
                        0.0,
                        0.0
                    ]
                }
            },
            "trunk": {
                "goal_is_valid": true,
                "goal": {
                    "target": [
                        -0.00012942645116709173,
                        -0.0004781564639415592,
                        0.0002073594368994236,
                        4.5941624193801545e-06
                    ]
                }
            },
            "arm_left": {
                "goal_is_valid": true,
                "goal": {
                    "target_pos": [
                        0.5446157455444336,
                        0.39684975147247314,
                        1.4467908143997192
                    ],
                    "target_ori_mat": [
                        [
                            -0.006783843040466309,
                            4.644214641302824e-05,
                            0.9999769330024719
                        ],
                        [
                            0.003116933163255453,
                            -0.9999949932098389,
                            6.758864037692547e-05
                        ],
                        [
                            0.9999720454216003,
                            0.003117319894954562,
                            0.006783902645111084
                        ]
                    ]
                },
                "control_filter": {
                    "past_samples": [
                        [
                            0.00034945725928992033,
                            1.906579613685608,
                            -0.991936206817627,
                            1.5709906816482544,
                            0.9146453738212585,
                            -1.5709943771362305
                        ],
                        [
                            0.0003494488191790879,
                            1.9065784215927124,
                            -0.9919341802597046,
                            1.5709912776947021,
                            0.914646327495575,
                            -1.5709946155548096
                        ]
                    ],
                    "current_idx": 0,
                    "fully_filled": true
                }
            },
            "gripper_left": {
                "goal_is_valid": true,
                "goal": {
                    "target": [
                        1.0
                    ]
                },
                "vel_filter": {
                    "past_samples": [
                        [
                            1.3411043937594513e-06,
                            -5.364417575037805e-06
                        ],
                        [
                            1.3411043937594513e-06,
                            -1.788139229574881e-06
                        ],
                        [
                            -2.235173951703473e-06,
                            -8.940696147874405e-07
                        ],
                        [
                            1.788139229574881e-06,
                            2.6822087875189027e-06
                        ],
                        [
                            -2.235173951703473e-06,
                            -1.3411043937594513e-06
                        ]
                    ],
                    "current_idx": 1,
                    "fully_filled": true
                }
            },
            "arm_right": {
                "goal_is_valid": true,
                "goal": {
                    "target_pos": [
                        0.5446186065673828,
                        -0.39683806896209717,
                        1.4440076351165771
                    ],
                    "target_ori_mat": [
                        [
                            0.005820214748382568,
                            -4.467787221074104e-06,
                            0.9999831914901733
                        ],
                        [
                            -0.004662497900426388,
                            -0.99998939037323,
                            2.2670254111289978e-05
                        ],
                        [
                            0.9999723434448242,
                            -0.004662550985813141,
                            -0.0058203935623168945
                        ]
                    ]
                },
                "control_filter": {
                    "past_samples": [
                        [
                            -0.0002954239898826927,
                            1.9065839052200317,
                            -0.9919341802597046,
                            1.5710163116455078,
                            0.9146496057510376,
                            -1.571013331413269
                        ],
                        [
                            -0.00029596511740237474,
                            1.9065827131271362,
                            -0.991932213306427,
                            1.571015477180481,
                            0.914650022983551,
                            -1.5710124969482422
                        ]
                    ],
                    "current_idx": 0,
                    "fully_filled": true
                }
            },