{
    "agent.n.01_1": {
        "is_asleep": false,
        "root_link": {
            "pos": [
                -50.0,
                -50.0,
                -50.0
            ],
            "ori": [
                0.0,
                0.0,
                0.0,
                1.0
            ],
            "lin_vel": [
                0.0,
                0.0,
                0.0
            ],
            "ang_vel": [
                0.0,
                0.0,
                0.0
            ]
        },
        "joint_pos": [
            55.27812576293945,
            51.464263916015625,
            50.003780364990234,
            0.006907853297889233,
            0.007379604037851095,
            0.33617711067199707,
            -7.10972017259337e-05,
            -0.00026168173644691706,
            0.00011164567695232108,
            4.192532287561335e-06,
            -5.586696715909056e-06,
            3.4658529330044985e-05,
            1.9060026407241821,
            1.9060044288635254,
            -0.9910019040107727,
            -0.9910073280334473,
            1.5710008144378662,
            1.5710010528564453,
            0.9150006771087646,
            0.9149986505508423,
            -1.570999026298523,
            -1.571000337600708,
            0.04999995604157448,
            0.04999999701976776,
            0.04999988153576851,
            0.049999915063381195
        ],
        "joint_vel": [
            -0.00016934001178015023,
            0.0002765537064988166,
            -0.0007071639411151409,
            0.00034309254260733724,
            -0.00033965182956308126,
            0.0005845969426445663,
            0.0013580427039414644,
            -0.0006064550252631307,
            0.00036613817792385817,
            0.0013727745972573757,
            0.0008175807306542993,
            0.0003182921791449189,
            -0.0017764465883374214,
            0.0016441427869722247,
            -0.00037258167867548764,
            0.00039528601337224245,
            0.0010977074271067977,
            0.00013786775525659323,
            -0.000916597549803555,
            0.0009185340604744852,
            -0.0008670708630234003,
            -0.00030029111076146364,
            3.0949919164413586e-05,
            1.1949641702813096e-06,
            9.52365189732518e-06,
            1.8178074242314324e-05
        ],
        "controllers": {
            "base": {
                "goal_is_valid": true,
                "goal": {
                    "target": [
                        0.0,
                        0.0,
                        0.0
                    ]
                }
            },
            "trunk": {
                "goal_is_valid": true,
                "goal": {
                    "target": [
                        -7.03786063240841e-05,
                        -0.0002606247435323894,
                        0.0001116522544180043,
                        3.3149970022350317e-06
                    ]
                }
            },
            "arm_left": {
                "goal_is_valid": true,
                "goal": {
                    "target_pos": [
                        0.544621467590332,
                        0.3968481421470642,
                        1.4467841386795044
                    ],
                    "target_ori_mat": [
                        [
                            -0.006778359413146973,
                            4.6466710045933723e-05,
                            0.9999771118164062
                        ],
                        [
                            0.0031176693737506866,
                            -0.999995231628418,
                            6.760039832442999e-05
                        ],
                        [
                            0.9999722242355347,
                            0.003118055872619152,
                            0.006778061389923096
                        ]
                    ]
                },
                "control_filter": {
                    "past_samples": [
                        [
                            -5.25722543898155e-06,
                            1.9060026407241821,
                            -0.9910048842430115,
                            1.5710006952285767,
                            0.9149993658065796,
                            -1.570999264717102
                        ],
                        [
                            -6.184211088111624e-06,
                            1.9060012102127075,
                            -0.9909998774528503,
                            1.5710009336471558,
                            0.9150019884109497,
                            -1.5709996223449707
                        ]
                    ],
                    "current_idx": 1,
                    "fully_filled": true
                }
            },
            "gripper_left": {
                "goal_is_valid": true,
                "goal": {
                    "target": [
                        1.0
                    ]
                },
                "vel_filter": {
                    "past_samples": [
                        [
                            4.470347903406946e-06,
                            -1.117586998589104e-05
                        ],
                        [
                            0.0,
                            -1.162290482170647e-05
                        ],
                        [
                            4.023313522338867e-06,
                            8.940695806813892e-06
                        ],
                        [
                            -2.235173951703473e-06,
                            -4.917382739222376e-06
                        ],
                        [
                            -6.258487246668665e-06,
                            7.599591754114954e-06
                        ]
                    ],
                    "current_idx": 1,
                    "fully_filled": true
                }
            },
            "arm_right": {
                "goal_is_valid": true,
                "goal": {
                    "target_pos": [
                        0.5446257591247559,
                        -0.3968375623226166,
                        1.4439866542816162
                    ],
                    "target_ori_mat": [
                        [
                            0.005850315093994141,
                            -3.939028829336166e-06,
                            0.9999827742576599
                        ],
                        [
                            -0.004663397092372179,
                            -0.9999887943267822,
                            2.334313467144966e-05
                        ],
                        [
                            0.9999719262123108,
                            -0.004663453903049231,
                            -0.005849957466125488
                        ]
                    ]
                },
                "control_filter": {
                    "past_samples": [
                        [
                            3.467456190264784e-05,
                            1.9060077667236328,
                            -0.9910095930099487,
                            1.571001648902893,
                            0.914997935295105,
                            -1.5710012912750244
                        ],
                        [
                            3.5256736737210304e-05,
                            1.9060025215148926,
                            -0.9910045266151428,
                            1.5710008144378662,
                            0.9149986505508423,
                            -1.5710006952285767
                        ]
                    ],
                    "current_idx": 1,
                    "fully_filled": true
                }
            },
            "gripper_right": {
                "goal_is_valid": true,