{
    "storage_container.n.01_1": {
        "is_asleep": false,
        "root_link": {
            "pos": [
                3.9034423828125,
                6.834205627441406,
                0.07238442450761795
            ],
            "ori": [
                3.5181380031445997e-09,
                -8.584523092380891e-10,
                -0.04605308920145035,
                0.9989389777183533
            ],
            "lin_vel": [
                -1.7453178659254664e-12,
                -2.0711059603439885e-11,
                -3.8908570809681464e-11
            ],
            "ang_vel": [
                -6.541280850314024e-10,
                -7.079145429578215e-12,
                1.620135969826464e-10
            ]
        },
        "non_kin": {
            "Temperature": {
                "temperature": 23.0
            }
        }
    },
    "storage_container.n.01_2": {
        "is_asleep": true,
        "root_link": {
            "pos": [
                5.291370391845703,
                4.986079216003418,
                0.07238445430994034
            ],
            "ori": [
                4.9427377746269485e-09,
                -2.682088551253514e-09,
                -0.7197074294090271,
                0.6942775845527649
            ],
            "lin_vel": [
                0.0,
                0.0,
                0.0
            ],
            "ang_vel": [
                0.0,
                0.0,
                0.0
            ]
        },
        "non_kin": {
            "Temperature": {
                "temperature": 23.0
            }
        }
    },
    "floor.n.01_1": {
        "is_asleep": false,
        "root_link": {
            "pos": [
                3.866909980773926,
                5.666343688964844,
                -0.15000006556510925
            ],
            "ori": [
                0.0,
                0.0,
                0.0,
                1.0
            ]
        },
        "non_kin": {}
    },
    "floor.n.01_2": {
        "is_asleep": false,
        "root_link": {
            "pos": [
                -5.369476318359375,
                5.505799293518066,
                -0.15000003576278687
            ],
            "ori": [
                0.0,
                0.0,
                0.0,
                1.0
            ]
        },
        "non_kin": {}
    },
    "robot_poses": {
        "R1Pro": [
            {
                "position": [
                    -3.0012245178222656,
                    3.69830322265625,
                    0.003765106201171875
                ],
                "orientation": [
                    0.0,
                    0.0,
                    0.7902027368545532,
                    0.6128454804420471
                ]
            }
        ],
        "Fetch": [
            {
                "position": [
                    -7.043900966644287,
                    5.11156702041626,
                    0.0012934505939483643
                ],
                "orientation": [
                    -0.001122012734413147,
                    -0.00273166224360466,
                    -0.3798181414604187,
                    0.925056517124176
                ]
            }
        ],
        "R1": [
            {
                "position": [
                    -6.234638690948486,
                    4.792019367218018,
                    0.003765106201171875
                ],
                "orientation": [
                    0.004718678072094917,
                    -0.0018102512694895267,
                    -0.7502914071083069,
                    0.6610880494117737
                ]
            }
        ],
        "Stretch": [
            {
                "position": [
                    -3.9938056468963623,
                    3.238682270050049,
                    -0.000799328088760376
                ],
                "orientation": [
                    0.0012437310069799423,
                    0.0015598539030179381,
                    -0.623233437538147,
                    0.7820333242416382
                ]
            }
        ],
        "Tiago": [
            {
                "position": [
                    -5.755097389221191,
                    4.676012992858887,
                    0.00034427642822265625
                ],
                "orientation": [
                    -1.0036104924893152e-07,
                    7.032848259314051e-08,
                    0.3000195026397705,
                    0.95393306016922
                ]
            }
        ]
    }
}