{
    "storage_container.n.01_1": {
        "is_asleep": false,
        "root_link": {
            "pos": [
                4.004936218261719,
                3.771023750305176,
                0.07238444685935974
            ],
            "ori": [
                -3.8300633775634196e-08,
                -9.960331226466224e-09,
                -0.37276965379714966,
                0.9279239177703857
            ],
            "lin_vel": [
                -1.6572165861816757e-07,
                -2.441861965962744e-07,
                -1.3370471378948423e-06
            ],
            "ang_vel": [
                2.1636371911881724e-06,
                -2.7983790005237097e-06,
                5.891635623811453e-08
            ]
        },
        "non_kin": {
            "Temperature": {
                "temperature": 23.0
            }
        }
    },
    "storage_container.n.01_2": {
        "is_asleep": true,
        "root_link": {
            "pos": [
                5.162051677703857,
                3.979374408721924,
                0.07238448411226273
            ],
            "ori": [
                5.795639079764214e-09,
                -3.931649228405831e-09,
                0.6327517032623291,
                0.7743546962738037
            ],
            "lin_vel": [
                0.0,
                0.0,
                0.0
            ],
            "ang_vel": [
                0.0,
                0.0,
                0.0
            ]
        },
        "non_kin": {
            "Temperature": {
                "temperature": 23.0
            }
        }
    },
    "floor.n.01_1": {
        "is_asleep": false,
        "root_link": {
            "pos": [
                3.866909980773926,
                5.666343688964844,
                -0.15000006556510925
            ],
            "ori": [
                0.0,
                0.0,
                0.0,
                1.0
            ]
        },
        "non_kin": {}
    },
    "floor.n.01_2": {
        "is_asleep": false,
        "root_link": {
            "pos": [
                -5.369476318359375,
                5.505799293518066,
                -0.15000003576278687
            ],
            "ori": [
                0.0,
                0.0,
                0.0,
                1.0
            ]
        },
        "non_kin": {}
    },
    "robot_poses": {
        "R1Pro": [
            {
                "position": [
                    -4.038425445556641,
                    3.6241416931152344,
                    0.003765106201171875
                ],
                "orientation": [
                    0.0,
                    0.0,
                    -0.9953757524490356,
                    0.09605804085731506
                ]
            }
        ],
        "Fetch": [
            {
                "position": [
                    -7.160030364990234,
                    5.253758907318115,
                    0.0012934505939483643
                ],
                "orientation": [
                    0.002657577395439148,
                    0.0012892354279756546,
                    0.8997191190719604,
                    -0.43645933270454407
                ]
            }
        ],
        "R1": [
            {
                "position": [
                    -7.5369954109191895,
                    3.8097989559173584,
                    0.003765106201171875
                ],
                "orientation": [
                    -0.001453423872590065,
                    0.004840629640966654,
                    0.9818969964981079,
                    0.18934854865074158
                ]
            }
        ],
        "Stretch": [
            {
                "position": [
                    -7.234945297241211,
                    6.483475685119629,
                    -0.0007996559143066406
                ],
                "orientation": [
                    -0.0019211620092391968,
                    -0.0005374161410145462,
                    0.9630634784698486,
                    -0.26926741003990173
                ]
            }
        ],
        "Tiago": [
            {
                "position": [
                    -4.953129768371582,
                    4.55026912689209,
                    0.00034427642822265625
                ],
                "orientation": [
                    -1.0602796862713149e-08,
                    3.150199745505233e-08,
                    -0.8766913414001465,
                    0.48105332255363464
                ]
            }
        ]
    }
}