{
    "agent.n.01_1": {
        "is_asleep": false,
        "root_link": {
            "pos": [
                -50.0,
                -50.0,
                -50.0
            ],
            "ori": [
                0.0,
                0.0,
                0.0,
                1.0
            ],
            "lin_vel": [
                0.0,
                0.0,
                0.0
            ],
            "ang_vel": [
                0.0,
                0.0,
                0.0
            ]
        },
        "joint_pos": [
            42.03131103515625,
            56.40825653076172,
            50.00376510620117,
            -0.0039358073845505714,
            0.009310421533882618,
            1.4885125160217285,
            -7.024378282949328e-05,
            -0.00025786677724681795,
            0.00011060004908358678,
            3.7468012124008965e-06,
            -5.974786290607881e-06,
            3.367454337421805e-05,
            1.9060118198394775,
            1.9060018062591553,
            -0.9910032749176025,
            -0.991011381149292,
            1.5709998607635498,
            1.5709999799728394,
            0.9150076508522034,
            0.9149927496910095,
            -1.570999026298523,
            -1.5710006952285767,
            0.04999992251396179,
            0.04999999701976776,
            0.049999747425317764,
            0.04999985173344612
        ],
        "joint_vel": [
            -0.0003817665856331587,
            -0.0003593277942854911,
            -0.001008371589705348,
            -0.0012559792958199978,
            4.0501938201487064e-05,
            0.00023984408471733332,
            -0.0006075199926272035,
            -0.0016276544192805886,
            1.57384347403422e-05,
            0.001426777453161776,
            0.0006820072885602713,
            0.00011495489161461592,
            -0.002229157369583845,
            0.0019464266952127218,
            -0.00017098676471505314,
            0.0008064433350227773,
            0.0008207526989281178,
            -0.0005209730006754398,
            -0.0006654158351011574,
            0.0009285365813411772,
            -0.0005500479019246995,
            0.00027187351952306926,
            6.81047240504995e-05,
            3.3043241273844615e-05,
            1.5156392692006193e-05,
            2.1976098651066422e-05
        ],
        "controllers": {
            "base": {
                "goal_is_valid": true,
                "goal": {
                    "target": [
                        0.0,
                        0.0,
                        0.0
                    ]
                }
            },
            "trunk": {
                "goal_is_valid": true,
                "goal": {
                    "target": [
                        -7.03449550201185e-05,
                        -0.00026055422495119274,
                        0.0001116452767746523,
                        3.307412498543272e-06
                    ]
                }
            },
            "arm_left": {
                "goal_is_valid": true,
                "goal": {
                    "target_pos": [
                        0.5446219444274902,
                        0.3968467712402344,
                        1.446784257888794
                    ],
                    "target_ori_mat": [
                        [
                            -0.006777763366699219,
                            4.6465545892715454e-05,
                            0.9999769330024719
                        ],
                        [
                            0.0031178847420960665,
                            -0.9999948740005493,
                            6.75995834171772e-05
                        ],
                        [
                            0.9999720454216003,
                            0.003118271240964532,
                            0.0067778825759887695
                        ]
                    ]
                },
                "control_filter": {
                    "past_samples": [
                        [
                            -6.380905688274652e-06,
                            1.9060097932815552,
                            -0.9910038113594055,
                            1.5710002183914185,
                            0.9150064587593079,
                            -1.5709993839263916
                        ],
                        [
                            -7.75760599935893e-06,
                            1.9060077667236328,
                            -0.9909974932670593,
                            1.5710011720657349,
                            0.915010929107666,
                            -1.5709996223449707
                        ]
                    ],
                    "current_idx": 0,
                    "fully_filled": true
                }
            },
            "gripper_left": {
                "goal_is_valid": true,
                "goal": {
                    "target": [
                        1.0
                    ]
                },
                "vel_filter": {
                    "past_samples": [
                        [
                            -5.677342051058076e-05,
                            -4.515051477937959e-05
                        ],
                        [
                            5.5879350838949904e-05,
                            4.2021270928671584e-05
                        ],
                        [
                            -6.079673403291963e-05,
                            -4.0680166421225294e-05
                        ],
                        [
                            6.16908073425293e-05,
                            4.38094102719333e-05
                        ],
                        [
                            -6.526708602905273e-05,
                            -4.559754961519502e-05
                        ]
                    ],
                    "current_idx": 0,
                    "fully_filled": true
                }
            },
            "arm_right": {
                "goal_is_valid": true,
                "goal": {
                    "target_pos": [
                        0.5446252822875977,
                        -0.3968381881713867,
                        1.4439865350723267
                    ],
                    "target_ori_mat": [
                        [
                            0.0058501362800598145,
                            -4.236353561282158e-06,
                            0.9999828338623047
                        ],
                        [
                            -0.004663702100515366,
                            -0.9999890327453613,
                            2.30476725846529e-05
                        ],
                        [
                            0.9999719858169556,
                            -0.004663757048547268,
                            -0.005849957466125488
                        ]
                    ]
                },
                "control_filter": {
                    "past_samples": [
                        [
                            3.466028647380881e-05,
                            1.9060020446777344,
                            -0.9910122156143188,
                            1.5710002183914185,
                            0.9149908423423767,
                            -1.5710002183914185
                        ],
                        [
                            3.597173054004088e-05,
                            1.9060008525848389,
                            -0.9910035133361816,
                            1.570999264717102,
                            0.9149976968765259,
                            -1.5709993839263916
                        ]
                    ],
                    "current_idx": 0,
                    "fully_filled": true
                }
            },
            "gripper_right": {
                "goal_is_valid": true,