{
    "storage_container.n.01_1": {
        "is_asleep": false,
        "root_link": {
            "pos": [
                4.95237922668457,
                6.071208477020264,
                0.07238443940877914
            ],
            "ori": [
                1.0960675922433438e-08,
                3.572008822061434e-08,
                0.43792781233787537,
                0.8990102410316467
            ],
            "lin_vel": [
                5.322114247974241e-06,
                2.0937161480105715e-06,
                -1.4796651157666929e-05
            ],
            "ang_vel": [
                -3.304286292404868e-05,
                3.607733015087433e-05,
                1.6668860780555406e-07
            ]
        },
        "non_kin": {
            "Temperature": {
                "temperature": 23.0
            }
        }
    },
    "storage_container.n.01_2": {
        "is_asleep": true,
        "root_link": {
            "pos": [
                4.513648986816406,
                6.886066913604736,
                0.07238444685935974
            ],
            "ori": [
                6.20293238995373e-09,
                -4.107369555583773e-09,
                0.9197090864181519,
                0.3926006257534027
            ],
            "lin_vel": [
                0.0,
                0.0,
                0.0
            ],
            "ang_vel": [
                0.0,
                0.0,
                0.0
            ]
        },
        "non_kin": {
            "Temperature": {
                "temperature": 23.0
            }
        }
    },
    "floor.n.01_1": {
        "is_asleep": false,
        "root_link": {
            "pos": [
                3.866909980773926,
                5.666343688964844,
                -0.15000006556510925
            ],
            "ori": [
                0.0,
                0.0,
                0.0,
                1.0
            ]
        },
        "non_kin": {}
    },
    "floor.n.01_2": {
        "is_asleep": false,
        "root_link": {
            "pos": [
                -5.369476318359375,
                5.505799293518066,
                -0.15000003576278687
            ],
            "ori": [
                0.0,
                0.0,
                0.0,
                1.0
            ]
        },
        "non_kin": {}
    },
    "robot_poses": {
        "R1Pro": [
            {
                "position": [
                    -7.916767120361328,
                    6.481174468994141,
                    0.003765106201171875
                ],
                "orientation": [
                    0.0,
                    0.0,
                    0.8422539830207825,
                    0.5390809774398804
                ]
            }
        ],
        "Fetch": [
            {
                "position": [
                    -8.068673133850098,
                    3.628146171569824,
                    0.0012932121753692627
                ],
                "orientation": [
                    -0.0011623427271842957,
                    -0.002715239766985178,
                    -0.39356350898742676,
                    0.919292688369751
                ]
            }
        ],
        "R1": [
            {
                "position": [
                    -3.819218397140503,
                    4.7528910636901855,
                    0.003765106201171875
                ],
                "orientation": [
                    0.0014609675854444504,
                    0.0048382277600467205,
                    0.7141294479370117,
                    0.6999955177307129
                ]
            }
        ],
        "Stretch": [
            {
                "position": [
                    -7.846646308898926,
                    5.525731086730957,
                    -0.0007994323968887329
                ],
                "orientation": [
                    -0.0014691054821014404,
                    0.0013493302976712584,
                    0.7366557121276855,
                    0.6762650012969971
                ]
            }
        ],
        "Tiago": [
            {
                "position": [
                    -7.360783100128174,
                    7.887221336364746,
                    0.00034427642822265625
                ],
                "orientation": [
                    9.307689197157742e-08,
                    -7.157412085234682e-08,
                    0.6870904564857483,
                    0.7265719175338745
                ]
            }
        ]
    }
}