{
    "agent.n.01_1": {
        "is_asleep": false,
        "root_link": {
            "pos": [
                -50.0,
                -50.0,
                -50.0
            ],
            "ori": [
                0.0,
                0.0,
                0.0,
                1.0
            ],
            "lin_vel": [
                0.0,
                0.0,
                0.0
            ],
            "ang_vel": [
                0.0,
                0.0,
                0.0
            ]
        },
        "joint_pos": [
            42.08903884887695,
            53.60188674926758,
            50.00376510620117,
            -0.001311731874011457,
            0.010022762231528759,
            1.2186965942382812,
            -7.16412250767462e-05,
            -0.0002610891533549875,
            0.0001109035438275896,
            3.893748726113699e-06,
            -2.8877648219349794e-06,
            3.165560701745562e-05,
            1.906006932258606,
            1.9060072898864746,
            -0.991005539894104,
            -0.9910129904747009,
            1.5710012912750244,
            1.571000337600708,
            0.9150012135505676,
            0.9149954319000244,
            -1.5709996223449707,
            -1.571000099182129,
            0.049999434500932693,
            0.049999505281448364,
            0.04999999329447746,
            0.04999980702996254
        ],
        "joint_vel": [
            -0.00012312739272601902,
            -0.0004611067124642432,
            -0.0010289050405845046,
            0.000499792629852891,
            -9.875944670056924e-06,
            0.00026150455232709646,
            0.001466091605834663,
            -0.0010806774953380227,
            0.0005241749458946288,
            0.0009098825976252556,
            0.0005993391969241202,
            0.0005344012170098722,
            -0.001861277036368847,
            0.0016509848646819592,
            -0.00031477498123422265,
            0.0003740762185771018,
            0.0008961244020611048,
            0.0005234433338046074,
            -0.0011519546387717128,
            0.001071931910701096,
            -0.0007654943619854748,
            -0.0005236492143012583,
            3.374021980562247e-05,
            3.568455940694548e-05,
            1.961096677405294e-05,
            1.8501803424442187e-05
        ],
        "controllers": {
            "base": {
                "goal_is_valid": true,
                "goal": {
                    "target": [
                        0.0,
                        0.0,
                        0.0
                    ]
                }
            },
            "trunk": {
                "goal_is_valid": true,
                "goal": {
                    "target": [
                        -7.038258627289906e-05,
                        -0.0002606321941129863,
                        0.0001116521016228944,
                        3.279045813542325e-06
                    ]
                }
            },
            "arm_left": {
                "goal_is_valid": true,
                "goal": {
                    "target_pos": [
                        0.5446205735206604,
                        0.3968477249145508,
                        1.4467840194702148
                    ],
                    "target_ori_mat": [
                        [
                            -0.00677800178527832,
                            4.667660687118769e-05,
                            0.9999769330024719
                        ],
                        [
                            0.003117762040346861,
                            -0.9999949932098389,
                            6.78105279803276e-05
                        ],
                        [
                            0.9999720454216003,
                            0.0031181499361991882,
                            0.006778061389923096
                        ]
                    ]
                },
                "control_filter": {
                    "past_samples": [
                        [
                            -2.313363438588567e-06,
                            1.9060091972351074,
                            -0.9910070896148682,
                            1.5710017681121826,
                            0.9150038361549377,
                            -1.5709995031356812
                        ],
                        [
                            -2.8803956411138643e-06,
                            1.9060028791427612,
                            -0.9910059571266174,
                            1.5710023641586304,
                            0.914997935295105,
                            -1.571000576019287
                        ]
                    ],
                    "current_idx": 0,
                    "fully_filled": true
                }
            },
            "gripper_left": {
                "goal_is_valid": true,
                "goal": {
                    "target": [
                        1.0
                    ]
                },
                "vel_filter": {
                    "past_samples": [
                        [
                            2.9057262509013526e-05,
                            1.564621925354004e-05
                        ],
                        [
                            -4.515051477937959e-05,
                            -2.0563600628520362e-05
                        ],
                        [
                            5.4985281167319044e-05,
                            8.940696147874405e-07
                        ],
                        [
                            -5.2750106988241896e-05,
                            -3.1292436233343324e-06
                        ],
                        [
                            5.2750106988241896e-05,
                            5.811452410853235e-06
                        ]
                    ],
                    "current_idx": 0,
                    "fully_filled": true
                }
            },
            "arm_right": {
                "goal_is_valid": true,
                "goal": {
                    "target_pos": [
                        0.5446249842643738,
                        -0.3968372344970703,
                        1.4439865350723267
                    ],
                    "target_ori_mat": [
                        [
                            0.0058501362800598145,
                            -3.691297024488449e-06,
                            0.9999828338623047
                        ],
                        [
                            -0.004663344006985426,
                            -0.9999890327453613,
                            2.359040081501007e-05
                        ],
                        [
                            0.9999719858169556,
                            -0.004663402214646339,
                            -0.005849957466125488
                        ]
                    ]
                },
                "control_filter": {
                    "past_samples": [
                        [
                            3.0810493626631796e-05,
                            1.9060070514678955,
                            -0.99101722240448,
                            1.5709993839263916,
                            0.9149898290634155,
                            -1.5709993839263916
                        ],
                        [
                            3.298274168628268e-05,
                            1.906009554862976,
                            -0.9910091161727905,
                            1.5710008144378662,
                            0.9150004982948303,
                            -1.571000337600708
                        ]
                    ],
                    "current_idx": 0,
                    "fully_filled": true
                }
            },
            "gripper_right": {
                "goal_is_valid": true,