{
    "car.n.01_1": {
        "is_asleep": true,
        "root_link": {
            "pos": [
                -4.4315056800842285,
                6.887782573699951,
                0.6677821278572083
            ],
            "ori": [
                9.313225746154785e-10,
                4.547473508864641e-13,
                -1.4551915228366852e-11,
                1.0000007152557373
            ],
            "lin_vel": [
                0.0,
                0.0,
                0.0
            ],
            "ang_vel": [
                0.0,
                0.0,
                0.0
            ]
        },
        "joint_pos": [
            -2.7200925973441814e-12
        ],
        "joint_vel": [
            -1.2570387786237092e-10
        ],
        "non_kin": {
            "Temperature": {
                "temperature": 23.0
            },
            "AttachedTo": {
                "attached_obj_uuid": -1
            }
        }
    },
    "container.n.01_1": {
        "is_asleep": false,
        "root_link": {
            "pos": [
                4.823720455169678,
                5.5892438888549805,
                0.05219793692231178
            ],
            "ori": [
                -2.6426278054714203e-08,
                -8.527422323822975e-09,
                -0.19160741567611694,
                0.9814716577529907
            ],
            "lin_vel": [
                -3.8878692976140883e-07,
                -1.462165073462529e-07,
                -7.199287210823968e-07
            ],
            "ang_vel": [
                -2.139081800578424e-07,
                -7.58864280214766e-06,
                2.8110858352192736e-07
            ]
        },
        "non_kin": {
            "Temperature": {
                "temperature": 23.0
            }
        }
    },
    "tennis_racket.n.01_1": {
        "is_asleep": false,
        "root_link": {
            "pos": [
                3.3918604850769043,
                5.362671852111816,
                0.4375651180744171
            ],
            "ori": [
                -0.004204129800200462,
                -0.0010810972889885306,
                0.25047942996025085,
                0.9681122899055481
            ],
            "lin_vel": [
                0.0005734401056542993,
                -0.0002692184643819928,
                0.00023916771169751883
            ],
            "ang_vel": [
                0.0008399867219850421,
                0.0010858452878892422,
                6.776930968044326e-05
            ]
        },
        "non_kin": {}
    },
    "digital_camera.n.01_1": {
        "is_asleep": false,
        "root_link": {
            "pos": [
                3.315734386444092,
                4.686713695526123,
                0.493137001991272
            ],
            "ori": [
                -0.001480642706155777,
                -0.0007481530774384737,
                0.9836322665214539,
                -0.18017995357513428
            ],
            "lin_vel": [
                -0.0008626172784715891,
                -0.00047893228475004435,
                -9.467907511861995e-05
            ],
            "ang_vel": [
                0.0033558071590960026,
                -0.020034560933709145,
                0.00024305121041834354
            ]
        },
        "non_kin": {
            "ToggledOn": {
                "value": false,
                "hand_in_marker_steps": 0
            },
            "AttachedTo": {
                "attached_obj_uuid": -1
            }
        }
    },
    "table.n.02_1": {
        "is_asleep": false,
        "root_link": {
            "pos": [
                3.519843578338623,
                5.290381908416748,
                0.3646340072154999
            ],
            "ori": [
                -1.1340335959175718e-07,
                1.7696616851026192e-05,
                -2.3894683181424625e-05,
                1.0
            ],
            "lin_vel": [
                0.00040202095988206565,
                -0.00013838826271239668,
                5.700015390175395e-05
            ],
            "ang_vel": [
                0.000444546778453514,
                0.0008228474762290716,
                -7.254235970322043e-05
            ]
        },
        "non_kin": {}
    },
    "floor.n.01_1": {
        "is_asleep": false,
        "root_link": {
            "pos": [
                -5.369476318359375,
                5.505799293518066,
                -0.15000003576278687
            ],
            "ori": [
                0.0,
                0.0,
                0.0,
                1.0
            ]
        },
        "non_kin": {}
    },
    "floor.n.01_2": {
        "is_asleep": false,
        "root_link": {
            "pos": [
                3.866909980773926,
                5.666343688964844,
                -0.15000006556510925
            ],
            "ori": [
                0.0,
                0.0,
                0.0,
                1.0
            ]
        },
        "non_kin": {}
    },
    "robot_poses": {
        "R1Pro": [
            {
                "position": [
                    -7.332862854003906,
                    4.214805603027344,
                    0.003765106201171875
                ],
                "orientation": [
                    0.0,
                    0.0,
                    0.7832639217376709,
                    0.6216893792152405
                ]
            }
        ],
        "Fetch": [
            {
                "position": [
                    -4.400237083435059,
                    2.956470251083374,
                    0.0012933015823364258
                ],
                "orientation": [
                    0.002488046884536743,
                    -0.0015901420265436172,
                    0.8426473140716553,
                    0.5384578704833984
                ]
            }
        ],
        "R1": [
            {
                "position": [
                    -5.908924579620361,
                    4.021477222442627,
                    0.003765106201171875
                ],
                "orientation": [
                    0.002397872507572174,
                    -0.004448876716196537,
                    -0.9999125003814697,
                    0.012224752455949783
                ]
            }
        ],
        "Stretch": [
            {
                "position": [
                    -7.102133274078369,
                    2.7477245330810547,
                    -0.0007995814085006714
                ],
                "orientation": [
                    -0.001979900524020195,
                    0.00023961268016137183,
                    0.9927608370780945,
                    0.12009210139513016
                ]
            }
        ],
        "Tiago": [
            {
                "position": [
                    -4.071568489074707,
                    5.141550064086914,
                    0.00034427642822265625
                ],
                "orientation": [
                    1.1931255983199662e-08,
                    -5.374597122909108e-08,
                    -0.959206223487854,
                    0.2827073633670807
                ]
            }
        ]
    }
}