{
    "car.n.01_1": {
        "is_asleep": true,
        "root_link": {
            "pos": [
                -4.43150520324707,
                6.887782573699951,
                0.6677821278572083
            ],
            "ori": [
                0.0,
                0.0,
                0.0,
                1.0000004768371582
            ],
            "lin_vel": [
                0.0,
                0.0,
                0.0
            ],
            "ang_vel": [
                0.0,
                0.0,
                0.0
            ]
        },
        "joint_pos": [
            -2.1610187597720376e-12
        ],
        "joint_vel": [
            -7.788968775512828e-11
        ],
        "non_kin": {
            "Temperature": {
                "temperature": 23.0
            },
            "AttachedTo": {
                "attached_obj_uuid": -1
            }
        }
    },
    "container.n.01_1": {
        "is_asleep": true,
        "root_link": {
            "pos": [
                4.8986101150512695,
                4.15704345703125,
                0.05219799652695656
            ],
            "ori": [
                -2.514570951461792e-08,
                -2.9045622795820236e-08,
                0.974613606929779,
                -0.22389407455921173
            ],
            "lin_vel": [
                0.0,
                0.0,
                0.0
            ],
            "ang_vel": [
                0.0,
                0.0,
                0.0
            ]
        },
        "non_kin": {
            "Temperature": {
                "temperature": 23.0
            }
        }
    },
    "tennis_racket.n.01_1": {
        "is_asleep": false,
        "root_link": {
            "pos": [
                3.4798803329467773,
                5.415262222290039,
                0.4376009702682495
            ],
            "ori": [
                -0.0033645827788859606,
                -0.00201805355027318,
                0.5114966034889221,
                0.8592763543128967
            ],
            "lin_vel": [
                -2.342390507692471e-05,
                -1.9458630049484782e-05,
                8.585926138948707e-07
            ],
            "ang_vel": [
                3.573986305127619e-06,
                -1.1144251402583905e-05,
                -7.291183919733157e-06
            ]
        },
        "non_kin": {}
    },
    "digital_camera.n.01_1": {
        "is_asleep": false,
        "root_link": {
            "pos": [
                3.320652484893799,
                5.935756683349609,
                0.4934224784374237
            ],
            "ori": [
                -0.0001645614975132048,
                0.0016198784578591585,
                -0.044647395610809326,
                0.9990015029907227
            ],
            "lin_vel": [
                0.0011652056127786636,
                -0.00044096680358052254,
                -3.0249082556110807e-05
            ],
            "ang_vel": [
                0.006267421413213015,
                0.017297325655817986,
                2.211199898738414e-05
            ]
        },
        "non_kin": {
            "ToggledOn": {
                "value": false,
                "hand_in_marker_steps": 0
            },
            "AttachedTo": {
                "attached_obj_uuid": -1
            }
        }
    },
    "table.n.02_1": {
        "is_asleep": false,
        "root_link": {
            "pos": [
                3.519843339920044,
                5.290381908416748,
                0.3646339774131775
            ],
            "ori": [
                -1.1195857041457202e-07,
                1.7674698028713465e-05,
                -2.4038930860115215e-05,
                1.0
            ],
            "lin_vel": [
                -1.6359679648303427e-05,
                -1.2061861525580753e-05,
                -2.4196147023758385e-06
            ],
            "ang_vel": [
                2.923547754107858e-06,
                -2.286961898789741e-05,
                -5.438280823000241e-06
            ]
        },
        "non_kin": {}
    },
    "floor.n.01_1": {
        "is_asleep": false,
        "root_link": {
            "pos": [
                -5.369476318359375,
                5.505799293518066,
                -0.15000003576278687
            ],
            "ori": [
                0.0,
                0.0,
                0.0,
                1.0
            ]
        },
        "non_kin": {}
    },
    "floor.n.01_2": {
        "is_asleep": false,
        "root_link": {
            "pos": [
                3.866909980773926,
                5.666343688964844,
                -0.15000006556510925
            ],
            "ori": [
                0.0,
                0.0,
                0.0,
                1.0
            ]
        },
        "non_kin": {}
    },
    "robot_poses": {
        "R1Pro": [
            {
                "position": [
                    -2.36737060546875,
                    3.2413558959960938,
                    0.003765106201171875
                ],
                "orientation": [
                    0.0,
                    0.0,
                    0.7700173258781433,
                    0.6380229592323303
                ]
            }
        ],
        "Fetch": [
            {
                "position": [
                    -5.600504398345947,
                    4.374508857727051,
                    0.0012934207916259766
                ],
                "orientation": [
                    -0.0020866990089416504,
                    -0.0020883046090602875,
                    -0.7067934274673462,
                    0.7074139714241028
                ]
            }
        ],
        "R1": [
            {
                "position": [
                    -5.037033557891846,
                    3.8469419479370117,
                    0.003765106201171875
                ],
                "orientation": [
                    0.0017301756888628006,
                    0.004748702980577946,
                    0.6736987829208374,
                    0.7389888763427734
                ]
            }
        ],
        "Stretch": [
            {
                "position": [
                    -7.284189224243164,
                    3.662539005279541,
                    -0.0007995665073394775
                ],
                "orientation": [
                    -0.0008428161963820457,
                    0.0018074468243867159,
                    0.4225809872150421,
                    0.9063230752944946
                ]
            }
        ],
        "Tiago": [
            {
                "position": [
                    -6.642151832580566,
                    4.503082752227783,
                    0.00034427642822265625
                ],
                "orientation": [
                    3.4067412002514175e-08,
                    2.2534312194011363e-08,
                    -0.7799974083900452,
                    0.6257827281951904
                ]
            }
        ]
    }
}