{
    "agent.n.01_1": {
        "is_asleep": false,
        "root_link": {
            "pos": [
                -50.0,
                -50.0,
                -50.0
            ],
            "ori": [
                0.0,
                0.0,
                0.0,
                1.0
            ],
            "lin_vel": [
                0.0,
                0.0,
                0.0
            ],
            "ang_vel": [
                0.0,
                0.0,
                0.0
            ]
        },
        "joint_pos": [
            45.32978057861328,
            54.43015670776367,
            50.00376510620117,
            0.009551145136356354,
            -0.0033108489587903023,
            -0.8158389329910278,
            -7.076062320265919e-05,
            -0.0002603605971671641,
            0.00011120861017843708,
            4.2562814996927045e-06,
            -7.073192591633415e-06,
            3.46264750987757e-05,
            1.9060016870498657,
            1.9060020446777344,
            -0.9909989833831787,
            -0.9910050630569458,
            1.5709999799728394,
            1.5709999799728394,
            0.915002167224884,
            0.9149994254112244,
            -1.570998191833496,
            -1.571000099182129,
            0.04999981448054314,
            0.04999999329447746,
            0.04999993368983269,
            0.04999992251396179
        ],
        "joint_vel": [
            0.0009361144620925188,
            -0.0001520290388725698,
            -0.0007853114511817694,
            1.1579337297007442e-05,
            1.7322716303169727e-05,
            -0.0005673302221111953,
            -0.0007951453444547951,
            0.0010500570060685277,
            0.0005916882655583322,
            0.00013884727377444506,
            0.00040509519749321043,
            0.00041220663115382195,
            -0.0005842247046530247,
            0.00014913090853951871,
            0.00030328810680657625,
            1.0205258149653673e-07,
            0.0010018721222877502,
            0.0010031464044004679,
            -0.0007163587724789977,
            0.0005607679486274719,
            -0.0009723328403197229,
            -0.0008777009788900614,
            3.9876562368590385e-05,
            -1.2322686870902544e-08,
            -5.471656550071202e-06,
            6.7006112658418715e-06
        ],
        "controllers": {
            "base": {
                "goal_is_valid": true,
                "goal": {
                    "target": [
                        0.0,
                        0.0,
                        0.0
                    ]
                }
            },
            "trunk": {
                "goal_is_valid": true,
                "goal": {
                    "target": [
                        -7.043611549306661e-05,
                        -0.00026074537890963256,
                        0.00011166431795572862,
                        3.359142056069686e-06
                    ]
                }
            },
            "arm_left": {
                "goal_is_valid": true,
                "goal": {
                    "target_pos": [
                        0.5446205139160156,
                        0.3968479037284851,
                        1.446784496307373
                    ],
                    "target_ori_mat": [
                        [
                            -0.006778359413146973,
                            4.683819133788347e-05,
                            0.9999769926071167
                        ],
                        [
                            0.003117796964943409,
                            -0.9999951124191284,
                            6.797292735427618e-05
                        ],
                        [
                            0.9999721050262451,
                            0.0031181862577795982,
                            0.006778240203857422
                        ]
                    ]
                },
                "control_filter": {
                    "past_samples": [
                        [
                            -7.243769232445629e-06,
                            1.9060004949569702,
                            -0.9909998178482056,
                            1.5709998607635498,
                            0.915001630783081,
                            -1.5709987878799438
                        ],
                        [
                            -7.030158485576976e-06,
                            1.9060009717941284,
                            -0.991000235080719,
                            1.5709999799728394,
                            0.9150018692016602,
                            -1.570999026298523
                        ]
                    ],
                    "current_idx": 0,
                    "fully_filled": true
                }
            },
            "gripper_left": {
                "goal_is_valid": true,
                "goal": {
                    "target": [
                        1.0
                    ]
                },
                "vel_filter": {
                    "past_samples": [
                        [
                            -7.152556918299524e-06,
                            3.1292436233343324e-06
                        ],
                        [
                            8.493661880493164e-06,
                            -2.6822087875189027e-06
                        ],
                        [
                            -7.152556918299524e-06,
                            1.788139229574881e-06
                        ],
                        [
                            7.152556918299524e-06,
                            -4.917382739222376e-06
                        ],
                        [
                            8.046627044677734e-06,
                            -2.235173951703473e-06
                        ]
                    ],
                    "current_idx": 4,
                    "fully_filled": true
                }
            },
            "arm_right": {
                "goal_is_valid": true,
                "goal": {
                    "target_pos": [
                        0.5446248054504395,
                        -0.39683786034584045,
                        1.4439866542816162
                    ],
                    "target_ori_mat": [
                        [
                            0.0058498382568359375,
                            -3.87127511203289e-06,
                            0.9999829530715942
                        ],
                        [
                            -0.004663522355258465,
                            -0.9999892711639404,
                            2.3410189896821976e-05
                        ],
                        [
                            0.9999721050262451,
                            -0.004663579165935516,
                            -0.0058498382568359375
                        ]
                    ]
                },
                "control_filter": {
                    "past_samples": [
                        [
                            3.4573167795315385e-05,
                            1.9060028791427612,
                            -0.9910036325454712,
                            1.5709993839263916,
                            0.9149994850158691,
                            -1.5709993839263916
                        ],
                        [
                            3.499273952911608e-05,
                            1.9060035943984985,
                            -0.9910058379173279,
                            1.5710004568099976,
                            0.9149985313415527,
                            -1.571000099182129
                        ]
                    ],
                    "current_idx": 0,
                    "fully_filled": true
                }
            },