{
    "agent.n.01_1": {
        "is_asleep": false,
        "root_link": {
            "pos": [
                -50.0,
                -50.0,
                -50.0
            ],
            "ori": [
                0.0,
                0.0,
                0.0,
                1.0
            ],
            "lin_vel": [
                0.0,
                0.0,
                0.0
            ],
            "ang_vel": [
                0.0,
                0.0,
                0.0
            ]
        },
        "joint_pos": [
            65.33293914794922,
            59.593482971191406,
            50.01786804199219,
            0.009353446774184704,
            -0.0036106896586716175,
            -0.8620985150337219,
            -6.976602162467316e-05,
            -0.0002595567493699491,
            0.0001113864200306125,
            2.8206236493133474e-06,
            -1.0837987247214187e-05,
            3.8542464608326554e-05,
            1.9059937000274658,
            1.905989646911621,
            -0.9909974932670593,
            -0.9909816384315491,
            1.571000337600708,
            1.5709996223449707,
            0.9149948358535767,
            0.9150109887123108,
            -1.5709996223449707,
            -1.5709998607635498,
            0.049999743700027466,
            0.04999999701976776,
            0.04999985545873642,
            0.0499998964369297
        ],
        "joint_vel": [
            -6.408591434592381e-05,
            -0.0001123396577895619,
            -0.0001515402109362185,
            -0.0003352243802510202,
            0.0012226144317537546,
            -0.000136581264086999,
            -0.0008597580017521977,
            0.0004014822479803115,
            -6.174988811835647e-06,
            -1.2338212400209159e-05,
            -0.0007953197928145528,
            0.0002727946557570249,
            0.002927555004134774,
            -0.0019124109530821443,
            0.00021448617917485535,
            -0.0004273774102330208,
            -0.000925803673453629,
            0.0006556112202815711,
            -0.0006132895359769464,
            0.00017732859123498201,
            0.000562497298233211,
            -0.0003200432693120092,
            0.00011733968858607113,
            4.023575093015097e-05,
            1.928472011059057e-05,
            -2.010614025493851e-06
        ],
        "controllers": {
            "base": {
                "goal_is_valid": true,
                "goal": {
                    "target": [
                        0.0,
                        0.0,
                        0.0
                    ]
                }
            },
            "trunk": {
                "goal_is_valid": true,
                "goal": {
                    "target": [
                        -7.043403456918895e-05,
                        -0.0002607407805044204,
                        0.00011166396870976314,
                        3.361609060448245e-06
                    ]
                }
            },
            "arm_left": {
                "goal_is_valid": true,
                "goal": {
                    "target_pos": [
                        0.5446212291717529,
                        0.3968486785888672,
                        1.446784496307373
                    ],
                    "target_ori_mat": [
                        [
                            -0.006778597831726074,
                            4.600733518600464e-05,
                            0.9999769926071167
                        ],
                        [
                            0.003117740387097001,
                            -0.9999949932098389,
                            6.714276969432831e-05
                        ],
                        [
                            0.9999721050262451,
                            0.003118123859167099,
                            0.006778538227081299
                        ]
                    ]
                },
                "control_filter": {
                    "past_samples": [
                        [
                            -1.0876575288421009e-05,
                            1.905996561050415,
                            -0.9910023808479309,
                            1.571000337600708,
                            0.9149929285049438,
                            -1.5709986686706543
                        ],
                        [
                            -1.0419031241326593e-05,
                            1.9059898853302002,
                            -0.9909963607788086,
                            1.5710015296936035,
                            0.9149925708770752,
                            -1.5709996223449707
                        ]
                    ],
                    "current_idx": 1,
                    "fully_filled": true
                }
            },
            "gripper_left": {
                "goal_is_valid": true,
                "goal": {
                    "target": [
                        1.0
                    ]
                },
                "vel_filter": {
                    "past_samples": [
                        [
                            7.018446194706485e-05,
                            4.38094102719333e-05
                        ],
                        [
                            -6.16908073425293e-05,
                            -4.470347994356416e-05
                        ],
                        [
                            -6.213784217834473e-05,
                            -4.82797586300876e-05
                        ],
                        [
                            5.900859468965791e-05,
                            4.693865412264131e-05
                        ],
                        [
                            -7.018446194706485e-05,
                            -4.2021270928671584e-05
                        ]
                    ],
                    "current_idx": 2,
                    "fully_filled": true
                }
            },
            "arm_right": {
                "goal_is_valid": true,
                "goal": {
                    "target_pos": [
                        0.544623613357544,
                        -0.3968372344970703,
                        1.4439868927001953
                    ],
                    "target_ori_mat": [
                        [
                            0.005850017070770264,
                            -3.867782652378082e-06,
                            0.9999827742576599
                        ],
                        [
                            -0.004663307685405016,
                            -0.9999889135360718,
                            2.341228537261486e-05
                        ],
                        [
                            0.9999719262123108,
                            -0.004663364961743355,
                            -0.005849719047546387
                        ]
                    ]
                },
                "control_filter": {
                    "past_samples": [
                        [
                            3.8748949009459466e-05,
                            1.9059937000274658,
                            -0.9909811615943909,
                            1.5709999799728394,
                            0.9150142669677734,
                            -1.5709996223449707
                        ],
                        [
                            3.880837539327331e-05,
                            1.9059886932373047,
                            -0.9909802079200745,
                            1.5709993839263916,
                            0.9150097966194153,
                            -1.5709996223449707
                        ]
                    ],
                    "current_idx": 1,
                    "fully_filled": true
                }
            },
            "gripper_right": {
                "goal_is_valid": true,