{
    "agent.n.01_1": {
        "is_asleep": false,
        "root_link": {
            "pos": [
                -50.0,
                -50.0,
                -50.0
            ],
            "ori": [
                0.0,
                0.0,
                0.0,
                1.0
            ],
            "lin_vel": [
                0.0,
                0.0,
                0.0
            ],
            "ang_vel": [
                0.0,
                0.0,
                0.0
            ]
        },
        "joint_pos": [
            68.63473510742188,
            61.70003890991211,
            50.01766586303711,
            -0.004391339607536793,
            -0.008389376103878021,
            -2.526540517807007,
            -6.649341230513528e-05,
            -0.0002638713922351599,
            0.00012055347178829834,
            3.856194780382793e-06,
            1.9086714928562287e-06,
            2.7836755180032924e-05,
            1.906014084815979,
            1.9060084819793701,
            -0.9910166263580322,
            -0.9910082817077637,
            1.5710004568099976,
            1.5709984302520752,
            0.914998471736908,
            0.915000855922699,
            -1.570999026298523,
            -1.5709993839263916,
            0.049999646842479706,
            0.04999954253435135,
            0.0499999038875103,
            0.049999888986349106
        ],
        "joint_vel": [
            -8.975660603027791e-05,
            1.3010671864321921e-05,
            -0.007034868001937866,
            -0.0006021920125931501,
            0.0004514888860285282,
            -0.0001154207275249064,
            0.0009842861909419298,
            -0.001423932728357613,
            0.0004139032098464668,
            -0.0009843516163527966,
            -0.0003841626748908311,
            0.00013388706429395825,
            0.0007639918476343155,
            -0.0004997263895347714,
            -0.00013382987526711076,
            3.419426502659917e-05,
            -0.0006317009101621807,
            -0.00036611114046536386,
            0.0008523703436367214,
            -0.0008259791065938771,
            0.0005841775564476848,
            0.0003702520625665784,
            3.973312777816318e-05,
            4.766261554323137e-05,
            7.435514271492139e-05,
            6.213071173988283e-05
        ],
        "controllers": {
            "base": {
                "goal_is_valid": true,
                "goal": {
                    "target": [
                        0.0,
                        0.0,
                        0.0
                    ]
                }
            },
            "trunk": {
                "goal_is_valid": true,
                "goal": {
                    "target": [
                        -7.042266224743798e-05,
                        -0.0002607218048069626,
                        0.00011166193871758878,
                        3.2966227081487887e-06
                    ]
                }
            },
            "arm_left": {
                "goal_is_valid": true,
                "goal": {
                    "target_pos": [
                        0.5446205139160156,
                        0.3968491554260254,
                        1.446784496307373
                    ],
                    "target_ori_mat": [
                        [
                            -0.006778120994567871,
                            4.6579400077462196e-05,
                            0.9999769926071167
                        ],
                        [
                            0.003117578336969018,
                            -0.9999949932098389,
                            6.771215703338385e-05
                        ],
                        [
                            0.9999721050262451,
                            0.0031179655343294144,
                            0.006778061389923096
                        ]
                    ]
                },
                "control_filter": {
                    "past_samples": [
                        [
                            3.100265075772768e-06,
                            1.9060081243515015,
                            -0.9910131096839905,
                            1.5710010528564453,
                            0.9149954915046692,
                            -1.5709993839263916
                        ],
                        [
                            2.162226792279398e-06,
                            1.9060156345367432,
                            -0.991015613079071,
                            1.5710004568099976,
                            0.9150007367134094,
                            -1.5709991455078125
                        ]
                    ],
                    "current_idx": 1,
                    "fully_filled": true
                }
            },
            "gripper_left": {
                "goal_is_valid": true,
                "goal": {
                    "target": [
                        1.0
                    ]
                },
                "vel_filter": {
                    "past_samples": [
                        [
                            5.2303072152426466e-05,
                            4.023313522338867e-06
                        ],
                        [
                            -5.4985281167319044e-05,
                            3.576278459149762e-06
                        ],
                        [
                            5.3197141824057326e-05,
                            -6.258487246668665e-06
                        ],
                        [
                            -5.185603731661104e-05,
                            -2.6822087875189027e-06
                        ],
                        [
                            -5.185603731661104e-05,
                            1.3411044164968189e-05
                        ]
                    ],
                    "current_idx": 4,
                    "fully_filled": true
                }
            },
            "arm_right": {
                "goal_is_valid": true,
                "goal": {
                    "target_pos": [
                        0.5446243286132812,
                        -0.39683598279953003,
                        1.443986415863037
                    ],
                    "target_ori_mat": [
                        [
                            0.0058498382568359375,
                            -3.935070708394051e-06,
                            0.9999829530715942
                        ],
                        [
                            -0.004663537256419659,
                            -0.9999892711639404,
                            2.334662713110447e-05
                        ],
                        [
                            0.9999721050262451,
                            -0.00466359406709671,
                            -0.0058498382568359375
                        ]
                    ]
                },
                "control_filter": {
                    "past_samples": [
                        [
                            2.423181285848841e-05,
                            1.9060049057006836,
                            -0.9910034537315369,
                            1.570997953414917,
                            0.9150016903877258,
                            -1.5709985494613647
                        ],
                        [
                            2.518418295949232e-05,
                            1.906010389328003,
                            -0.9910097718238831,
                            1.5709991455078125,
                            0.9150010347366333,
                            -1.570999264717102
                        ]
                    ],
                    "current_idx": 1,
                    "fully_filled": true
                }
            },
            "gripper_right": {
                "goal_is_valid": true,