{
    "agent.n.01_1": {
        "is_asleep": false,
        "root_link": {
            "pos": [
                -50.0,
                -50.0,
                -50.0
            ],
            "ori": [
                0.0,
                0.0,
                0.0,
                1.0
            ],
            "lin_vel": [
                0.0,
                0.0,
                0.0
            ],
            "ang_vel": [
                0.0,
                0.0,
                0.0
            ]
        },
        "joint_pos": [
            57.841529846191406,
            52.240074157714844,
            50.00376510620117,
            0.008435176685452461,
            0.005570162553340197,
            0.10140718519687653,
            -7.029870175756514e-05,
            -0.0002593417011667043,
            0.00011100310075562447,
            4.228570560371736e-06,
            -7.924478268250823e-06,
            3.5480519727570936e-05,
            1.9059972763061523,
            1.9060032367706299,
            -0.9909955263137817,
            -0.9910021424293518,
            1.5709991455078125,
            1.5709997415542603,
            0.915002703666687,
            0.9150019884109497,
            -1.5709984302520752,
            -1.5709996223449707,
            0.04999990016222,
            0.049999937415122986,
            0.04999987781047821,
            0.05000000074505806
        ],
        "joint_vel": [
            -2.8912843845319003e-05,
            5.195230187382549e-06,
            -0.0010942096123471856,
            0.00015984472702257335,
            1.2067019270034507e-05,
            0.0002296940074302256,
            1.1458443623268977e-05,
            -0.0001764785120030865,
            3.654335887404159e-05,
            0.0003954487619921565,
            0.00034443094045855105,
            0.0002684684586711228,
            -0.001068793935701251,
            0.0008443536935374141,
            -1.4966688468120992e-05,
            0.00021575266146101058,
            0.0006182714132592082,
            0.0004962356761097908,
            -0.0005691757542081177,
            0.000552200828678906,
            -0.0005396405467763543,
            -0.0004721229779534042,
            1.8014827219303697e-05,
            1.1871247806993779e-06,
            9.681968549557496e-06,
            2.0387953554745764e-05
        ],
        "controllers": {
            "base": {
                "goal_is_valid": true,
                "goal": {
                    "target": [
                        0.0,
                        0.0,
                        0.0
                    ]
                }
            },
            "trunk": {
                "goal_is_valid": true,
                "goal": {
                    "target": [
                        -7.034604641376063e-05,
                        -0.0002605569898150861,
                        0.00011164566240040585,
                        3.3190617614309303e-06
                    ]
                }
            },
            "arm_left": {
                "goal_is_valid": true,
                "goal": {
                    "target_pos": [
                        0.5446224212646484,
                        0.3968484401702881,
                        1.446784257888794
                    ],
                    "target_ori_mat": [
                        [
                            -0.006777763366699219,
                            4.6790228225290775e-05,
                            0.9999769330024719
                        ],
                        [
                            0.003117677289992571,
                            -0.9999948740005493,
                            6.79228687658906e-05
                        ],
                        [
                            0.9999720454216003,
                            0.003118066117167473,
                            0.0067778825759887695
                        ]
                    ]
                },
                "control_filter": {
                    "past_samples": [
                        [
                            -7.679524969717022e-06,
                            1.9059978723526,
                            -0.990995466709137,
                            1.571000337600708,
                            0.9150036573410034,
                            -1.5709989070892334
                        ],
                        [
                            -8.320533197547775e-06,
                            1.905997395515442,
                            -0.9909963011741638,
                            1.5709997415542603,
                            0.9150025844573975,
                            -1.5709987878799438
                        ]
                    ],
                    "current_idx": 1,
                    "fully_filled": true
                }
            },
            "gripper_left": {
                "goal_is_valid": true,
                "goal": {
                    "target": [
                        1.0
                    ]
                },
                "vel_filter": {
                    "past_samples": [
                        [
                            2.6822087875189027e-06,
                            2.235173951703473e-06
                        ],
                        [
                            -4.470347903406946e-06,
                            -2.235173951703473e-06
                        ],
                        [
                            2.6822087875189027e-06,
                            1.3411043937594513e-06
                        ],
                        [
                            2.235173951703473e-06,
                            -8.940696147874405e-07
                        ],
                        [
                            -1.3411043937594513e-06,
                            -2.6822087875189027e-06
                        ]
                    ],
                    "current_idx": 3,
                    "fully_filled": true
                }
            },
            "arm_right": {
                "goal_is_valid": true,
                "goal": {
                    "target_pos": [
                        0.5446262359619141,
                        -0.39683735370635986,
                        1.443986415863037
                    ],
                    "target_ori_mat": [
                        [
                            0.005850017070770264,
                            -4.146713763475418e-06,
                            0.9999829530715942
                        ],
                        [
                            -0.0046635218895971775,
                            -0.9999891519546509,
                            2.313544973731041e-05
                        ],
                        [
                            0.9999721050262451,
                            -0.004663577303290367,
                            -0.005849957466125488
                        ]
                    ]
                },
                "control_filter": {
                    "past_samples": [
                        [
                            3.56249074684456e-05,
                            1.9060033559799194,
                            -0.9910021424293518,
                            1.570999264717102,
                            0.9150015711784363,
                            -1.570999264717102
                        ],
                        [
                            3.5909379221266136e-05,
                            1.906003475189209,
                            -0.9910022020339966,
                            1.5709996223449707,
                            0.915001630783081,
                            -1.5709997415542603
                        ]
                    ],
                    "current_idx": 1,
                    "fully_filled": true
                }
            },
            "gripper_right": {
                "goal_is_valid": true,