{
    "chopping_board.n.01_1": {
        "is_asleep": true,
        "root_link": {
            "pos": [
                8.114721298217773,
                0.8925414085388184,
                0.8973082304000854
            ],
            "ori": [
                -0.0001673099905019626,
                7.041514618322253e-05,
                0.20269572734832764,
                0.9792418479919434
            ],
            "lin_vel": [
                0.0,
                0.0,
                0.0
            ],
            "ang_vel": [
                0.0,
                0.0,
                0.0
            ]
        },
        "non_kin": {}
    },
    "sink.n.01_1": {
        "is_asleep": false,
        "root_link": {
            "pos": [
                8.109147071838379,
                0.23475468158721924,
                0.8585090637207031
            ],
            "ori": [
                1.3114304072894952e-15,
                4.177641343972027e-09,
                1.0,
                3.1391647326017846e-07
            ]
        },
        "non_kin": {
            "ToggledOn": {
                "value": false,
                "hand_in_marker_steps": 0
            },
            "Temperature": {
                "temperature": 23.0
            }
        }
    },
    "vidalia_onion.n.01_1": {
        "is_asleep": false,
        "root_link": {
            "pos": [
                8.032516479492188,
                0.2698462903499603,
                0.8076662421226501
            ],
            "ori": [
                0.37593626976013184,
                -0.08922906965017319,
                0.5598700046539307,
                0.7329773902893066
            ],
            "lin_vel": [
                -0.019696975126862526,
                0.0049269055016338825,
                0.0015886197797954082
            ],
            "ang_vel": [
                -0.16945596039295197,
                -0.5576421618461609,
                -0.01701435074210167
            ]
        },
        "non_kin": {
            "Temperature": {
                "temperature": 23.0
            },
            "MaxTemperature": {
                "max_temperature": 23.0
            }
        }
    },
    "parer.n.02_1": {
        "is_asleep": true,
        "root_link": {
            "pos": [
                7.825809001922607,
                -0.41449975967407227,
                0.8942152857780457
            ],
            "ori": [
                -4.967660061083734e-07,
                2.3824982235964853e-06,
                -0.7311639785766602,
                0.682202160358429
            ],
            "lin_vel": [
                0.0,
                0.0,
                0.0
            ],
            "ang_vel": [
                0.0,
                0.0,
                0.0
            ]
        },
        "non_kin": {
            "SlicerActive": {
                "value": true,
                "previously_touching": false,
                "delay_counter": 0
            }
        }
    },
    "countertop.n.01_1": {
        "is_asleep": false,
        "root_link": {
            "pos": [
                8.151969909667969,
                0.15750814974308014,
                0.4490511119365692
            ],
            "ori": [
                1.3114304072894952e-15,
                4.177641343972027e-09,
                1.0,
                3.1391647326017846e-07
            ]
        },
        "non_kin": {}
    },
    "bowl.n.01_1": {
        "is_asleep": true,
        "root_link": {
            "pos": [
                8.02741813659668,
                1.1570488214492798,
                0.9254065155982971
            ],
            "ori": [
                0.0003236168995499611,
                -0.0014142602449283004,
                -0.6488430500030518,
                0.7609207630157471
            ],
            "lin_vel": [
                0.0,
                0.0,
                0.0
            ],
            "ang_vel": [
                0.0,
                0.0,
                0.0
            ]
        },
        "non_kin": {
            "Temperature": {
                "temperature": 23.0
            }
        }
    },
    "floor.n.01_1": {
        "is_asleep": false,
        "root_link": {
            "pos": [
                4.8314337730407715,
                1.1399084329605103,
                -0.15000006556510925
            ],
            "ori": [
                0.0,
                0.0,
                0.0,
                1.0
            ]
        },
        "non_kin": {}
    },
    "robot_poses": {
        "R1Pro": [
            {
                "position": [
                    3.5338516235351562,
                    3.0050888061523438,
                    0.003765106201171875
                ],
                "orientation": [
                    0.0,
                    0.0,
                    -0.675094723701477,
                    0.7377310395240784
                ]
            }
        ],
        "Fetch": [
            {
                "position": [
                    6.955441474914551,
                    2.574298143386841,
                    0.0012933015823364258
                ],
                "orientation": [
                    0.0025910139083862305,
                    0.0014174655079841614,
                    0.8772327303886414,
                    -0.48005640506744385
                ]
            }
        ],
        "R1": [
            {
                "position": [
                    6.8688883781433105,
                    2.200592279434204,
                    0.003765106201171875
                ],
                "orientation": [
                    -3.783963620662689e-05,
                    0.005053977947682142,
                    0.8894215822219849,
                    0.4570598900318146
                ]
            }
        ],
        "Stretch": [
            {
                "position": [
                    2.7867956161499023,
                    1.295838475227356,
                    -0.000799521803855896
                ],
                "orientation": [
                    -0.0017002075910568237,
                    0.0010422167833894491,
                    0.8525404930114746,
                    0.5226574540138245
                ]
            }
        ],
        "Tiago": [
            {
                "position": [
                    6.3349714279174805,
                    2.227372884750366,
                    0.00034427642822265625
                ],
                "orientation": [
                    -5.844225725581964e-08,
                    4.343782933347029e-08,
                    0.19598352909088135,
                    0.9806072115898132
                ]
            }
        ]
    }
}