{
    "chopping_board.n.01_1": {
        "is_asleep": true,
        "root_link": {
            "pos": [
                8.027718544006348,
                -0.6100429892539978,
                0.8973639607429504
            ],
            "ori": [
                6.834754458395764e-06,
                -1.6223149941652082e-05,
                0.9641035795211792,
                -0.2655268609523773
            ],
            "lin_vel": [
                0.0,
                0.0,
                0.0
            ],
            "ang_vel": [
                0.0,
                0.0,
                0.0
            ]
        },
        "non_kin": {}
    },
    "sink.n.01_1": {
        "is_asleep": false,
        "root_link": {
            "pos": [
                8.109147071838379,
                0.23475468158721924,
                0.8585090637207031
            ],
            "ori": [
                1.3114304072894952e-15,
                4.177641343972027e-09,
                1.0,
                3.1391647326017846e-07
            ]
        },
        "non_kin": {
            "ToggledOn": {
                "value": false,
                "hand_in_marker_steps": 0
            },
            "Temperature": {
                "temperature": 23.0
            }
        }
    },
    "vidalia_onion.n.01_1": {
        "is_asleep": false,
        "root_link": {
            "pos": [
                8.063626289367676,
                0.4666557013988495,
                0.8097962737083435
            ],
            "ori": [
                0.1364269256591797,
                0.055872511118650436,
                -0.23953154683113098,
                0.9596304297447205
            ],
            "lin_vel": [
                0.0032264592591673136,
                0.0008522273856215179,
                0.00021476834081113338
            ],
            "ang_vel": [
                -0.02638869918882847,
                0.09441312402486801,
                -0.004229514393955469
            ]
        },
        "non_kin": {
            "Temperature": {
                "temperature": 23.0
            },
            "MaxTemperature": {
                "max_temperature": 23.0
            }
        }
    },
    "parer.n.02_1": {
        "is_asleep": true,
        "root_link": {
            "pos": [
                7.991424560546875,
                1.3648910522460938,
                0.894107460975647
            ],
            "ori": [
                -1.7901911633089185e-06,
                9.542320640321122e-07,
                0.19104595482349396,
                0.9815813302993774
            ],
            "lin_vel": [
                0.0,
                0.0,
                0.0
            ],
            "ang_vel": [
                0.0,
                0.0,
                0.0
            ]
        },
        "non_kin": {
            "SlicerActive": {
                "value": true,
                "previously_touching": false,
                "delay_counter": 0
            }
        }
    },
    "countertop.n.01_1": {
        "is_asleep": false,
        "root_link": {
            "pos": [
                8.151969909667969,
                0.15750814974308014,
                0.4490511119365692
            ],
            "ori": [
                1.3114304072894952e-15,
                4.177641343972027e-09,
                1.0,
                3.1391647326017846e-07
            ]
        },
        "non_kin": {}
    },
    "bowl.n.01_1": {
        "is_asleep": true,
        "root_link": {
            "pos": [
                8.122809410095215,
                1.1186151504516602,
                0.9254065155982971
            ],
            "ori": [
                0.00144974235445261,
                6.410578498616815e-05,
                0.6318714022636414,
                0.7750716805458069
            ],
            "lin_vel": [
                0.0,
                0.0,
                0.0
            ],
            "ang_vel": [
                0.0,
                0.0,
                0.0
            ]
        },
        "non_kin": {
            "Temperature": {
                "temperature": 23.0
            }
        }
    },
    "floor.n.01_1": {
        "is_asleep": false,
        "root_link": {
            "pos": [
                4.8314337730407715,
                1.1399084329605103,
                -0.15000006556510925
            ],
            "ori": [
                0.0,
                0.0,
                0.0,
                1.0
            ]
        },
        "non_kin": {}
    },
    "robot_poses": {
        "R1Pro": [
            {
                "position": [
                    1.6673736572265625,
                    2.950439453125,
                    0.003765106201171875
                ],
                "orientation": [
                    0.0,
                    0.0,
                    0.6401982307434082,
                    0.7682097554206848
                ]
            }
        ],
        "Fetch": [
            {
                "position": [
                    6.721970081329346,
                    1.262550950050354,
                    0.0012933015823364258
                ],
                "orientation": [
                    0.000535259023308754,
                    -0.0029044514521956444,
                    0.18134212493896484,
                    0.9834157228469849
                ]
            }
        ],
        "R1": [
            {
                "position": [
                    3.1740026473999023,
                    2.867459535598755,
                    0.003765106201171875
                ],
                "orientation": [
                    0.005008591338992119,
                    -0.0006769229657948017,
                    -0.5782088041305542,
                    0.8158732056617737
                ]
            }
        ],
        "Stretch": [
            {
                "position": [
                    5.491389751434326,
                    2.843836784362793,
                    -0.0007996559143066406
                ],
                "orientation": [
                    -0.001799480989575386,
                    -0.0008595619583502412,
                    0.90236496925354,
                    -0.4309682548046112
                ]
            }
        ],
        "Tiago": [
            {
                "position": [
                    5.87804651260376,
                    1.9347913265228271,
                    0.00034427642822265625
                ],
                "orientation": [
                    1.3974286616758036e-07,
                    -7.546354652276932e-10,
                    0.9792562127113342,
                    0.20262600481510162
                ]
            }
        ]
    }
}