{
    "chopping_board.n.01_1": {
        "is_asleep": true,
        "root_link": {
            "pos": [
                8.08265495300293,
                0.909367024898529,
                0.8972552418708801
            ],
            "ori": [
                2.6748099116957746e-05,
                3.6085781175643206e-05,
                0.9844701886177063,
                -0.17555205523967743
            ],
            "lin_vel": [
                0.0,
                0.0,
                0.0
            ],
            "ang_vel": [
                0.0,
                0.0,
                0.0
            ]
        },
        "non_kin": {}
    },
    "sink.n.01_1": {
        "is_asleep": false,
        "root_link": {
            "pos": [
                8.109147071838379,
                0.23475468158721924,
                0.8585090637207031
            ],
            "ori": [
                1.3114304072894952e-15,
                4.177641343972027e-09,
                1.0,
                3.1391647326017846e-07
            ]
        },
        "non_kin": {
            "ToggledOn": {
                "value": false,
                "hand_in_marker_steps": 0
            },
            "Temperature": {
                "temperature": 23.0
            }
        }
    },
    "vidalia_onion.n.01_1": {
        "is_asleep": false,
        "root_link": {
            "pos": [
                8.016501426696777,
                0.4437605142593384,
                0.8088892102241516
            ],
            "ori": [
                0.08301183581352234,
                0.22338980436325073,
                0.9437570571899414,
                0.22919155657291412
            ],
            "lin_vel": [
                -0.001751692034304142,
                -0.024833522737026215,
                0.0035279595758765936
            ],
            "ang_vel": [
                0.7528784871101379,
                -0.038024768233299255,
                -0.0005319216288626194
            ]
        },
        "non_kin": {
            "Temperature": {
                "temperature": 23.0
            },
            "MaxTemperature": {
                "max_temperature": 23.0
            }
        }
    },
    "parer.n.02_1": {
        "is_asleep": true,
        "root_link": {
            "pos": [
                7.868710994720459,
                -0.40108057856559753,
                0.8942153453826904
            ],
            "ori": [
                -1.6668200260028243e-06,
                -6.296659194049425e-08,
                0.7883991599082947,
                0.6151642203330994
            ],
            "lin_vel": [
                0.0,
                0.0,
                0.0
            ],
            "ang_vel": [
                0.0,
                0.0,
                0.0
            ]
        },
        "non_kin": {
            "SlicerActive": {
                "value": true,
                "previously_touching": false,
                "delay_counter": 0
            }
        }
    },
    "countertop.n.01_1": {
        "is_asleep": false,
        "root_link": {
            "pos": [
                8.151969909667969,
                0.15750814974308014,
                0.4490511119365692
            ],
            "ori": [
                1.3114304072894952e-15,
                4.177641343972027e-09,
                1.0,
                3.1391647326017846e-07
            ]
        },
        "non_kin": {}
    },
    "bowl.n.01_1": {
        "is_asleep": true,
        "root_link": {
            "pos": [
                7.9360737800598145,
                1.2521741390228271,
                0.9253974556922913
            ],
            "ori": [
                0.001156739890575409,
                0.0006168702384456992,
                0.9358378052711487,
                0.3524286150932312
            ],
            "lin_vel": [
                0.0,
                0.0,
                0.0
            ],
            "ang_vel": [
                0.0,
                0.0,
                0.0
            ]
        },
        "non_kin": {
            "Temperature": {
                "temperature": 23.0
            }
        }
    },
    "floor.n.01_1": {
        "is_asleep": false,
        "root_link": {
            "pos": [
                4.8314337730407715,
                1.1399084329605103,
                -0.15000006556510925
            ],
            "ori": [
                0.0,
                0.0,
                0.0,
                1.0
            ]
        },
        "non_kin": {}
    },
    "robot_poses": {
        "R1Pro": [
            {
                "position": [
                    6.990447998046875,
                    1.8475494384765625,
                    0.003765106201171875
                ],
                "orientation": [
                    0.0,
                    0.0,
                    0.972448468208313,
                    0.233117938041687
                ]
            }
        ],
        "Fetch": [
            {
                "position": [
                    4.932446002960205,
                    2.7566182613372803,
                    0.0012933909893035889
                ],
                "orientation": [
                    0.002952486276626587,
                    9.637512266635895e-05,
                    0.9994630217552185,
                    -0.032636336982250214
                ]
            }
        ],
        "R1": [
            {
                "position": [
                    6.591189384460449,
                    1.0611709356307983,
                    0.003765106201171875
                ],
                "orientation": [
                    0.001011427491903305,
                    0.004951978102326393,
                    0.7752419710159302,
                    0.6316442489624023
                ]
            }
        ],
        "Stretch": [
            {
                "position": [
                    3.4683053493499756,
                    -0.15235842764377594,
                    -0.0007996708154678345
                ],
                "orientation": [
                    -0.0006369594484567642,
                    0.001889912411570549,
                    0.31939589977264404,
                    0.9476193189620972
                ]
            }
        ],
        "Tiago": [
            {
                "position": [
                    3.137991189956665,
                    -0.1940608024597168,
                    0.00034427642822265625
                ],
                "orientation": [
                    -1.632327339962103e-08,
                    1.0037897624215475e-07,
                    0.3247906565666199,
                    0.9457859396934509
                ]
            }
        ]
    }
}