{
    "chopping_board.n.01_1": {
        "is_asleep": true,
        "root_link": {
            "pos": [
                8.045244216918945,
                0.8224385380744934,
                0.8973303437232971
            ],
            "ori": [
                -0.00024521612795069814,
                -7.326081686187536e-05,
                -0.2330535352230072,
                0.9724639058113098
            ],
            "lin_vel": [
                0.0,
                0.0,
                0.0
            ],
            "ang_vel": [
                0.0,
                0.0,
                0.0
            ]
        },
        "non_kin": {}
    },
    "sink.n.01_1": {
        "is_asleep": false,
        "root_link": {
            "pos": [
                8.109147071838379,
                0.23475468158721924,
                0.8585090637207031
            ],
            "ori": [
                1.3114304072894952e-15,
                4.177641343972027e-09,
                1.0,
                3.1391647326017846e-07
            ]
        },
        "non_kin": {
            "ToggledOn": {
                "value": false,
                "hand_in_marker_steps": 0
            },
            "Temperature": {
                "temperature": 23.0
            }
        }
    },
    "vidalia_onion.n.01_1": {
        "is_asleep": true,
        "root_link": {
            "pos": [
                8.139986991882324,
                0.43801888823509216,
                0.80926913022995
            ],
            "ori": [
                0.0913667306303978,
                0.1625261902809143,
                0.7322523593902588,
                0.6550146341323853
            ],
            "lin_vel": [
                0.0,
                0.0,
                0.0
            ],
            "ang_vel": [
                0.0,
                0.0,
                0.0
            ]
        },
        "non_kin": {
            "Temperature": {
                "temperature": 23.0
            },
            "MaxTemperature": {
                "max_temperature": 23.0
            }
        }
    },
    "parer.n.02_1": {
        "is_asleep": true,
        "root_link": {
            "pos": [
                7.950794696807861,
                -0.616062343120575,
                0.8942152857780457
            ],
            "ori": [
                -2.4358487280551344e-06,
                5.887824272576836e-07,
                0.36693519353866577,
                0.9302468299865723
            ],
            "lin_vel": [
                0.0,
                0.0,
                0.0
            ],
            "ang_vel": [
                0.0,
                0.0,
                0.0
            ]
        },
        "non_kin": {
            "SlicerActive": {
                "value": true,
                "previously_touching": false,
                "delay_counter": 0
            }
        }
    },
    "countertop.n.01_1": {
        "is_asleep": false,
        "root_link": {
            "pos": [
                8.151969909667969,
                0.15750814974308014,
                0.4490511119365692
            ],
            "ori": [
                1.3114304072894952e-15,
                4.177641343972027e-09,
                1.0,
                3.1391647326017846e-07
            ]
        },
        "non_kin": {}
    },
    "bowl.n.01_1": {
        "is_asleep": true,
        "root_link": {
            "pos": [
                8.151843070983887,
                1.2589057683944702,
                0.9254065155982971
            ],
            "ori": [
                0.0009930317755788565,
                -0.0010582641698420048,
                -0.1766790747642517,
                0.9842674136161804
            ],
            "lin_vel": [
                0.0,
                0.0,
                0.0
            ],
            "ang_vel": [
                0.0,
                0.0,
                0.0
            ]
        },
        "non_kin": {
            "Temperature": {
                "temperature": 23.0
            }
        }
    },
    "floor.n.01_1": {
        "is_asleep": false,
        "root_link": {
            "pos": [
                4.8314337730407715,
                1.1399084329605103,
                -0.15000006556510925
            ],
            "ori": [
                0.0,
                0.0,
                0.0,
                1.0
            ]
        },
        "non_kin": {}
    },
    "robot_poses": {
        "R1Pro": [
            {
                "position": [
                    3.231609344482422,
                    2.910388946533203,
                    0.003765106201171875
                ],
                "orientation": [
                    0.0,
                    0.0,
                    0.6194778084754944,
                    0.7850141525268555
                ]
            }
        ],
        "Fetch": [
            {
                "position": [
                    4.675684928894043,
                    3.2051944732666016,
                    0.001293182373046875
                ],
                "orientation": [
                    -0.0023206770420074463,
                    -0.0018234923481941223,
                    -0.7862256169319153,
                    0.6179326772689819
                ]
            }
        ],
        "R1": [
            {
                "position": [
                    7.286101818084717,
                    2.1481800079345703,
                    0.0037649869918823242
                ],
                "orientation": [
                    0.0029577952809631824,
                    0.004098334815353155,
                    0.4470363259315491,
                    0.8945016264915466
                ]
            }
        ],
        "Stretch": [
            {
                "position": [
                    2.790178060531616,
                    3.113701105117798,
                    -0.000799521803855896
                ],
                "orientation": [
                    -0.0006238892674446106,
                    0.0018949436489492655,
                    0.3125958740711212,
                    0.9498841762542725
                ]
            }
        ],
        "Tiago": [
            {
                "position": [
                    7.223956108093262,
                    2.116952657699585,
                    0.00034427642822265625
                ],
                "orientation": [
                    2.4762812245171517e-08,
                    4.18101606669552e-08,
                    0.2025272101163864,
                    0.9792766571044922
                ]
            }
        ]
    }
}