{
    "agent.n.01_1": {
        "is_asleep": false,
        "root_link": {
            "pos": [
                -50.0,
                -50.0,
                -50.0
            ],
            "ori": [
                0.0,
                0.0,
                0.0,
                1.0
            ],
            "lin_vel": [
                0.0,
                0.0,
                0.0
            ],
            "ang_vel": [
                0.0,
                0.0,
                0.0
            ]
        },
        "joint_pos": [
            55.89696502685547,
            51.00525665283203,
            50.00376510620117,
            -0.009331529960036278,
            -0.003885543905198574,
            3.0539309978485107,
            -7.016741437837481e-05,
            -0.0002587127673905343,
            0.00011093743523815647,
            4.239335794409271e-06,
            -5.961131591902813e-06,
            3.441757144173607e-05,
            1.9060038328170776,
            1.9060029983520508,
            -0.9910048842430115,
            -0.9910026788711548,
            1.5710006952285767,
            1.571000099182129,
            0.9149993062019348,
            0.915001392364502,
            -1.5709991455078125,
            -1.571000099182129,
            0.049999941140413284,
            0.049999892711639404,
            0.049999844282865524,
            0.04999995604157448
        ],
        "joint_vel": [
            -0.0006113047711551189,
            9.013352973852307e-05,
            -0.0011418601498007774,
            -0.00014374662714544684,
            -0.00015603532665409148,
            0.00024219279293902218,
            -0.0002973302616737783,
            1.5214201994240284e-05,
            0.0005208214279264212,
            0.0005491697229444981,
            0.00014608338824473321,
            0.0004629057366400957,
            -0.0017083727288991213,
            0.0010834982385858893,
            0.0001315016415901482,
            0.0005488959141075611,
            -0.00014904761337675154,
            0.0002391101879766211,
            -0.0003210845752619207,
            0.0004941087681800127,
            6.05444802204147e-05,
            -0.00017390988068655133,
            1.9063048966927454e-05,
            -2.1720701624872163e-05,
            4.6691980060131755e-06,
            1.5002943655417766e-05
        ],
        "controllers": {
            "base": {
                "goal_is_valid": true,
                "goal": {
                    "target": [
                        0.0,
                        0.0,
                        0.0
                    ]
                }
            },
            "trunk": {
                "goal_is_valid": true,
                "goal": {
                    "target": [
                        -7.034498412394896e-05,
                        -0.00026055474882014096,
                        0.00011164546594955027,
                        3.31908472617215e-06
                    ]
                }
            },
            "arm_left": {
                "goal_is_valid": true,
                "goal": {
                    "target_pos": [
                        0.5446224212646484,
                        0.39684855937957764,
                        1.4467841386795044
                    ],
                    "target_ori_mat": [
                        [
                            -0.00677800178527832,
                            4.6994187869131565e-05,
                            0.9999769926071167
                        ],
                        [
                            0.0031177280470728874,
                            -0.9999951124191284,
                            6.812752690166235e-05
                        ],
                        [
                            0.9999721050262451,
                            0.0031181182712316513,
                            0.0067778825759887695
                        ]
                    ]
                },
                "control_filter": {
                    "past_samples": [
                        [
                            -7.066802027111407e-06,
                            1.906001329421997,
                            -0.9910008311271667,
                            1.5710012912750244,
                            0.9150015711784363,
                            -1.5709997415542603
                        ],
                        [
                            -6.172140274429694e-06,
                            1.906003713607788,
                            -0.9910057783126831,
                            1.5710012912750244,
                            0.9149993062019348,
                            -1.5709996223449707
                        ]
                    ],
                    "current_idx": 1,
                    "fully_filled": true
                }
            },
            "gripper_left": {
                "goal_is_valid": true,
                "goal": {
                    "target": [
                        1.0
                    ]
                },
                "vel_filter": {
                    "past_samples": [
                        [
                            0.0,
                            -4.4703480739372026e-07
                        ],
                        [
                            -1.3411043937594513e-06,
                            -5.811452410853235e-06
                        ],
                        [
                            -8.940696147874405e-07,
                            -2.235173951703473e-06
                        ],
                        [
                            1.3411043937594513e-06,
                            -4.470347903406946e-06
                        ],
                        [
                            4.4703480739372026e-07,
                            8.493661880493164e-06
                        ]
                    ],
                    "current_idx": 2,
                    "fully_filled": true
                }
            },
            "arm_right": {
                "goal_is_valid": true,
                "goal": {
                    "target_pos": [
                        0.5446252822875977,
                        -0.39683735370635986,
                        1.443986415863037
                    ],
                    "target_ori_mat": [
                        [
                            0.005850315093994141,
                            -3.959517925977707e-06,
                            0.9999827742576599
                        ],
                        [
                            -0.004663525149226189,
                            -0.9999887943267822,
                            2.332380972802639e-05
                        ],
                        [
                            0.9999719262123108,
                            -0.00466358195990324,
                            -0.005849957466125488
                        ]
                    ]
                },
                "control_filter": {
                    "past_samples": [
                        [
                            3.6210534744895995e-05,
                            1.9059984683990479,
                            -0.9909964203834534,
                            1.5709999799728394,
                            0.9150030612945557,
                            -1.571000099182129
                        ],
                        [
                            3.4613098250702024e-05,
                            1.906003713607788,
                            -0.9910025000572205,
                            1.570999264717102,
                            0.9150013327598572,
                            -1.5709993839263916
                        ]
                    ],
                    "current_idx": 1,
                    "fully_filled": true
                }
            },
            "gripper_right": {
                "goal_is_valid": true,