{
    "chopping_board.n.01_1": {
        "is_asleep": true,
        "root_link": {
            "pos": [
                8.07678508758545,
                1.2658734321594238,
                0.8972560167312622
            ],
            "ori": [
                -1.773984513420146e-05,
                -7.691315317970293e-07,
                -0.12960459291934967,
                0.9915657639503479
            ],
            "lin_vel": [
                0.0,
                0.0,
                0.0
            ],
            "ang_vel": [
                0.0,
                0.0,
                0.0
            ]
        },
        "non_kin": {}
    },
    "sink.n.01_1": {
        "is_asleep": false,
        "root_link": {
            "pos": [
                8.109147071838379,
                0.23475468158721924,
                0.8585090637207031
            ],
            "ori": [
                1.3114304072894952e-15,
                4.177641343972027e-09,
                1.0,
                3.1391647326017846e-07
            ]
        },
        "non_kin": {
            "ToggledOn": {
                "value": false,
                "hand_in_marker_steps": 0
            },
            "Temperature": {
                "temperature": 23.0
            }
        }
    },
    "vidalia_onion.n.01_1": {
        "is_asleep": true,
        "root_link": {
            "pos": [
                7.903773307800293,
                0.36704492568969727,
                0.8092590570449829
            ],
            "ori": [
                0.12479253113269806,
                -0.1509300023317337,
                -0.771558940410614,
                0.6052635312080383
            ],
            "lin_vel": [
                0.0,
                0.0,
                0.0
            ],
            "ang_vel": [
                0.0,
                0.0,
                0.0
            ]
        },
        "non_kin": {
            "Temperature": {
                "temperature": 23.0
            },
            "MaxTemperature": {
                "max_temperature": 23.0
            }
        }
    },
    "parer.n.02_1": {
        "is_asleep": true,
        "root_link": {
            "pos": [
                7.854337215423584,
                1.2150392532348633,
                0.8941075801849365
            ],
            "ori": [
                -1.929038262460381e-06,
                -7.812368494342081e-07,
                0.8544961214065552,
                0.5194578170776367
            ],
            "lin_vel": [
                0.0,
                0.0,
                0.0
            ],
            "ang_vel": [
                0.0,
                0.0,
                0.0
            ]
        },
        "non_kin": {
            "SlicerActive": {
                "value": true,
                "previously_touching": false,
                "delay_counter": 0
            }
        }
    },
    "countertop.n.01_1": {
        "is_asleep": false,
        "root_link": {
            "pos": [
                8.151969909667969,
                0.15750814974308014,
                0.4490511119365692
            ],
            "ori": [
                1.3114304072894952e-15,
                4.177641343972027e-09,
                1.0,
                3.1391647326017846e-07
            ]
        },
        "non_kin": {}
    },
    "bowl.n.01_1": {
        "is_asleep": true,
        "root_link": {
            "pos": [
                8.141873359680176,
                -0.59560227394104,
                0.9254953265190125
            ],
            "ori": [
                0.0011084363795816898,
                -0.0004053846059832722,
                0.4586634039878845,
                0.8886095285415649
            ],
            "lin_vel": [
                0.0,
                0.0,
                0.0
            ],
            "ang_vel": [
                0.0,
                0.0,
                0.0
            ]
        },
        "non_kin": {
            "Temperature": {
                "temperature": 23.0
            }
        }
    },
    "floor.n.01_1": {
        "is_asleep": false,
        "root_link": {
            "pos": [
                4.8314337730407715,
                1.1399084329605103,
                -0.15000006556510925
            ],
            "ori": [
                0.0,
                0.0,
                0.0,
                1.0
            ]
        },
        "non_kin": {}
    },
    "robot_poses": {
        "R1Pro": [
            {
                "position": [
                    3.6583290100097656,
                    3.1821556091308594,
                    0.003765106201171875
                ],
                "orientation": [
                    0.0,
                    0.0,
                    -0.5623246431350708,
                    0.826916515827179
                ]
            }
        ],
        "Fetch": [
            {
                "position": [
                    2.431516647338867,
                    3.0441458225250244,
                    0.001293271780014038
                ],
                "orientation": [
                    0.0023551583290100098,
                    -0.0017852429300546646,
                    0.7968946099281311,
                    0.6041110157966614
                ]
            }
        ],
        "R1": [
            {
                "position": [
                    7.840651988983154,
                    2.434293270111084,
                    0.003765106201171875
                ],
                "orientation": [
                    0.004406078718602657,
                    0.0024758498184382915,
                    0.0297671128064394,
                    0.999544084072113
                ]
            }
        ],
        "Stretch": [
            {
                "position": [
                    5.457484722137451,
                    0.28196078538894653,
                    -0.0007994621992111206
                ],
                "orientation": [
                    -0.0019209310412406921,
                    -0.0005349187995307148,
                    0.9634206295013428,
                    -0.2679866850376129
                ]
            }
        ],
        "Tiago": [
            {
                "position": [
                    1.80508291721344,
                    3.106600522994995,
                    0.00034427642822265625
                ],
                "orientation": [
                    1.449991060553657e-08,
                    7.124729961560661e-08,
                    -0.8681188821792603,
                    0.4963565766811371
                ]
            }
        ]
    }
}