{
    "agent.n.01_1": {
        "is_asleep": false,
        "root_link": {
            "pos": [
                -50.0,
                -50.0,
                -50.0
            ],
            "ori": [
                0.0,
                0.0,
                0.0,
                1.0
            ],
            "lin_vel": [
                0.0,
                0.0,
                0.0
            ],
            "ang_vel": [
                0.0,
                0.0,
                0.0
            ]
        },
        "joint_pos": [
            53.73371887207031,
            53.25514602661133,
            50.00362777709961,
            0.0018633464351296425,
            -0.009642834775149822,
            -1.8038617372512817,
            -6.936916179256514e-05,
            -0.0002617658756207675,
            0.00011440615344326943,
            3.5747880247072317e-06,
            -2.880324245779775e-06,
            3.2132033084053546e-05,
            1.906005620956421,
            1.906003713607788,
            -0.9910061359405518,
            -0.9910091757774353,
            1.5710009336471558,
            1.5709995031356812,
            0.9149988889694214,
            0.9149962663650513,
            -1.5709993839263916,
            -1.571000099182129,
            0.04999981448054314,
            0.04999995976686478,
            0.0499999076128006,
            0.04999998211860657
        ],
        "joint_vel": [
            0.00011982562864432111,
            -0.0006091843824833632,
            -0.005777288693934679,
            -0.0002629464725032449,
            -0.00041060708463191986,
            -3.9238089811988175e-05,
            0.0006040175794623792,
            -0.0006266997079364955,
            0.0003588307008612901,
            0.0013072692090645432,
            0.0007811256218701601,
            0.0011062017874792218,
            -0.003245916683226824,
            0.0028458263259381056,
            -0.00023564687580801547,
            0.0005411144229583442,
            0.0005494635552167892,
            0.0017344916705042124,
            -0.001320709241554141,
            0.0012737817596644163,
            -0.0006822803406976163,
            -0.001384445931762457,
            4.124636325286701e-05,
            2.3464299374609254e-06,
            2.0745410438394174e-06,
            1.894753222586587e-05
        ],
        "controllers": {
            "base": {
                "goal_is_valid": true,
                "goal": {
                    "target": [
                        0.0,
                        0.0,
                        0.0
                    ]
                }
            },
            "trunk": {
                "goal_is_valid": true,
                "goal": {
                    "target": [
                        -7.036168972263113e-05,
                        -0.00026058926596306264,
                        0.0001116482526413165,
                        3.2887364795897156e-06
                    ]
                }
            },
            "arm_left": {
                "goal_is_valid": true,
                "goal": {
                    "target_pos": [
                        0.544621467590332,
                        0.3968489170074463,
                        1.4467841386795044
                    ],
                    "target_ori_mat": [
                        [
                            -0.00677800178527832,
                            4.6834349632263184e-05,
                            0.9999771118164062
                        ],
                        [
                            0.0031177960336208344,
                            -0.999995231628418,
                            6.796792149543762e-05
                        ],
                        [
                            0.9999722242355347,
                            0.00311818509362638,
                            0.006777703762054443
                        ]
                    ]
                },
                "control_filter": {
                    "past_samples": [
                        [
                            -3.0590215374104446e-06,
                            1.9060053825378418,
                            -0.9910048842430115,
                            1.571000099182129,
                            0.9150009751319885,
                            -1.5709986686706543
                        ],
                        [
                            -1.5324269497796195e-06,
                            1.9060049057006836,
                            -0.9910069108009338,
                            1.571001410484314,
                            0.9149982929229736,
                            -1.5709997415542603
                        ]
                    ],
                    "current_idx": 0,
                    "fully_filled": true
                }
            },
            "gripper_left": {
                "goal_is_valid": true,
                "goal": {
                    "target": [
                        1.0
                    ]
                },
                "vel_filter": {
                    "past_samples": [
                        [
                            -4.470347903406946e-06,
                            1.20699396575219e-05
                        ],
                        [
                            8.940696147874405e-07,
                            -9.387730642629322e-06
                        ],
                        [
                            4.917382739222376e-06,
                            1.072883515007561e-05
                        ],
                        [
                            -9.387730642629322e-06,
                            -9.834765478444751e-06
                        ],
                        [
                            0.0,
                            -1.3411044164968189e-05
                        ]
                    ],
                    "current_idx": 4,
                    "fully_filled": true
                }
            },
            "arm_right": {
                "goal_is_valid": true,
                "goal": {
                    "target_pos": [
                        0.5446257591247559,
                        -0.3968377113342285,
                        1.4439867734909058
                    ],
                    "target_ori_mat": [
                        [
                            0.0058501362800598145,
                            -3.7243589758872986e-06,
                            0.9999827742576599
                        ],
                        [
                            -0.004663605242967606,
                            -0.9999889135360718,
                            2.3558270186185837e-05
                        ],
                        [
                            0.9999719262123108,
                            -0.004663662984967232,
                            -0.0058498382568359375
                        ]
                    ]
                },
                "control_filter": {
                    "past_samples": [
                        [
                            3.153215584461577e-05,
                            1.9060041904449463,
                            -0.9910094141960144,
                            1.5709999799728394,
                            0.9149953126907349,
                            -1.5709995031356812
                        ],
                        [
                            3.0286426408565603e-05,
                            1.9060055017471313,
                            -0.9910100698471069,
                            1.5709995031356812,
                            0.9149962663650513,
                            -1.5709995031356812
                        ]
                    ],
                    "current_idx": 0,
                    "fully_filled": true
                }
            },
            "gripper_right": {
                "goal_is_valid": true,