{
    "agent.n.01_1": {
        "is_asleep": false,
        "root_link": {
            "pos": [
                -50.0,
                -50.0,
                -50.0
            ],
            "ori": [
                0.0,
                0.0,
                0.0,
                1.0
            ],
            "lin_vel": [
                0.0,
                0.0,
                0.0
            ],
            "ang_vel": [
                0.0,
                0.0,
                0.0
            ]
        },
        "joint_pos": [
            56.04436492919922,
            51.77080535888672,
            50.00376510620117,
            0.007805046159774065,
            -0.0064235590398311615,
            -1.1707972288131714,
            -6.996481533860788e-05,
            -0.0002601662708912045,
            0.000111736539111007,
            4.06945855502272e-06,
            -7.133171948225936e-06,
            3.4374850656604394e-05,
            1.9059994220733643,
            1.905999779701233,
            -0.9909971356391907,
            -0.9910011887550354,
            1.5710006952285767,
            1.570999026298523,
            0.9150023460388184,
            0.9150002598762512,
            -1.570999026298523,
            -1.5709993839263916,
            0.04999990016222,
            0.049999985843896866,
            0.04999982565641403,
            0.04999992251396179
        ],
        "joint_vel": [
            6.750458851456642e-05,
            6.251057493500412e-05,
            -0.001148706884123385,
            -0.00012918116408400238,
            -7.588640437461436e-05,
            -0.00022832716058474034,
            0.0006718133226968348,
            -0.00015553884441033006,
            0.00022959589841775596,
            0.00012658315245062113,
            0.0003070186357945204,
            0.00033310436992906034,
            -0.0006756148068234324,
            0.0008629453950561583,
            -0.0002832456957548857,
            0.0001841879857238382,
            0.0004660802078433335,
            0.00045246307854540646,
            -0.0006535016000270844,
            0.0006112805567681789,
            -0.00042694684816524386,
            -0.0004018982290290296,
            1.4748465218872298e-05,
            7.701906724832952e-06,
            7.620446012879256e-06,
            9.949564628186636e-06
        ],
        "controllers": {
            "base": {
                "goal_is_valid": true,
                "goal": {
                    "target": [
                        0.0,
                        0.0,
                        0.0
                    ]
                }
            },
            "trunk": {
                "goal_is_valid": true,
                "goal": {
                    "target": [
                        -7.039021875243634e-05,
                        -0.0002606502966955304,
                        0.0001116557396017015,
                        3.3639757930359337e-06
                    ]
                }
            },
            "arm_left": {
                "goal_is_valid": true,
                "goal": {
                    "target_pos": [
                        0.5446214079856873,
                        0.396848201751709,
                        1.446784257888794
                    ],
                    "target_ori_mat": [
                        [
                            -0.006778359413146973,
                            4.634447395801544e-05,
                            0.9999769330024719
                        ],
                        [
                            0.003117545507848263,
                            -0.9999949932098389,
                            6.747781299054623e-05
                        ],
                        [
                            0.9999720454216003,
                            0.0031179313082247972,
                            0.006778359413146973
                        ]
                    ]
                },
                "control_filter": {
                    "past_samples": [
                        [
                            -6.902100722072646e-06,
                            1.9059991836547852,
                            -0.990997850894928,
                            1.5710011720657349,
                            0.9150019884109497,
                            -1.5709993839263916
                        ],
                        [
                            -7.064211331453407e-06,
                            1.906000018119812,
                            -0.9909975528717041,
                            1.5710009336471558,
                            0.91500324010849,
                            -1.570999264717102
                        ]
                    ],
                    "current_idx": 1,
                    "fully_filled": true
                }
            },
            "gripper_left": {
                "goal_is_valid": true,
                "goal": {
                    "target": [
                        1.0
                    ]
                },
                "vel_filter": {
                    "past_samples": [
                        [
                            3.1292436233343324e-06,
                            -1.072883515007561e-05
                        ],
                        [
                            -7.152556918299524e-06,
                            -6.7055220824840944e-06
                        ],
                        [
                            4.470347903406946e-06,
                            8.493661880493164e-06
                        ],
                        [
                            -1.788139229574881e-06,
                            -1.251697449333733e-05
                        ],
                        [
                            -8.940696147874405e-07,
                            1.072883515007561e-05
                        ]
                    ],
                    "current_idx": 1,
                    "fully_filled": true
                }
            },
            "arm_right": {
                "goal_is_valid": true,
                "goal": {
                    "target_pos": [
                        0.5446248650550842,
                        -0.3968377113342285,
                        1.4439862966537476
                    ],
                    "target_ori_mat": [
                        [
                            0.0058501362800598145,
                            -4.098750650882721e-06,
                            0.9999828338623047
                        ],
                        [
                            -0.00466341245919466,
                            -0.9999890327453613,
                            2.3183180019259453e-05
                        ],
                        [
                            0.9999719858169556,
                            -0.004663468338549137,
                            -0.005849957466125488
                        ]
                    ]
                },
                "control_filter": {
                    "past_samples": [
                        [
                            3.431204822845757e-05,
                            1.9060025215148926,
                            -0.9910013675689697,
                            1.5709986686706543,
                            0.9150014519691467,
                            -1.5709991455078125
                        ],
                        [
                            3.408770862733945e-05,
                            1.9059991836547852,
                            -0.9910014271736145,
                            1.5709986686706543,
                            0.9149983525276184,
                            -1.5709989070892334
                        ]
                    ],
                    "current_idx": 1,
                    "fully_filled": true
                }
            },
            "gripper_right": {
                "goal_is_valid": true,