{
    "plywood.n.01_1": {
        "is_asleep": false,
        "root_link": {
            "pos": [
                -10.225393295288086,
                -0.7543073892593384,
                0.013230099342763424
            ],
            "ori": [
                -0.008965518325567245,
                -7.369314698735252e-05,
                -0.8647077083587646,
                0.5021955370903015
            ],
            "lin_vel": [
                -2.643045263539534e-06,
                3.67023153557966e-06,
                -2.0744575977005297e-06
            ],
            "ang_vel": [
                2.347724512219429e-05,
                -2.8934919100720435e-05,
                8.513338229931833e-07
            ]
        },
        "non_kin": {
            "Temperature": {
                "temperature": 23.0
            }
        }
    },
    "plywood.n.01_2": {
        "is_asleep": true,
        "root_link": {
            "pos": [
                -8.574983596801758,
                -2.167433977127075,
                0.01323009468615055
            ],
            "ori": [
                -0.004964494612067938,
                -0.007465992588549852,
                -0.068817138671875,
                0.9975890517234802
            ],
            "lin_vel": [
                0.0,
                0.0,
                0.0
            ],
            "ang_vel": [
                0.0,
                0.0,
                0.0
            ]
        },
        "non_kin": {
            "Temperature": {
                "temperature": 23.0
            }
        }
    },
    "plywood.n.01_3": {
        "is_asleep": true,
        "root_link": {
            "pos": [
                -5.309903144836426,
                -1.8346577882766724,
                0.013230089098215103
            ],
            "ori": [
                -0.008400346152484417,
                -0.0031340429559350014,
                -0.6409512758255005,
                0.7675292491912842
            ],
            "lin_vel": [
                0.0,
                0.0,
                0.0
            ],
            "ang_vel": [
                0.0,
                0.0,
                0.0
            ]
        },
        "non_kin": {
            "Temperature": {
                "temperature": 23.0
            }
        }
    },
    "floor.n.01_1": {
        "is_asleep": false,
        "root_link": {
            "pos": [
                -8.231354713439941,
                -1.8533318042755127,
                -0.15000005066394806
            ],
            "ori": [
                0.0,
                0.0,
                0.0,
                1.0
            ]
        },
        "non_kin": {}
    },
    "floor.n.01_2": {
        "is_asleep": false,
        "root_link": {
            "pos": [
                -0.2026587724685669,
                3.3603272438049316,
                -0.15000005066394806
            ],
            "ori": [
                0.0,
                0.0,
                0.0,
                1.0
            ]
        },
        "non_kin": {}
    },
    "robot_poses": {
        "R1Pro": [
            {
                "position": [
                    -5.994251251220703,
                    -2.6038360595703125,
                    0.003765106201171875
                ],
                "orientation": [
                    0.0,
                    0.0,
                    0.6592275500297546,
                    0.7519434690475464
                ]
            }
        ],
        "Fetch": [
            {
                "position": [
                    -12.47053337097168,
                    -2.735647678375244,
                    0.001293271780014038
                ],
                "orientation": [
                    0.002933815121650696,
                    -0.0003397893160581589,
                    0.9933630228042603,
                    0.11498486995697021
                ]
            }
        ],
        "R1": [
            {
                "position": [
                    -3.626359462738037,
                    -2.444754123687744,
                    0.003765106201171875
                ],
                "orientation": [
                    0.0022743018344044685,
                    0.004513369407504797,
                    0.5824921727180481,
                    0.8128206133842468
                ]
            }
        ],
        "Stretch": [
            {
                "position": [
                    -10.421616554260254,
                    1.6425076723098755,
                    -0.0007995963096618652
                ],
                "orientation": [
                    -0.0018267948180437088,
                    0.0008018348598852754,
                    0.9156397581100464,
                    0.40199512243270874
                ]
            }
        ],
        "Tiago": [
            {
                "position": [
                    -7.103879928588867,
                    -2.0619325637817383,
                    0.00034427642822265625
                ],
                "orientation": [
                    5.228757515851612e-08,
                    -6.935828622545159e-08,
                    -0.6172791719436646,
                    0.786744236946106
                ]
            }
        ]
    }
}