{
    "agent.n.01_1": {
        "is_asleep": false,
        "root_link": {
            "pos": [
                -50.0,
                -50.0,
                -50.0
            ],
            "ori": [
                0.0,
                0.0,
                0.0,
                1.0
            ],
            "lin_vel": [
                0.0,
                0.0,
                0.0
            ],
            "ang_vel": [
                0.0,
                0.0,
                0.0
            ]
        },
        "joint_pos": [
            41.86212921142578,
            47.647708892822266,
            50.00376510620117,
            0.005928554106503725,
            0.008187208324670792,
            0.4618558883666992,
            -7.024775550235063e-05,
            -0.00026004333631135523,
            0.00011135826207464561,
            4.047974016430089e-06,
            -7.170206117734779e-06,
            3.5971312172478065e-05,
            1.9060007333755493,
            1.9060006141662598,
            -0.9909969568252563,
            -0.9910023212432861,
            1.5709999799728394,
            1.571001410484314,
            0.9150044918060303,
            0.9149998426437378,
            -1.570999026298523,
            -1.571000337600708,
            0.04999981075525284,
            0.04999992623925209,
            0.049999795854091644,
            0.04999997466802597
        ],
        "joint_vel": [
            -1.4922071386536118e-05,
            7.224939326988533e-05,
            -0.000997267896309495,
            1.9831699319183826e-05,
            4.52329040854238e-05,
            5.9453148423926905e-05,
            0.00025450202520005405,
            -0.00013049588596913964,
            0.0001306025660596788,
            0.0006293645710684359,
            0.0002781893708743155,
            0.0003156297898385674,
            -0.000918822071980685,
            0.0008796746842563152,
            -6.95559720043093e-05,
            0.00015101348981261253,
            0.00023030309239402413,
            0.0005143538000993431,
            -0.0007064904202707112,
            0.0005878329393453896,
            -0.0002978702250402421,
            -0.0004782008472830057,
            3.4966462408192456e-05,
            -4.2588567339407746e-08,
            9.192630386678502e-06,
            1.707866795186419e-05
        ],
        "controllers": {
            "base": {
                "goal_is_valid": true,
                "goal": {
                    "target": [
                        0.0,
                        0.0,
                        0.0
                    ]
                }
            },
            "trunk": {
                "goal_is_valid": true,
                "goal": {
                    "target": [
                        -7.040203490760177e-05,
                        -0.00026067387079820037,
                        0.00011165700561832637,
                        3.309641442683642e-06
                    ]
                }
            },
            "arm_left": {
                "goal_is_valid": true,
                "goal": {
                    "target_pos": [
                        0.544621467590332,
                        0.3968477249145508,
                        1.446784257888794
                    ],
                    "target_ori_mat": [
                        [
                            -0.006778120994567871,
                            4.688242916017771e-05,
                            0.999977171421051
                        ],
                        [
                            0.0031179948709905148,
                            -0.9999954700469971,
                            6.801763083785772e-05
                        ],
                        [
                            0.9999722838401794,
                            0.003118384163826704,
                            0.006777703762054443
                        ]
                    ]
                },
                "control_filter": {
                    "past_samples": [
                        [
                            -7.025864306342555e-06,
                            1.9060007333755493,
                            -0.9909970760345459,
                            1.5710004568099976,
                            0.9150050282478333,
                            -1.5709995031356812
                        ],
                        [
                            -7.381362138403347e-06,
                            1.9060016870498657,
                            -0.9909985661506653,
                            1.5709998607635498,
                            0.9150040149688721,
                            -1.570999264717102
                        ]
                    ],
                    "current_idx": 0,
                    "fully_filled": true
                }
            },
            "gripper_left": {
                "goal_is_valid": true,
                "goal": {
                    "target": [
                        1.0
                    ]
                },
                "vel_filter": {
                    "past_samples": [
                        [
                            1.788139229574881e-06,
                            5.811452410853235e-06
                        ],
                        [
                            -5.811452410853235e-06,
                            8.940696147874405e-07
                        ],
                        [
                            6.258487246668665e-06,
                            -8.940696147874405e-07
                        ],
                        [
                            -3.1292436233343324e-06,
                            -3.576278459149762e-06
                        ],
                        [
                            3.576278459149762e-06,
                            6.7055220824840944e-06
                        ]
                    ],
                    "current_idx": 0,
                    "fully_filled": true
                }
            },
            "arm_right": {
                "goal_is_valid": true,
                "goal": {
                    "target_pos": [
                        0.5446252822875977,
                        -0.3968377113342285,
                        1.4439866542816162
                    ],
                    "target_ori_mat": [
                        [
                            0.005850315093994141,
                            -3.981404006481171e-06,
                            0.9999827742576599
                        ],
                        [
                            -0.004663423169404268,
                            -0.9999887943267822,
                            2.330099232494831e-05
                        ],
                        [
                            0.9999719262123108,
                            -0.0046634795144200325,
                            -0.005849957466125488
                        ]
                    ]
                },
                "control_filter": {
                    "past_samples": [
                        [
                            3.594767258618958e-05,
                            1.9060004949569702,
                            -0.9910001754760742,
                            1.571000576019287,
                            0.9150007367134094,
                            -1.5710008144378662
                        ],
                        [
                            3.571928755263798e-05,
                            1.9060029983520508,
                            -0.991005003452301,
                            1.5710006952285767,
                            0.9149985313415527,
                            -1.5710009336471558
                        ]
                    ],
                    "current_idx": 0,
                    "fully_filled": true
                }
            },
            "gripper_right": {
                "goal_is_valid": true,