{
    "agent.n.01_1": {
        "is_asleep": false,
        "root_link": {
            "pos": [
                -50.0,
                -50.0,
                -50.0
            ],
            "ori": [
                0.0,
                0.0,
                0.0,
                1.0
            ],
            "lin_vel": [
                0.0,
                0.0,
                0.0
            ],
            "ang_vel": [
                0.0,
                0.0,
                0.0
            ]
        },
        "joint_pos": [
            38.11029052734375,
            47.51267623901367,
            50.00376510620117,
            0.005478246137499809,
            0.008495081216096878,
            0.5158144235610962,
            -7.038223702693358e-05,
            -0.0002601298619993031,
            0.00011140262358821929,
            4.181369604339125e-06,
            -6.201838004926685e-06,
            3.551649206201546e-05,
            1.90599524974823,
            1.9059975147247314,
            -0.9909863471984863,
            -0.9909960627555847,
            1.5710006952285767,
            1.5710009336471558,
            0.9150093793869019,
            0.9150029420852661,
            -1.5709987878799438,
            -1.5710002183914185,
            0.04999979957938194,
            0.04999997094273567,
            0.04999988526105881,
            0.04999982565641403
        ],
        "joint_vel": [
            -2.7423644496593624e-05,
            0.00011441730021033436,
            -0.0012347103329375386,
            0.00020516195218078792,
            -0.00013636233052238822,
            0.00012363100540824234,
            0.0005504440050572157,
            7.95022860984318e-05,
            0.0006212502485141158,
            0.0006959972088225186,
            0.000165176868904382,
            0.0006222429219633341,
            -0.0012437100522220135,
            0.0011337322648614645,
            -9.07217909116298e-05,
            0.0002475817163940519,
            -2.7296300686430186e-05,
            0.0008478699601255357,
            -0.0005336242611519992,
            0.0005266899825073779,
            -0.00011865980923175812,
            -0.0006611423450522125,
            2.6364832592662424e-05,
            -6.980127409406123e-08,
            2.013978246395709e-06,
            7.785533853166271e-06
        ],
        "controllers": {
            "base": {
                "goal_is_valid": true,
                "goal": {
                    "target": [
                        0.0,
                        0.0,
                        0.0
                    ]
                }
            },
            "trunk": {
                "goal_is_valid": true,
                "goal": {
                    "target": [
                        -7.04117919667624e-05,
                        -0.00026069406885653734,
                        0.00011165844625793397,
                        3.3061915019061416e-06
                    ]
                }
            },
            "arm_left": {
                "goal_is_valid": true,
                "goal": {
                    "target_pos": [
                        0.5446195602416992,
                        0.3968479633331299,
                        1.4467841386795044
                    ],
                    "target_ori_mat": [
                        [
                            -0.006778359413146973,
                            4.655274096876383e-05,
                            0.9999771118164062
                        ],
                        [
                            0.003117806278169155,
                            -0.999995231628418,
                            6.768747698515654e-05
                        ],
                        [
                            0.9999722242355347,
                            0.003118193708360195,
                            0.006778061389923096
                        ]
                    ]
                },
                "control_filter": {
                    "past_samples": [
                        [
                            -6.181259777804371e-06,
                            1.9059947729110718,
                            -0.9909861087799072,
                            1.571001410484314,
                            0.9150097966194153,
                            -1.5709995031356812
                        ],
                        [
                            -6.167201263451716e-06,
                            1.905996561050415,
                            -0.9909864068031311,
                            1.571001410484314,
                            0.9150115847587585,
                            -1.5709995031356812
                        ]
                    ],
                    "current_idx": 0,
                    "fully_filled": true
                }
            },
            "gripper_left": {
                "goal_is_valid": true,
                "goal": {
                    "target": [
                        1.0
                    ]
                },
                "vel_filter": {
                    "past_samples": [
                        [
                            4.023313522338867e-06,
                            4.023313522338867e-06
                        ],
                        [
                            -4.4703480739372026e-07,
                            -8.940696147874405e-07
                        ],
                        [
                            -4.4703480739372026e-07,
                            -1.788139229574881e-06
                        ],
                        [
                            0.0,
                            3.576278459149762e-06
                        ],
                        [
                            1.3411043937594513e-06,
                            -4.023313522338867e-06
                        ]
                    ],
                    "current_idx": 0,
                    "fully_filled": true
                }
            },
            "arm_right": {
                "goal_is_valid": true,
                "goal": {
                    "target_pos": [
                        0.5446243286132812,
                        -0.3968369960784912,
                        1.4439867734909058
                    ],
                    "target_ori_mat": [
                        [
                            0.0058498382568359375,
                            -3.966735675930977e-06,
                            0.9999828338623047
                        ],
                        [
                            -0.00466327928006649,
                            -0.9999890327453613,
                            2.3313099518418312e-05
                        ],
                        [
                            0.9999719858169556,
                            -0.004663335159420967,
                            -0.005849719047546387
                        ]
                    ]
                },
                "control_filter": {
                    "past_samples": [
                        [
                            3.581947385100648e-05,
                            1.9059983491897583,
                            -0.9909958243370056,
                            1.5710006952285767,
                            0.9150023460388184,
                            -1.571000576019287
                        ],
                        [
                            3.51204835169483e-05,
                            1.9059979915618896,
                            -0.9909960627555847,
                            1.5709998607635498,
                            0.9150019288063049,
                            -1.5709998607635498
                        ]
                    ],
                    "current_idx": 0,
                    "fully_filled": true
                }
            },
            "gripper_right": {
                "goal_is_valid": true,