{
    "agent.n.01_1": {
        "is_asleep": false,
        "root_link": {
            "pos": [
                -50.0,
                -50.0,
                -50.0
            ],
            "ori": [
                0.0,
                0.0,
                0.0,
                1.0
            ],
            "lin_vel": [
                0.0,
                0.0,
                0.0
            ],
            "ang_vel": [
                0.0,
                0.0,
                0.0
            ]
        },
        "joint_pos": [
            38.932289123535156,
            48.09244155883789,
            50.00376510620117,
            -0.00561356358230114,
            0.00840575061738491,
            1.6773526668548584,
            -7.063456723699346e-05,
            -0.0002602708409540355,
            0.00011143753363285214,
            4.3021464080084115e-06,
            -9.35261050472036e-06,
            3.589055995689705e-05,
            1.9059979915618896,
            1.9059993028640747,
            -0.9909930229187012,
            -0.9909967184066772,
            1.5709996223449707,
            1.5709986686706543,
            0.9150035381317139,
            0.9150049090385437,
            -1.5709984302520752,
            -1.5709987878799438,
            0.04999988153576851,
            0.04999958723783493,
            0.04999920725822449,
            0.04999936372041702
        ],
        "joint_vel": [
            0.001631035003811121,
            1.768752554198727e-05,
            -0.0014326348900794983,
            -0.0003409498021937907,
            -0.0014030120801180601,
            -0.0001937612541951239,
            0.0006180869531817734,
            -0.0012411322677507997,
            0.000308703922200948,
            0.0017114130314439535,
            -0.0010222620330750942,
            0.0005087604513391852,
            -0.002395126037299633,
            0.0013879730831831694,
            6.185926031321287e-05,
            0.0005712883430533111,
            -0.0009666375699453056,
            0.0013674001675099134,
            -0.00206557335332036,
            0.001954976934939623,
            0.0005224144551903009,
            -0.0007771445089019835,
            0.00010622198169585317,
            1.4343127986649051e-05,
            -4.881567292613909e-07,
            8.415173215325922e-05
        ],
        "controllers": {
            "base": {
                "goal_is_valid": true,
                "goal": {
                    "target": [
                        0.0,
                        0.0,
                        0.0
                    ]
                }
            },
            "trunk": {
                "goal_is_valid": true,
                "goal": {
                    "target": [
                        -7.034610462142155e-05,
                        -0.0002605571935418993,
                        0.00011164593888679519,
                        3.335458359288168e-06
                    ]
                }
            },
            "arm_left": {
                "goal_is_valid": true,
                "goal": {
                    "target_pos": [
                        0.5446213483810425,
                        0.3968477249145508,
                        1.446784496307373
                    ],
                    "target_ori_mat": [
                        [
                            -0.006778120994567871,
                            4.6637956984341145e-05,
                            0.9999771118164062
                        ],
                        [
                            0.0031178630888462067,
                            -0.999995231628418,
                            6.77724601700902e-05
                        ],
                        [
                            0.9999722242355347,
                            0.003118250984698534,
                            0.0067778825759887695
                        ]
                    ]
                },
                "control_filter": {
                    "past_samples": [
                        [
                            -7.827662557247095e-06,
                            1.9060008525848389,
                            -0.9909950494766235,
                            1.571000099182129,
                            0.9150075912475586,
                            -1.5709989070892334
                        ],
                        [
                            -1.0319452485418878e-05,
                            1.9059906005859375,
                            -0.9909917116165161,
                            1.5710004568099976,
                            0.9150001406669617,
                            -1.570999264717102
                        ]
                    ],
                    "current_idx": 1,
                    "fully_filled": true
                }
            },
            "gripper_left": {
                "goal_is_valid": true,
                "goal": {
                    "target": [
                        1.0
                    ]
                },
                "vel_filter": {
                    "past_samples": [
                        [
                            -6.079673403291963e-05,
                            -1.7881391613627784e-05
                        ],
                        [
                            -1.251697449333733e-05,
                            -1.7881391613627784e-05
                        ],
                        [
                            -1.296400932915276e-05,
                            2.7716158001567237e-05
                        ],
                        [
                            2.0116565792704932e-05,
                            -5.4985281167319044e-05
                        ],
                        [
                            -4.4703480739372026e-07,
                            5.4985281167319044e-05
                        ]
                    ],
                    "current_idx": 1,
                    "fully_filled": true
                }
            },
            "arm_right": {
                "goal_is_valid": true,
                "goal": {
                    "target_pos": [
                        0.5446252226829529,
                        -0.3968362808227539,
                        1.443986415863037
                    ],
                    "target_ori_mat": [
                        [
                            0.005850315093994141,
                            -4.0174927562475204e-06,
                            0.9999827742576599
                        ],
                        [
                            -0.004663477651774883,
                            -0.9999887943267822,
                            2.326536923646927e-05
                        ],
                        [
                            0.9999719262123108,
                            -0.0046635339967906475,
                            -0.005849957466125488
                        ]
                    ]
                },
                "control_filter": {
                    "past_samples": [
                        [
                            3.4893273550551385e-05,
                            1.9059977531433105,
                            -0.9910039305686951,
                            1.5709987878799438,
                            0.9149932265281677,
                            -1.5709987878799438
                        ],
                        [
                            3.7697467632824555e-05,
                            1.906002402305603,
                            -0.9909881949424744,
                            1.5709986686706543,
                            0.915014386177063,
                            -1.5709987878799438
                        ]
                    ],
                    "current_idx": 1,
                    "fully_filled": true
                }
            },
            "gripper_right": {
                "goal_is_valid": true,