{
    "plywood.n.01_1": {
        "is_asleep": false,
        "root_link": {
            "pos": [
                -11.967305183410645,
                -2.035867214202881,
                0.013230103999376297
            ],
            "ori": [
                0.005432536359876394,
                -0.007132657803595066,
                0.9202626943588257,
                0.39119866490364075
            ],
            "lin_vel": [
                -4.854403414356057e-06,
                -7.89631849329453e-06,
                -1.8535247363615781e-06
            ],
            "ang_vel": [
                -5.4190571972867474e-05,
                -4.004457878181711e-05,
                2.5767521947273053e-06
            ]
        },
        "non_kin": {
            "Temperature": {
                "temperature": 23.0
            }
        }
    },
    "plywood.n.01_2": {
        "is_asleep": true,
        "root_link": {
            "pos": [
                -0.7293150424957275,
                -2.715258836746216,
                0.013230249285697937
            ],
            "ori": [
                0.006327424664050341,
                -0.006351076066493988,
                0.963907778263092,
                0.26608583331108093
            ],
            "lin_vel": [
                0.0,
                0.0,
                0.0
            ],
            "ang_vel": [
                0.0,
                0.0,
                0.0
            ]
        },
        "non_kin": {
            "Temperature": {
                "temperature": 23.0
            }
        }
    },
    "plywood.n.01_3": {
        "is_asleep": true,
        "root_link": {
            "pos": [
                -13.814233779907227,
                -2.1151511669158936,
                0.013230092823505402
            ],
            "ori": [
                -0.00849545281380415,
                -0.0028660844545811415,
                -0.6649650931358337,
                0.746820867061615
            ],
            "lin_vel": [
                0.0,
                0.0,
                0.0
            ],
            "ang_vel": [
                0.0,
                0.0,
                0.0
            ]
        },
        "non_kin": {
            "Temperature": {
                "temperature": 23.0
            }
        }
    },
    "floor.n.01_1": {
        "is_asleep": false,
        "root_link": {
            "pos": [
                -8.231354713439941,
                -1.8533318042755127,
                -0.15000005066394806
            ],
            "ori": [
                0.0,
                0.0,
                0.0,
                1.0
            ]
        },
        "non_kin": {}
    },
    "floor.n.01_2": {
        "is_asleep": false,
        "root_link": {
            "pos": [
                -0.2026587724685669,
                3.3603272438049316,
                -0.15000005066394806
            ],
            "ori": [
                0.0,
                0.0,
                0.0,
                1.0
            ]
        },
        "non_kin": {}
    },
    "robot_poses": {
        "R1Pro": [
            {
                "position": [
                    -10.623580932617188,
                    -2.252307891845703,
                    0.003765106201171875
                ],
                "orientation": [
                    0.0,
                    0.0,
                    0.1952107697725296,
                    0.9807612895965576
                ]
            }
        ],
        "Fetch": [
            {
                "position": [
                    -9.643863677978516,
                    -2.4731054306030273,
                    0.0012932419776916504
                ],
                "orientation": [
                    -0.0006034746766090393,
                    -0.002890712348744273,
                    -0.20424923300743103,
                    0.9789145588874817
                ]
            }
        ],
        "R1": [
            {
                "position": [
                    -3.788705348968506,
                    -2.207202911376953,
                    0.003765016794204712
                ],
                "orientation": [
                    0.004419887438416481,
                    0.002451048232614994,
                    0.024174241349101067,
                    0.9996951222419739
                ]
            }
        ],
        "Stretch": [
            {
                "position": [
                    -10.746708869934082,
                    -1.231413722038269,
                    -0.0007997006177902222
                ],
                "orientation": [
                    -0.0005256412550806999,
                    0.0019244925351813436,
                    0.26340657472610474,
                    0.9646828770637512
                ]
            }
        ],
        "Tiago": [
            {
                "position": [
                    -10.368074417114258,
                    -2.2897305488586426,
                    0.00034427642822265625
                ],
                "orientation": [
                    -3.292095485107893e-08,
                    -1.392750803574927e-09,
                    -0.5456638932228088,
                    0.8380041122436523
                ]
            }
        ]
    }
}