{
    "agent.n.01_1": {
        "is_asleep": false,
        "root_link": {
            "pos": [
                -50.0,
                -50.0,
                -50.0
            ],
            "ori": [
                0.0,
                0.0,
                0.0,
                1.0
            ],
            "lin_vel": [
                0.0,
                0.0,
                0.0
            ],
            "ang_vel": [
                0.0,
                0.0,
                0.0
            ]
        },
        "joint_pos": [
            34.590240478515625,
            47.674163818359375,
            50.00376510620117,
            0.01007028017193079,
            -0.0008771938155405223,
            -0.5690648555755615,
            -7.027500396361575e-05,
            -0.0002600313164293766,
            0.00011131023347843438,
            4.4145717765786685e-06,
            -6.516740540973842e-06,
            3.4783119190251455e-05,
            1.9059969186782837,
            1.9059975147247314,
            -0.9909918308258057,
            -0.9909964203834534,
            1.5710010528564453,
            1.5709998607635498,
            0.9150046110153198,
            0.91500324010849,
            -1.5709986686706543,
            -1.5709995031356812,
            0.04999997466802597,
            0.049999888986349106,
            0.04999987781047821,
            0.05000000074505806
        ],
        "joint_vel": [
            1.1130154234706424e-05,
            -0.0004888950497843325,
            -0.0009680117364041507,
            -0.0003720522508956492,
            0.0004038111655972898,
            0.00015319589874707162,
            -0.00041941640665754676,
            0.00036174472188577056,
            8.10171477496624e-05,
            0.000749609840568155,
            -0.0005045161233283579,
            0.0002464764111209661,
            -0.0002512462087906897,
            0.00011424355034250766,
            0.0005091899074614048,
            2.478373789926991e-05,
            -0.0008492327760905027,
            0.0005684060743078589,
            -0.00048783369129523635,
            0.0006620169151574373,
            0.00048782650264911354,
            -0.000290178315481171,
            3.133427890134044e-05,
            5.84946246817708e-06,
            -1.8343143892707303e-07,
            7.729320714133792e-06
        ],
        "controllers": {
            "base": {
                "goal_is_valid": true,
                "goal": {
                    "target": [
                        0.0,
                        0.0,
                        0.0
                    ]
                }
            },
            "trunk": {
                "goal_is_valid": true,
                "goal": {
                    "target": [
                        -7.042029756121337e-05,
                        -0.0002607121132314205,
                        0.00011166094191139564,
                        3.3403350698790746e-06
                    ]
                }
            },
            "arm_left": {
                "goal_is_valid": true,
                "goal": {
                    "target_pos": [
                        0.5446195602416992,
                        0.3968477249145508,
                        1.4467841386795044
                    ],
                    "target_ori_mat": [
                        [
                            -0.00677800178527832,
                            4.613574128597975e-05,
                            0.9999769330024719
                        ],
                        [
                            0.003117520362138748,
                            -0.9999949932098389,
                            6.726779974997044e-05
                        ],
                        [
                            0.9999720454216003,
                            0.003117904532700777,
                            0.006778061389923096
                        ]
                    ]
                },
                "control_filter": {
                    "past_samples": [
                        [
                            -6.283600214374019e-06,
                            1.9059956073760986,
                            -0.9909923076629639,
                            1.5710006952285767,
                            0.9150041937828064,
                            -1.570999026298523
                        ],
                        [
                            -6.9554935180349275e-06,
                            1.9059964418411255,
                            -0.9909900426864624,
                            1.5710004568099976,
                            0.9150072932243347,
                            -1.570999026298523
                        ]
                    ],
                    "current_idx": 0,
                    "fully_filled": true
                }
            },
            "gripper_left": {
                "goal_is_valid": true,
                "goal": {
                    "target": [
                        1.0
                    ]
                },
                "vel_filter": {
                    "past_samples": [
                        [
                            -5.364417575037805e-06,
                            1.072883515007561e-05
                        ],
                        [
                            4.023313522338867e-06,
                            -9.834765478444751e-06
                        ],
                        [
                            -2.6822087875189027e-06,
                            9.387730642629322e-06
                        ],
                        [
                            4.4703480739372026e-07,
                            -4.023313522338867e-06
                        ],
                        [
                            1.3411043937594513e-06,
                            4.4703480739372026e-07
                        ]
                    ],
                    "current_idx": 0,
                    "fully_filled": true
                }
            },
            "arm_right": {
                "goal_is_valid": true,
                "goal": {
                    "target_pos": [
                        0.5446233749389648,
                        -0.3968381881713867,
                        1.443986415863037
                    ],
                    "target_ori_mat": [
                        [
                            0.0058501362800598145,
                            -4.027737304568291e-06,
                            0.9999829530715942
                        ],
                        [
                            -0.004663652740418911,
                            -0.9999892711639404,
                            2.3256056010723114e-05
                        ],
                        [
                            0.9999721050262451,
                            -0.004663708619773388,
                            -0.00585019588470459
                        ]
                    ]
                },
                "control_filter": {
                    "past_samples": [
                        [
                            3.5401713830651715e-05,
                            1.9059988260269165,
                            -0.9909936785697937,
                            1.5710004568099976,
                            0.915005087852478,
                            -1.571000099182129
                        ],
                        [
                            3.5052173188887537e-05,
                            1.906002402305603,
                            -0.9909971356391907,
                            1.5709998607635498,
                            0.9150053262710571,
                            -1.5709993839263916
                        ]
                    ],
                    "current_idx": 0,
                    "fully_filled": true
                }
            },
            "gripper_right": {
                "goal_is_valid": true,