{
    "easter_egg.n.01_1": {
        "is_asleep": false,
        "root_link": {
            "pos": [
                25.284923553466797,
                17.038150787353516,
                0.1045881062746048
            ],
            "ori": [
                0.3815113604068756,
                0.6528574228286743,
                -0.33416590094566345,
                -0.5626364946365356
            ],
            "lin_vel": [
                0.0019474190194159746,
                -0.001695002312771976,
                0.0022886982187628746
            ],
            "ang_vel": [
                -0.007329223677515984,
                -0.13247790932655334,
                0.2170417308807373
            ]
        },
        "non_kin": {}
    },
    "easter_egg.n.01_2": {
        "is_asleep": false,
        "root_link": {
            "pos": [
                25.410947799682617,
                17.007226943969727,
                0.099333256483078
            ],
            "ori": [
                -0.4008074104785919,
                -0.46586447954177856,
                0.7845137119293213,
                0.0828394666314125
            ],
            "lin_vel": [
                0.0018892266089096665,
                -0.0012549349339678884,
                0.0038582556881010532
            ],
            "ang_vel": [
                -0.061590202152729034,
                -0.03724074736237526,
                -0.017476404085755348
            ]
        },
        "non_kin": {}
    },
    "easter_egg.n.01_3": {
        "is_asleep": false,
        "root_link": {
            "pos": [
                25.282875061035156,
                17.09711265563965,
                0.044683732092380524
            ],
            "ori": [
                -0.8728554844856262,
                0.38054272532463074,
                0.13748112320899963,
                0.27278175950050354
            ],
            "lin_vel": [
                -0.0001741250162012875,
                -0.0004971301532350481,
                0.0021577891893684864
            ],
            "ang_vel": [
                0.05549720302224159,
                -0.04487353563308716,
                -0.0729336366057396
            ]
        },
        "non_kin": {}
    },
    "wicker_basket.n.01_1": {
        "is_asleep": false,
        "root_link": {
            "pos": [
                25.339725494384766,
                16.999032974243164,
                0.18535031378269196
            ],
            "ori": [
                0.00033980607986450195,
                -0.0009082145988941193,
                0.9956958889961243,
                -0.0926753357052803
            ],
            "lin_vel": [
                0.00031365265022031963,
                0.0009576614247635007,
                -0.00023172894725576043
            ],
            "ang_vel": [
                -0.005167621187865734,
                0.0008581497822888196,
                -0.0005588750937022269
            ]
        },
        "non_kin": {
            "Temperature": {
                "temperature": 23.0
            }
        }
    },
    "lawn.n.01_1": {
        "is_asleep": false,
        "root_link": {
            "pos": [
                11.144706726074219,
                7.921620845794678,
                -0.15000006556510925
            ],
            "ori": [
                0.0,
                0.0,
                0.0,
                1.0
            ]
        },
        "non_kin": {}
    },
    "tree.n.01_1": {
        "is_asleep": false,
        "root_link": {
            "pos": [
                17.196401596069336,
                -3.2711355686187744,
                2.2087221145629883
            ],
            "ori": [
                0.0,
                0.0,
                -0.34202033281326294,
                0.9396925568580627
            ]
        },
        "non_kin": {
            "Temperature": {
                "temperature": 23.0
            }
        }
    },
    "tree.n.01_2": {
        "is_asleep": false,
        "root_link": {
            "pos": [
                -2.842702627182007,
                11.820091247558594,
                2.2087221145629883
            ],
            "ori": [
                0.0,
                0.0,
                0.0,
                1.0
            ]
        },
        "non_kin": {
            "Temperature": {
                "temperature": 23.0
            }
        }
    },
    "tree.n.01_3": {
        "is_asleep": false,
        "root_link": {
            "pos": [
                -5.14012336730957,
                -3.8487188816070557,
                4.96766996383667
            ],
            "ori": [
                0.0,
                0.0,
                0.17364796996116638,
                0.9848077893257141
            ]
        },
        "non_kin": {
            "Temperature": {
                "temperature": 23.0
            }
        }
    },
    "tree.n.01_4": {
        "is_asleep": false,
        "root_link": {
            "pos": [
                -12.947092056274414,
                -3.6955485343933105,
                4.96766996383667
            ],
            "ori": [
                0.0,
                0.0,
                0.9659258127212524,
                0.2588191032409668
            ]
        },
        "non_kin": {
            "Temperature": {
                "temperature": 23.0
            }
        }
    },
    "tree.n.01_5": {
        "is_asleep": false,
        "root_link": {
            "pos": [
                25.26487922668457,
                -3.1772687435150146,
                3.8583271503448486
            ],
            "ori": [
                0.0,
                0.0,
                0.0,
                1.0
            ]
        },
        "non_kin": {
            "Temperature": {
                "temperature": 23.0
            }
        }
    },
    "tree.n.01_6": {
        "is_asleep": false,
        "root_link": {
            "pos": [
                4.6164326667785645,
                13.147072792053223,
                2.2087221145629883
            ],
            "ori": [
                0.0,
                0.0,
                -0.46174877882003784,
                0.8870107531547546
            ]
        },
        "non_kin": {
            "Temperature": {
                "temperature": 23.0
            }
        }
    },
    "tree.n.01_7": {
        "is_asleep": false,
        "root_link": {
            "pos": [
                24.98072052001953,
                -0.17172983288764954,
                3.8583271503448486
            ],
            "ori": [
                0.0,
                0.0,
                0.0,
                1.0
            ]
        },
        "non_kin": {
            "Temperature": {
                "temperature": 23.0
            }
        }
    },
    "tree.n.01_8": {
        "is_asleep": false,
        "root_link": {
            "pos": [
                21.32419204711914,
                16.04673194885254,
                2.2087221145629883
            ],
            "ori": [
                0.0,
                0.0,
                -0.5735765099525452,
                0.8191519975662231
            ]
        },
        "non_kin": {
            "Temperature": {
                "temperature": 23.0
            }
        }
    },
    "tree.n.01_9": {
        "is_asleep": false,
        "root_link": {
            "pos": [
                12.35063362121582,
                7.420542240142822,
                3.8583271503448486
            ],
            "ori": [
                0.0,
                0.0,
                0.4617486596107483,
                0.8870108127593994
            ]
        },
        "non_kin": {
            "Temperature": {
                "temperature": 23.0
            }
        }
    },
    "tree.n.01_10": {
        "is_asleep": false,