{
    "easter_egg.n.01_1": {
        "is_asleep": true,
        "root_link": {
            "pos": [
                7.63308572769165,
                16.62999153137207,
                0.09880409389734268
            ],
            "ori": [
                -0.3231295347213745,
                0.8925771713256836,
                -0.313546746969223,
                0.024130795150995255
            ],
            "lin_vel": [
                0.0,
                0.0,
                0.0
            ],
            "ang_vel": [
                0.0,
                0.0,
                0.0
            ]
        },
        "non_kin": {}
    },
    "easter_egg.n.01_2": {
        "is_asleep": true,
        "root_link": {
            "pos": [
                7.571451187133789,
                16.74580192565918,
                0.09860191494226456
            ],
            "ori": [
                -0.25535649061203003,
                -0.11263597756624222,
                -0.8095757365226746,
                0.5164238214492798
            ],
            "lin_vel": [
                0.0,
                0.0,
                0.0
            ],
            "ang_vel": [
                0.0,
                0.0,
                0.0
            ]
        },
        "non_kin": {}
    },
    "easter_egg.n.01_3": {
        "is_asleep": true,
        "root_link": {
            "pos": [
                7.494303226470947,
                16.704988479614258,
                0.12273270636796951
            ],
            "ori": [
                -0.021698899567127228,
                -0.6466705799102783,
                0.34280160069465637,
                0.6810532808303833
            ],
            "lin_vel": [
                0.0,
                0.0,
                0.0
            ],
            "ang_vel": [
                0.0,
                0.0,
                0.0
            ]
        },
        "non_kin": {}
    },
    "wicker_basket.n.01_1": {
        "is_asleep": true,
        "root_link": {
            "pos": [
                7.61264705657959,
                16.701433181762695,
                0.1853487491607666
            ],
            "ori": [
                0.00038620084524154663,
                -0.0008972128853201866,
                0.9902950525283813,
                -0.13897854089736938
            ],
            "lin_vel": [
                0.0,
                0.0,
                0.0
            ],
            "ang_vel": [
                0.0,
                0.0,
                0.0
            ]
        },
        "non_kin": {
            "Temperature": {
                "temperature": 23.0
            }
        }
    },
    "lawn.n.01_1": {
        "is_asleep": false,
        "root_link": {
            "pos": [
                11.144706726074219,
                7.921620845794678,
                -0.15000006556510925
            ],
            "ori": [
                0.0,
                0.0,
                0.0,
                1.0
            ]
        },
        "non_kin": {}
    },
    "tree.n.01_1": {
        "is_asleep": false,
        "root_link": {
            "pos": [
                17.196401596069336,
                -3.2711355686187744,
                2.2087221145629883
            ],
            "ori": [
                0.0,
                0.0,
                -0.34202033281326294,
                0.9396925568580627
            ]
        },
        "non_kin": {
            "Temperature": {
                "temperature": 23.0
            }
        }
    },
    "tree.n.01_2": {
        "is_asleep": false,
        "root_link": {
            "pos": [
                -2.842702627182007,
                11.820091247558594,
                2.2087221145629883
            ],
            "ori": [
                0.0,
                0.0,
                0.0,
                1.0
            ]
        },
        "non_kin": {
            "Temperature": {
                "temperature": 23.0
            }
        }
    },
    "tree.n.01_3": {
        "is_asleep": false,
        "root_link": {
            "pos": [
                -5.14012336730957,
                -3.8487188816070557,
                4.96766996383667
            ],
            "ori": [
                0.0,
                0.0,
                0.17364796996116638,
                0.9848077893257141
            ]
        },
        "non_kin": {
            "Temperature": {
                "temperature": 23.0
            }
        }
    },
    "tree.n.01_4": {
        "is_asleep": false,
        "root_link": {
            "pos": [
                -12.947092056274414,
                -3.6955485343933105,
                4.96766996383667
            ],
            "ori": [
                0.0,
                0.0,
                0.9659258127212524,
                0.2588191032409668
            ]
        },
        "non_kin": {
            "Temperature": {
                "temperature": 23.0
            }
        }
    },
    "tree.n.01_5": {
        "is_asleep": false,
        "root_link": {
            "pos": [
                25.26487922668457,
                -3.1772687435150146,
                3.8583271503448486
            ],
            "ori": [
                0.0,
                0.0,
                0.0,
                1.0
            ]
        },
        "non_kin": {
            "Temperature": {
                "temperature": 23.0
            }
        }
    },
    "tree.n.01_6": {
        "is_asleep": false,
        "root_link": {
            "pos": [
                4.6164326667785645,
                13.147072792053223,
                2.2087221145629883
            ],
            "ori": [
                0.0,
                0.0,
                -0.46174877882003784,
                0.8870107531547546
            ]
        },
        "non_kin": {
            "Temperature": {
                "temperature": 23.0
            }
        }
    },
    "tree.n.01_7": {
        "is_asleep": false,
        "root_link": {
            "pos": [
                24.98072052001953,
                -0.17172983288764954,
                3.8583271503448486
            ],
            "ori": [
                0.0,
                0.0,
                0.0,
                1.0
            ]
        },
        "non_kin": {
            "Temperature": {
                "temperature": 23.0
            }
        }
    },
    "tree.n.01_8": {
        "is_asleep": false,
        "root_link": {
            "pos": [
                21.32419204711914,
                16.04673194885254,
                2.2087221145629883
            ],
            "ori": [
                0.0,
                0.0,
                -0.5735765099525452,
                0.8191519975662231
            ]
        },
        "non_kin": {
            "Temperature": {
                "temperature": 23.0
            }
        }
    },
    "tree.n.01_9": {
        "is_asleep": false,
        "root_link": {
            "pos": [
                12.35063362121582,
                7.420542240142822,
                3.8583271503448486
            ],
            "ori": [
                0.0,
                0.0,
                0.4617486596107483,
                0.8870108127593994
            ]
        },
        "non_kin": {
            "Temperature": {
                "temperature": 23.0
            }
        }
    },
    "tree.n.01_10": {
        "is_asleep": false,
        "root_link": {
            "pos": [
                22.20346450805664,
                -1.4958568811416626,
                2.2087221145629883
            ],
            "ori": [
                0.0,
                0.0,
                0.3007056713104248,
                0.9537169933319092
            ]
        },
        "non_kin": {
            "Temperature": {
                "temperature": 23.0
            }
        }
    },
    "tree.n.01_11": {
        "is_asleep": false,