{
    "easter_egg.n.01_1": {
        "is_asleep": false,
        "root_link": {
            "pos": [
                20.593305587768555,
                6.117412567138672,
                0.13100388646125793
            ],
            "ori": [
                0.007142240647226572,
                -0.27424606680870056,
                0.17654791474342346,
                0.9452878832817078
            ],
            "lin_vel": [
                -0.0013078858610242605,
                -0.0005026193684898317,
                0.002864275826141238
            ],
            "ang_vel": [
                0.17568287253379822,
                0.052251216024160385,
                -0.3158649206161499
            ]
        },
        "non_kin": {}
    },
    "easter_egg.n.01_2": {
        "is_asleep": false,
        "root_link": {
            "pos": [
                20.701339721679688,
                6.048806190490723,
                0.09841529279947281
            ],
            "ori": [
                0.574921727180481,
                -0.27702394127845764,
                -0.2171606719493866,
                -0.7386233806610107
            ],
            "lin_vel": [
                -0.001818948658183217,
                -0.002152160042896867,
                0.0037417151033878326
            ],
            "ang_vel": [
                -0.5113752484321594,
                0.17731887102127075,
                -0.19520843029022217
            ]
        },
        "non_kin": {}
    },
    "easter_egg.n.01_3": {
        "is_asleep": false,
        "root_link": {
            "pos": [
                20.742286682128906,
                6.128767013549805,
                0.04494360089302063
            ],
            "ori": [
                0.009406976401805878,
                0.0217345729470253,
                0.7828124165534973,
                0.621807336807251
            ],
            "lin_vel": [
                -0.0025768436025828123,
                -0.00018528099462855607,
                8.810758299659938e-05
            ],
            "ang_vel": [
                0.02699349634349346,
                -0.13559502363204956,
                -0.030486855655908585
            ]
        },
        "non_kin": {}
    },
    "wicker_basket.n.01_1": {
        "is_asleep": false,
        "root_link": {
            "pos": [
                20.661399841308594,
                6.091763019561768,
                0.18535013496875763
            ],
            "ori": [
                -0.0008896947838366032,
                -0.0003802466671913862,
                0.13780678808689117,
                0.990458607673645
            ],
            "lin_vel": [
                -0.00019530701683834195,
                0.0002180279407184571,
                -0.00019828083168249577
            ],
            "ang_vel": [
                0.0002898362872656435,
                -0.0011817925842478871,
                -0.00022321110009215772
            ]
        },
        "non_kin": {
            "Temperature": {
                "temperature": 23.0
            }
        }
    },
    "lawn.n.01_1": {
        "is_asleep": false,
        "root_link": {
            "pos": [
                11.144706726074219,
                7.921620845794678,
                -0.15000006556510925
            ],
            "ori": [
                0.0,
                0.0,
                0.0,
                1.0
            ]
        },
        "non_kin": {}
    },
    "tree.n.01_1": {
        "is_asleep": false,
        "root_link": {
            "pos": [
                17.196401596069336,
                -3.2711355686187744,
                2.2087221145629883
            ],
            "ori": [
                0.0,
                0.0,
                -0.34202033281326294,
                0.9396925568580627
            ]
        },
        "non_kin": {
            "Temperature": {
                "temperature": 23.0
            }
        }
    },
    "tree.n.01_2": {
        "is_asleep": false,
        "root_link": {
            "pos": [
                -2.842702627182007,
                11.820091247558594,
                2.2087221145629883
            ],
            "ori": [
                0.0,
                0.0,
                0.0,
                1.0
            ]
        },
        "non_kin": {
            "Temperature": {
                "temperature": 23.0
            }
        }
    },
    "tree.n.01_3": {
        "is_asleep": false,
        "root_link": {
            "pos": [
                -5.14012336730957,
                -3.8487188816070557,
                4.96766996383667
            ],
            "ori": [
                0.0,
                0.0,
                0.17364796996116638,
                0.9848077893257141
            ]
        },
        "non_kin": {
            "Temperature": {
                "temperature": 23.0
            }
        }
    },
    "tree.n.01_4": {
        "is_asleep": false,
        "root_link": {
            "pos": [
                -12.947092056274414,
                -3.6955485343933105,
                4.96766996383667
            ],
            "ori": [
                0.0,
                0.0,
                0.9659258127212524,
                0.2588191032409668
            ]
        },
        "non_kin": {
            "Temperature": {
                "temperature": 23.0
            }
        }
    },
    "tree.n.01_5": {
        "is_asleep": false,
        "root_link": {
            "pos": [
                25.26487922668457,
                -3.1772687435150146,
                3.8583271503448486
            ],
            "ori": [
                0.0,
                0.0,
                0.0,
                1.0
            ]
        },
        "non_kin": {
            "Temperature": {
                "temperature": 23.0
            }
        }
    },
    "tree.n.01_6": {
        "is_asleep": false,
        "root_link": {
            "pos": [
                4.6164326667785645,
                13.147072792053223,
                2.2087221145629883
            ],
            "ori": [
                0.0,
                0.0,
                -0.46174877882003784,
                0.8870107531547546
            ]
        },
        "non_kin": {
            "Temperature": {
                "temperature": 23.0
            }
        }
    },
    "tree.n.01_7": {
        "is_asleep": false,
        "root_link": {
            "pos": [
                24.98072052001953,
                -0.17172983288764954,
                3.8583271503448486
            ],
            "ori": [
                0.0,
                0.0,
                0.0,
                1.0
            ]
        },
        "non_kin": {
            "Temperature": {
                "temperature": 23.0
            }
        }
    },
    "tree.n.01_8": {
        "is_asleep": false,
        "root_link": {
            "pos": [
                21.32419204711914,
                16.04673194885254,
                2.2087221145629883
            ],
            "ori": [
                0.0,
                0.0,
                -0.5735765099525452,
                0.8191519975662231
            ]
        },
        "non_kin": {
            "Temperature": {
                "temperature": 23.0
            }
        }
    },
    "tree.n.01_9": {
        "is_asleep": false,
        "root_link": {
            "pos": [
                12.35063362121582,
                7.420542240142822,
                3.8583271503448486
            ],
            "ori": [
                0.0,
                0.0,
                0.4617486596107483,
                0.8870108127593994
            ]
        },
        "non_kin": {
            "Temperature": {
                "temperature": 23.0
            }
        }
    },
    "tree.n.01_10": {
        "is_asleep": false,