{
    "easter_egg.n.01_1": {
        "is_asleep": true,
        "root_link": {
            "pos": [
                26.097389221191406,
                10.103178977966309,
                0.09198878705501556
            ],
            "ori": [
                0.017660964280366898,
                0.003868986153975129,
                -0.4776429831981659,
                0.8783680200576782
            ],
            "lin_vel": [
                0.0,
                0.0,
                0.0
            ],
            "ang_vel": [
                0.0,
                0.0,
                0.0
            ]
        },
        "non_kin": {}
    },
    "easter_egg.n.01_2": {
        "is_asleep": true,
        "root_link": {
            "pos": [
                26.060138702392578,
                10.07980728149414,
                0.21475037932395935
            ],
            "ori": [
                -0.4647766053676605,
                -0.3245430588722229,
                0.7282208800315857,
                0.3851611614227295
            ],
            "lin_vel": [
                0.0,
                0.0,
                0.0
            ],
            "ang_vel": [
                0.0,
                0.0,
                0.0
            ]
        },
        "non_kin": {}
    },
    "easter_egg.n.01_3": {
        "is_asleep": true,
        "root_link": {
            "pos": [
                26.21080207824707,
                10.122038841247559,
                0.14749646186828613
            ],
            "ori": [
                0.41248852014541626,
                0.6109208464622498,
                0.05069969967007637,
                0.67383873462677
            ],
            "lin_vel": [
                0.0,
                0.0,
                0.0
            ],
            "ang_vel": [
                0.0,
                0.0,
                0.0
            ]
        },
        "non_kin": {}
    },
    "wicker_basket.n.01_1": {
        "is_asleep": true,
        "root_link": {
            "pos": [
                26.1358699798584,
                10.107027053833008,
                0.18535012006759644
            ],
            "ori": [
                0.0006705671548843384,
                -0.0006978437304496765,
                0.87749844789505,
                -0.4795786440372467
            ],
            "lin_vel": [
                0.0,
                0.0,
                0.0
            ],
            "ang_vel": [
                0.0,
                0.0,
                0.0
            ]
        },
        "non_kin": {
            "Temperature": {
                "temperature": 23.0
            }
        }
    },
    "lawn.n.01_1": {
        "is_asleep": false,
        "root_link": {
            "pos": [
                11.144706726074219,
                7.921620845794678,
                -0.15000006556510925
            ],
            "ori": [
                0.0,
                0.0,
                0.0,
                1.0
            ]
        },
        "non_kin": {}
    },
    "tree.n.01_1": {
        "is_asleep": false,
        "root_link": {
            "pos": [
                17.196401596069336,
                -3.2711355686187744,
                2.2087221145629883
            ],
            "ori": [
                0.0,
                0.0,
                -0.34202033281326294,
                0.9396925568580627
            ]
        },
        "non_kin": {
            "Temperature": {
                "temperature": 23.0
            }
        }
    },
    "tree.n.01_2": {
        "is_asleep": false,
        "root_link": {
            "pos": [
                -2.842702627182007,
                11.820091247558594,
                2.2087221145629883
            ],
            "ori": [
                0.0,
                0.0,
                0.0,
                1.0
            ]
        },
        "non_kin": {
            "Temperature": {
                "temperature": 23.0
            }
        }
    },
    "tree.n.01_3": {
        "is_asleep": false,
        "root_link": {
            "pos": [
                -5.14012336730957,
                -3.8487188816070557,
                4.96766996383667
            ],
            "ori": [
                0.0,
                0.0,
                0.17364796996116638,
                0.9848077893257141
            ]
        },
        "non_kin": {
            "Temperature": {
                "temperature": 23.0
            }
        }
    },
    "tree.n.01_4": {
        "is_asleep": false,
        "root_link": {
            "pos": [
                -12.947092056274414,
                -3.6955485343933105,
                4.96766996383667
            ],
            "ori": [
                0.0,
                0.0,
                0.9659258127212524,
                0.2588191032409668
            ]
        },
        "non_kin": {
            "Temperature": {
                "temperature": 23.0
            }
        }
    },
    "tree.n.01_5": {
        "is_asleep": false,
        "root_link": {
            "pos": [
                25.26487922668457,
                -3.1772687435150146,
                3.8583271503448486
            ],
            "ori": [
                0.0,
                0.0,
                0.0,
                1.0
            ]
        },
        "non_kin": {
            "Temperature": {
                "temperature": 23.0
            }
        }
    },
    "tree.n.01_6": {
        "is_asleep": false,
        "root_link": {
            "pos": [
                4.6164326667785645,
                13.147072792053223,
                2.2087221145629883
            ],
            "ori": [
                0.0,
                0.0,
                -0.46174877882003784,
                0.8870107531547546
            ]
        },
        "non_kin": {
            "Temperature": {
                "temperature": 23.0
            }
        }
    },
    "tree.n.01_7": {
        "is_asleep": false,
        "root_link": {
            "pos": [
                24.98072052001953,
                -0.17172983288764954,
                3.8583271503448486
            ],
            "ori": [
                0.0,
                0.0,
                0.0,
                1.0
            ]
        },
        "non_kin": {
            "Temperature": {
                "temperature": 23.0
            }
        }
    },
    "tree.n.01_8": {
        "is_asleep": false,
        "root_link": {
            "pos": [
                21.32419204711914,
                16.04673194885254,
                2.2087221145629883
            ],
            "ori": [
                0.0,
                0.0,
                -0.5735765099525452,
                0.8191519975662231
            ]
        },
        "non_kin": {
            "Temperature": {
                "temperature": 23.0
            }
        }
    },
    "tree.n.01_9": {
        "is_asleep": false,
        "root_link": {
            "pos": [
                12.35063362121582,
                7.420542240142822,
                3.8583271503448486
            ],
            "ori": [
                0.0,
                0.0,
                0.4617486596107483,
                0.8870108127593994
            ]
        },
        "non_kin": {
            "Temperature": {
                "temperature": 23.0
            }
        }
    },
    "tree.n.01_10": {
        "is_asleep": false,
        "root_link": {
            "pos": [
                22.20346450805664,
                -1.4958568811416626,
                2.2087221145629883
            ],
            "ori": [
                0.0,
                0.0,
                0.3007056713104248,
                0.9537169933319092
            ]
        },
        "non_kin": {
            "Temperature": {
                "temperature": 23.0
            }
        }
    },
    "tree.n.01_11": {
        "is_asleep": false,