{
    "easter_egg.n.01_1": {
        "is_asleep": false,
        "root_link": {
            "pos": [
                -12.737608909606934,
                11.459006309509277,
                0.09753847867250443
            ],
            "ori": [
                0.33190834522247314,
                0.3755396604537964,
                0.8610113859176636,
                0.08640950918197632
            ],
            "lin_vel": [
                -0.00477065984159708,
                -0.0011493507772684097,
                -0.010094942525029182
            ],
            "ang_vel": [
                -0.05685672163963318,
                -0.384420245885849,
                -0.008222460746765137
            ]
        },
        "non_kin": {}
    },
    "easter_egg.n.01_2": {
        "is_asleep": false,
        "root_link": {
            "pos": [
                -12.867195129394531,
                11.466728210449219,
                0.09657446295022964
            ],
            "ori": [
                -0.19426235556602478,
                -0.36024487018585205,
                -0.5364204049110413,
                -0.7380645275115967
            ],
            "lin_vel": [
                -0.003449131501838565,
                0.002907268237322569,
                0.0001131081153289415
            ],
            "ang_vel": [
                0.01567857339978218,
                -0.00344179873354733,
                0.35329383611679077
            ]
        },
        "non_kin": {}
    },
    "easter_egg.n.01_3": {
        "is_asleep": false,
        "root_link": {
            "pos": [
                -12.787899017333984,
                11.538241386413574,
                0.04533569887280464
            ],
            "ori": [
                0.011512987315654755,
                0.08429877460002899,
                0.9930976629257202,
                -0.08073797821998596
            ],
            "lin_vel": [
                -0.0002313196164323017,
                0.0002055464719887823,
                -2.128594132955186e-05
            ],
            "ang_vel": [
                0.009058408439159393,
                -0.034162573516368866,
                -0.012991083785891533
            ]
        },
        "non_kin": {}
    },
    "wicker_basket.n.01_1": {
        "is_asleep": false,
        "root_link": {
            "pos": [
                -12.797893524169922,
                11.450360298156738,
                0.185350239276886
            ],
            "ori": [
                -0.0008450979366898537,
                -0.0004711250076070428,
                0.24035194516181946,
                0.9706854820251465
            ],
            "lin_vel": [
                0.0007315293187275529,
                -8.958857506513596e-06,
                -0.0003746476722881198
            ],
            "ang_vel": [
                0.0005110013298690319,
                0.0018871377687901258,
                0.00042915233643725514
            ]
        },
        "non_kin": {
            "Temperature": {
                "temperature": 23.0
            }
        }
    },
    "lawn.n.01_1": {
        "is_asleep": false,
        "root_link": {
            "pos": [
                11.144706726074219,
                7.921620845794678,
                -0.15000006556510925
            ],
            "ori": [
                0.0,
                0.0,
                0.0,
                1.0
            ]
        },
        "non_kin": {}
    },
    "tree.n.01_1": {
        "is_asleep": false,
        "root_link": {
            "pos": [
                17.196401596069336,
                -3.2711355686187744,
                2.2087221145629883
            ],
            "ori": [
                0.0,
                0.0,
                -0.34202033281326294,
                0.9396925568580627
            ]
        },
        "non_kin": {
            "Temperature": {
                "temperature": 23.0
            }
        }
    },
    "tree.n.01_2": {
        "is_asleep": false,
        "root_link": {
            "pos": [
                -2.842702627182007,
                11.820091247558594,
                2.2087221145629883
            ],
            "ori": [
                0.0,
                0.0,
                0.0,
                1.0
            ]
        },
        "non_kin": {
            "Temperature": {
                "temperature": 23.0
            }
        }
    },
    "tree.n.01_3": {
        "is_asleep": false,
        "root_link": {
            "pos": [
                -5.14012336730957,
                -3.8487188816070557,
                4.96766996383667
            ],
            "ori": [
                0.0,
                0.0,
                0.17364796996116638,
                0.9848077893257141
            ]
        },
        "non_kin": {
            "Temperature": {
                "temperature": 23.0
            }
        }
    },
    "tree.n.01_4": {
        "is_asleep": false,
        "root_link": {
            "pos": [
                -12.947092056274414,
                -3.6955485343933105,
                4.96766996383667
            ],
            "ori": [
                0.0,
                0.0,
                0.9659258127212524,
                0.2588191032409668
            ]
        },
        "non_kin": {
            "Temperature": {
                "temperature": 23.0
            }
        }
    },
    "tree.n.01_5": {
        "is_asleep": false,
        "root_link": {
            "pos": [
                25.26487922668457,
                -3.1772687435150146,
                3.8583271503448486
            ],
            "ori": [
                0.0,
                0.0,
                0.0,
                1.0
            ]
        },
        "non_kin": {
            "Temperature": {
                "temperature": 23.0
            }
        }
    },
    "tree.n.01_6": {
        "is_asleep": false,
        "root_link": {
            "pos": [
                4.6164326667785645,
                13.147072792053223,
                2.2087221145629883
            ],
            "ori": [
                0.0,
                0.0,
                -0.46174877882003784,
                0.8870107531547546
            ]
        },
        "non_kin": {
            "Temperature": {
                "temperature": 23.0
            }
        }
    },
    "tree.n.01_7": {
        "is_asleep": false,
        "root_link": {
            "pos": [
                24.98072052001953,
                -0.17172983288764954,
                3.8583271503448486
            ],
            "ori": [
                0.0,
                0.0,
                0.0,
                1.0
            ]
        },
        "non_kin": {
            "Temperature": {
                "temperature": 23.0
            }
        }
    },
    "tree.n.01_8": {
        "is_asleep": false,
        "root_link": {
            "pos": [
                21.32419204711914,
                16.04673194885254,
                2.2087221145629883
            ],
            "ori": [
                0.0,
                0.0,
                -0.5735765099525452,
                0.8191519975662231
            ]
        },
        "non_kin": {
            "Temperature": {
                "temperature": 23.0
            }
        }
    },
    "tree.n.01_9": {
        "is_asleep": false,
        "root_link": {
            "pos": [
                12.35063362121582,
                7.420542240142822,
                3.8583271503448486
            ],
            "ori": [
                0.0,
                0.0,
                0.4617486596107483,
                0.8870108127593994
            ]
        },
        "non_kin": {
            "Temperature": {
                "temperature": 23.0
            }
        }
    },
    "tree.n.01_10": {
        "is_asleep": false,