{
    "easter_egg.n.01_1": {
        "is_asleep": true,
        "root_link": {
            "pos": [
                17.788105010986328,
                -1.0702952146530151,
                0.10531127452850342
            ],
            "ori": [
                -0.9074720144271851,
                -0.15542449057102203,
                -0.0199274979531765,
                0.3897961676120758
            ],
            "lin_vel": [
                0.0,
                0.0,
                0.0
            ],
            "ang_vel": [
                0.0,
                0.0,
                0.0
            ]
        },
        "non_kin": {}
    },
    "easter_egg.n.01_2": {
        "is_asleep": true,
        "root_link": {
            "pos": [
                17.819135665893555,
                -1.200051188468933,
                0.10277611017227173
            ],
            "ori": [
                0.6800687313079834,
                0.6091187000274658,
                0.21852824091911316,
                -0.34456774592399597
            ],
            "lin_vel": [
                0.0,
                0.0,
                0.0
            ],
            "ang_vel": [
                0.0,
                0.0,
                0.0
            ]
        },
        "non_kin": {}
    },
    "easter_egg.n.01_3": {
        "is_asleep": true,
        "root_link": {
            "pos": [
                17.69795036315918,
                -1.216601848602295,
                0.04475931078195572
            ],
            "ori": [
                0.06847560405731201,
                -0.031640052795410156,
                -0.4440107047557831,
                0.8928409218788147
            ],
            "lin_vel": [
                0.0,
                0.0,
                0.0
            ],
            "ang_vel": [
                0.0,
                0.0,
                0.0
            ]
        },
        "non_kin": {}
    },
    "wicker_basket.n.01_1": {
        "is_asleep": true,
        "root_link": {
            "pos": [
                17.775428771972656,
                -1.1455260515213013,
                0.1853502094745636
            ],
            "ori": [
                0.0006789416074752808,
                -0.0006890818476676941,
                0.8714085817337036,
                -0.49055713415145874
            ],
            "lin_vel": [
                0.0,
                0.0,
                0.0
            ],
            "ang_vel": [
                0.0,
                0.0,
                0.0
            ]
        },
        "non_kin": {
            "Temperature": {
                "temperature": 23.0
            }
        }
    },
    "lawn.n.01_1": {
        "is_asleep": false,
        "root_link": {
            "pos": [
                11.144706726074219,
                7.921620845794678,
                -0.15000006556510925
            ],
            "ori": [
                0.0,
                0.0,
                0.0,
                1.0
            ]
        },
        "non_kin": {}
    },
    "tree.n.01_1": {
        "is_asleep": false,
        "root_link": {
            "pos": [
                17.196401596069336,
                -3.2711355686187744,
                2.2087221145629883
            ],
            "ori": [
                0.0,
                0.0,
                -0.34202033281326294,
                0.9396925568580627
            ]
        },
        "non_kin": {
            "Temperature": {
                "temperature": 23.0
            }
        }
    },
    "tree.n.01_2": {
        "is_asleep": false,
        "root_link": {
            "pos": [
                -2.842702627182007,
                11.820091247558594,
                2.2087221145629883
            ],
            "ori": [
                0.0,
                0.0,
                0.0,
                1.0
            ]
        },
        "non_kin": {
            "Temperature": {
                "temperature": 23.0
            }
        }
    },
    "tree.n.01_3": {
        "is_asleep": false,
        "root_link": {
            "pos": [
                -5.14012336730957,
                -3.8487188816070557,
                4.96766996383667
            ],
            "ori": [
                0.0,
                0.0,
                0.17364796996116638,
                0.9848077893257141
            ]
        },
        "non_kin": {
            "Temperature": {
                "temperature": 23.0
            }
        }
    },
    "tree.n.01_4": {
        "is_asleep": false,
        "root_link": {
            "pos": [
                -12.947092056274414,
                -3.6955485343933105,
                4.96766996383667
            ],
            "ori": [
                0.0,
                0.0,
                0.9659258127212524,
                0.2588191032409668
            ]
        },
        "non_kin": {
            "Temperature": {
                "temperature": 23.0
            }
        }
    },
    "tree.n.01_5": {
        "is_asleep": false,
        "root_link": {
            "pos": [
                25.26487922668457,
                -3.1772687435150146,
                3.8583271503448486
            ],
            "ori": [
                0.0,
                0.0,
                0.0,
                1.0
            ]
        },
        "non_kin": {
            "Temperature": {
                "temperature": 23.0
            }
        }
    },
    "tree.n.01_6": {
        "is_asleep": false,
        "root_link": {
            "pos": [
                4.6164326667785645,
                13.147072792053223,
                2.2087221145629883
            ],
            "ori": [
                0.0,
                0.0,
                -0.46174877882003784,
                0.8870107531547546
            ]
        },
        "non_kin": {
            "Temperature": {
                "temperature": 23.0
            }
        }
    },
    "tree.n.01_7": {
        "is_asleep": false,
        "root_link": {
            "pos": [
                24.98072052001953,
                -0.17172983288764954,
                3.8583271503448486
            ],
            "ori": [
                0.0,
                0.0,
                0.0,
                1.0
            ]
        },
        "non_kin": {
            "Temperature": {
                "temperature": 23.0
            }
        }
    },
    "tree.n.01_8": {
        "is_asleep": false,
        "root_link": {
            "pos": [
                21.32419204711914,
                16.04673194885254,
                2.2087221145629883
            ],
            "ori": [
                0.0,
                0.0,
                -0.5735765099525452,
                0.8191519975662231
            ]
        },
        "non_kin": {
            "Temperature": {
                "temperature": 23.0
            }
        }
    },
    "tree.n.01_9": {
        "is_asleep": false,
        "root_link": {
            "pos": [
                12.35063362121582,
                7.420542240142822,
                3.8583271503448486
            ],
            "ori": [
                0.0,
                0.0,
                0.4617486596107483,
                0.8870108127593994
            ]
        },
        "non_kin": {
            "Temperature": {
                "temperature": 23.0
            }
        }
    },
    "tree.n.01_10": {
        "is_asleep": false,
        "root_link": {
            "pos": [
                22.20346450805664,
                -1.4958553314208984,
                2.2087221145629883
            ],
            "ori": [
                0.0,
                0.0,
                0.3007056713104248,
                0.9537169933319092
            ]
        },
        "non_kin": {
            "Temperature": {
                "temperature": 23.0
            }
        }
    },
    "tree.n.01_11": {
        "is_asleep": false,