{
    "easter_egg.n.01_1": {
        "is_asleep": false,
        "root_link": {
            "pos": [
                16.75077247619629,
                0.20606115460395813,
                0.09541486203670502
            ],
            "ori": [
                -0.6736286878585815,
                -0.5664660334587097,
                0.45963531732559204,
                -0.11864275485277176
            ],
            "lin_vel": [
                0.001611817628145218,
                0.0007558403885923326,
                0.005285680294036865
            ],
            "ang_vel": [
                -0.1894591599702835,
                -0.15063223242759705,
                -0.0772305428981781
            ]
        },
        "non_kin": {}
    },
    "easter_egg.n.01_2": {
        "is_asleep": false,
        "root_link": {
            "pos": [
                16.879419326782227,
                0.18283742666244507,
                0.0993838980793953
            ],
            "ori": [
                -0.23428130149841309,
                -0.05531155690550804,
                0.8745144605636597,
                0.4210435748100281
            ],
            "lin_vel": [
                -0.0008396048797294497,
                0.0013068346306681633,
                0.000719055999070406
            ],
            "ang_vel": [
                -0.09838373214006424,
                0.18667340278625488,
                0.17282645404338837
            ]
        },
        "non_kin": {}
    },
    "easter_egg.n.01_3": {
        "is_asleep": false,
        "root_link": {
            "pos": [
                16.771360397338867,
                0.11293747276067734,
                0.04579561576247215
            ],
            "ori": [
                -0.045372746884822845,
                0.06745026260614395,
                0.9232861399650574,
                -0.37541303038597107
            ],
            "lin_vel": [
                0.001412732177414,
                0.013236748985946178,
                -0.0038965658750385046
            ],
            "ang_vel": [
                -0.8692218661308289,
                0.0968407541513443,
                -0.017629152163863182
            ]
        },
        "non_kin": {}
    },
    "wicker_basket.n.01_1": {
        "is_asleep": false,
        "root_link": {
            "pos": [
                16.811660766601562,
                0.19113536179065704,
                0.18535010516643524
            ],
            "ori": [
                0.00022157281637191772,
                -0.0009412933140993118,
                0.9993749856948853,
                0.035342976450920105
            ],
            "lin_vel": [
                -5.084899748908356e-05,
                0.0004074157041031867,
                -0.0002717312308959663
            ],
            "ang_vel": [
                0.00017362272774334997,
                0.0017714296700432897,
                -0.00020388663688208908
            ]
        },
        "non_kin": {
            "Temperature": {
                "temperature": 23.0
            }
        }
    },
    "lawn.n.01_1": {
        "is_asleep": false,
        "root_link": {
            "pos": [
                11.144706726074219,
                7.921620845794678,
                -0.15000006556510925
            ],
            "ori": [
                0.0,
                0.0,
                0.0,
                1.0
            ]
        },
        "non_kin": {}
    },
    "tree.n.01_1": {
        "is_asleep": false,
        "root_link": {
            "pos": [
                17.196401596069336,
                -3.2711355686187744,
                2.2087221145629883
            ],
            "ori": [
                0.0,
                0.0,
                -0.34202033281326294,
                0.9396925568580627
            ]
        },
        "non_kin": {
            "Temperature": {
                "temperature": 23.0
            }
        }
    },
    "tree.n.01_2": {
        "is_asleep": false,
        "root_link": {
            "pos": [
                -2.842702627182007,
                11.820091247558594,
                2.2087221145629883
            ],
            "ori": [
                0.0,
                0.0,
                0.0,
                1.0
            ]
        },
        "non_kin": {
            "Temperature": {
                "temperature": 23.0
            }
        }
    },
    "tree.n.01_3": {
        "is_asleep": false,
        "root_link": {
            "pos": [
                -5.14012336730957,
                -3.8487188816070557,
                4.96766996383667
            ],
            "ori": [
                0.0,
                0.0,
                0.17364796996116638,
                0.9848077893257141
            ]
        },
        "non_kin": {
            "Temperature": {
                "temperature": 23.0
            }
        }
    },
    "tree.n.01_4": {
        "is_asleep": false,
        "root_link": {
            "pos": [
                -12.947092056274414,
                -3.6955485343933105,
                4.96766996383667
            ],
            "ori": [
                0.0,
                0.0,
                0.9659258127212524,
                0.2588191032409668
            ]
        },
        "non_kin": {
            "Temperature": {
                "temperature": 23.0
            }
        }
    },
    "tree.n.01_5": {
        "is_asleep": false,
        "root_link": {
            "pos": [
                25.26487922668457,
                -3.1772687435150146,
                3.8583271503448486
            ],
            "ori": [
                0.0,
                0.0,
                0.0,
                1.0
            ]
        },
        "non_kin": {
            "Temperature": {
                "temperature": 23.0
            }
        }
    },
    "tree.n.01_6": {
        "is_asleep": false,
        "root_link": {
            "pos": [
                4.6164326667785645,
                13.147072792053223,
                2.2087221145629883
            ],
            "ori": [
                0.0,
                0.0,
                -0.46174877882003784,
                0.8870107531547546
            ]
        },
        "non_kin": {
            "Temperature": {
                "temperature": 23.0
            }
        }
    },
    "tree.n.01_7": {
        "is_asleep": false,
        "root_link": {
            "pos": [
                24.98072052001953,
                -0.17172983288764954,
                3.8583271503448486
            ],
            "ori": [
                0.0,
                0.0,
                0.0,
                1.0
            ]
        },
        "non_kin": {
            "Temperature": {
                "temperature": 23.0
            }
        }
    },
    "tree.n.01_8": {
        "is_asleep": false,
        "root_link": {
            "pos": [
                21.32419204711914,
                16.04673194885254,
                2.2087221145629883
            ],
            "ori": [
                0.0,
                0.0,
                -0.5735765099525452,
                0.8191519975662231
            ]
        },
        "non_kin": {
            "Temperature": {
                "temperature": 23.0
            }
        }
    },
    "tree.n.01_9": {
        "is_asleep": false,
        "root_link": {
            "pos": [
                12.35063362121582,
                7.420542240142822,
                3.8583271503448486
            ],
            "ori": [
                0.0,
                0.0,
                0.4617486596107483,
                0.8870108127593994
            ]
        },
        "non_kin": {
            "Temperature": {
                "temperature": 23.0
            }
        }
    },
    "tree.n.01_10": {
        "is_asleep": false,