{
    "agent.n.01_1": {
        "is_asleep": false,
        "root_link": {
            "pos": [
                -50.0,
                -50.0,
                -50.0
            ],
            "ori": [
                0.0,
                0.0,
                0.0,
                1.0
            ],
            "lin_vel": [
                0.0,
                0.0,
                0.0
            ],
            "ang_vel": [
                0.0,
                0.0,
                0.0
            ]
        },
        "joint_pos": [
            55.259971618652344,
            51.442108154296875,
            50.003780364990234,
            0.00987616740167141,
            0.002153190318495035,
            -0.2675286829471588,
            -7.181803812272847e-05,
            -0.0002598900755401701,
            0.00010995070624630898,
            3.714716513059102e-06,
            -7.138105956983054e-06,
            3.389886478544213e-05,
            1.906005620956421,
            1.9060019254684448,
            -0.9910041093826294,
            -0.9910047650337219,
            1.5709998607635498,
            1.5709996223449707,
            0.9150007963180542,
            0.9149985313415527,
            -1.570997953414917,
            -1.570999026298523,
            0.04999992623925209,
            0.04999995604157448,
            0.04999992996454239,
            0.049999967217445374
        ],
        "joint_vel": [
            0.0008091749041341245,
            0.00038239030982367694,
            -0.0005477360100485384,
            0.0003030669176951051,
            8.842814713716507e-05,
            -0.00017328023386653513,
            -0.00035476230550557375,
            -0.00021176435984671116,
            0.0005408622673712671,
            0.0005401851376518607,
            0.0005082304123789072,
            0.0007429044926539063,
            -0.0015118250157684088,
            0.0013732220977544785,
            -0.0001778621517587453,
            0.00026474526384845376,
            0.0006060837185941637,
            0.0010996272321790457,
            -0.0006633151206187904,
            0.0006252400344237685,
            -0.0006517777219414711,
            -0.000952616916038096,
            2.0123268768657e-05,
            -2.7666828827932477e-08,
            9.280174708692357e-07,
            1.6468207832076587e-05
        ],
        "controllers": {
            "base": {
                "goal_is_valid": true,
                "goal": {
                    "target": [
                        0.0,
                        0.0,
                        0.0
                    ]
                }
            },
            "trunk": {
                "goal_is_valid": true,
                "goal": {
                    "target": [
                        -7.036703755147755e-05,
                        -0.0002606006746646017,
                        0.00011164991883561015,
                        3.322329348520725e-06
                    ]
                }
            },
            "arm_left": {
                "goal_is_valid": true,
                "goal": {
                    "target_pos": [
                        0.544621467590332,
                        0.3968477249145508,
                        1.4467843770980835
                    ],
                    "target_ori_mat": [
                        [
                            -0.00677800178527832,
                            4.648312460631132e-05,
                            0.9999769330024719
                        ],
                        [
                            0.00311735225841403,
                            -0.9999949932098389,
                            6.76142517477274e-05
                        ],
                        [
                            0.9999720454216003,
                            0.003117738990113139,
                            0.006778061389923096
                        ]
                    ]
                },
                "control_filter": {
                    "past_samples": [
                        [
                            -6.8826811912003905e-06,
                            1.9060052633285522,
                            -0.9910039305686951,
                            1.571000337600708,
                            0.9150015711784363,
                            -1.5709987878799438
                        ],
                        [
                            -7.156133506214246e-06,
                            1.906005859375,
                            -0.9910055994987488,
                            1.571000099182129,
                            0.9150007963180542,
                            -1.5709986686706543
                        ]
                    ],
                    "current_idx": 1,
                    "fully_filled": true
                }
            },
            "gripper_left": {
                "goal_is_valid": true,
                "goal": {
                    "target": [
                        1.0
                    ]
                },
                "vel_filter": {
                    "past_samples": [
                        [
                            5.364417575037805e-06,
                            2.6822087875189027e-06
                        ],
                        [
                            5.364417575037805e-06,
                            4.4703480739372026e-07
                        ],
                        [
                            -4.023313522338867e-06,
                            -1.788139229574881e-06
                        ],
                        [
                            2.6822087875189027e-06,
                            1.788139229574881e-06
                        ],
                        [
                            -1.3411043937594513e-06,
                            -2.6822087875189027e-06
                        ]
                    ],
                    "current_idx": 0,
                    "fully_filled": true
                }
            },
            "arm_right": {
                "goal_is_valid": true,
                "goal": {
                    "target_pos": [
                        0.5446248054504395,
                        -0.3968379497528076,
                        1.4439862966537476
                    ],
                    "target_ori_mat": [
                        [
                            0.0058501362800598145,
                            -4.066154360771179e-06,
                            0.9999829530715942
                        ],
                        [
                            -0.004663893487304449,
                            -0.9999892711639404,
                            2.321903593838215e-05
                        ],
                        [
                            0.9999721050262451,
                            -0.004663949832320213,
                            -0.00585019588470459
                        ]
                    ]
                },
                "control_filter": {
                    "past_samples": [
                        [
                            3.397267937543802e-05,
                            1.9060019254684448,
                            -0.9910041689872742,
                            1.5709986686706543,
                            0.9149985909461975,
                            -1.5709986686706543
                        ],
                        [
                            3.468522845651023e-05,
                            1.9060033559799194,
                            -0.9910055994987488,
                            1.5709996223449707,
                            0.9149982929229736,
                            -1.5709993839263916
                        ]
                    ],
                    "current_idx": 1,
                    "fully_filled": true
                }
            },
            "gripper_right": {
                "goal_is_valid": true,