{
    "agent.n.01_1": {
        "is_asleep": false,
        "root_link": {
            "pos": [
                -50.0,
                -50.0,
                -50.0
            ],
            "ori": [
                0.0,
                0.0,
                0.0,
                1.0
            ],
            "lin_vel": [
                0.0,
                0.0,
                0.0
            ],
            "ang_vel": [
                0.0,
                0.0,
                0.0
            ]
        },
        "joint_pos": [
            55.04946517944336,
            50.46324157714844,
            50.003780364990234,
            0.009938050992786884,
            0.0018470636568963528,
            -0.29846861958503723,
            -7.122385432012379e-05,
            -0.00025963556254282594,
            0.0001107950956793502,
            4.330202045821352e-06,
            -8.222966243920382e-06,
            3.643416494014673e-05,
            1.9060004949569702,
            1.9059985876083374,
            -0.9909986257553101,
            -0.9909987449645996,
            1.5709997415542603,
            1.5710012912750244,
            0.9150017499923706,
            0.9150019288063049,
            -1.5709986686706543,
            -1.5710002183914185,
            0.04999985545873642,
            0.04999998211860657,
            0.04999985545873642,
            0.04999990016222
        ],
        "joint_vel": [
            0.00013902952196076512,
            3.534603092703037e-05,
            -0.0006752298213541508,
            0.0002817627100739628,
            0.0008538785623386502,
            0.00033150753006339073,
            0.000250309647526592,
            -0.0024868459440767765,
            -2.030631003435701e-05,
            0.0009536944562569261,
            0.0004637458478100598,
            0.0003304857527837157,
            -0.002094023860991001,
            0.0013346686027944088,
            0.00011606854968704283,
            0.0008333103032782674,
            0.001012196997180581,
            0.00030751401209272444,
            -0.0009086803183890879,
            0.0010753956157714128,
            -0.0008054412319324911,
            -0.00040216773049905896,
            1.6845779100549407e-05,
            -3.501554601825774e-08,
            3.946315700886771e-07,
            -7.502901098632719e-06
        ],
        "controllers": {
            "base": {
                "goal_is_valid": true,
                "goal": {
                    "target": [
                        0.0,
                        0.0,
                        0.0
                    ]
                }
            },
            "trunk": {
                "goal_is_valid": true,
                "goal": {
                    "target": [
                        -7.037237082840875e-05,
                        -0.0002606115594971925,
                        0.0001116508137783967,
                        3.3233889098482905e-06
                    ]
                }
            },
            "arm_left": {
                "goal_is_valid": true,
                "goal": {
                    "target_pos": [
                        0.5446209907531738,
                        0.396848201751709,
                        1.446784496307373
                    ],
                    "target_ori_mat": [
                        [
                            -0.006778359413146973,
                            4.66459896415472e-05,
                            0.999977171421051
                        ],
                        [
                            0.00311773968860507,
                            -0.9999954700469971,
                            6.777991075068712e-05
                        ],
                        [
                            0.9999722838401794,
                            0.0031181275844573975,
                            0.0067778825759887695
                        ]
                    ]
                },
                "control_filter": {
                    "past_samples": [
                        [
                            -7.124248440959491e-06,
                            1.906002402305603,
                            -0.9910026788711548,
                            1.571000337600708,
                            0.9150012135505676,
                            -1.5709987878799438
                        ],
                        [
                            -1.1669029845506884e-05,
                            1.905996322631836,
                            -0.9909922480583191,
                            1.571000099182129,
                            0.9150033593177795,
                            -1.570999264717102
                        ]
                    ],
                    "current_idx": 0,
                    "fully_filled": true
                }
            },
            "gripper_left": {
                "goal_is_valid": true,
                "goal": {
                    "target": [
                        1.0
                    ]
                },
                "vel_filter": {
                    "past_samples": [
                        [
                            -3.576278459149762e-06,
                            2.235173951703473e-06
                        ],
                        [
                            1.3411043937594513e-06,
                            -1.788139229574881e-06
                        ],
                        [
                            -2.6822087875189027e-06,
                            3.576278459149762e-06
                        ],
                        [
                            1.3411043937594513e-06,
                            3.1292436233343324e-06
                        ],
                        [
                            -4.4703480739372026e-07,
                            -8.940696147874405e-07
                        ]
                    ],
                    "current_idx": 4,
                    "fully_filled": true
                }
            },
            "arm_right": {
                "goal_is_valid": true,
                "goal": {
                    "target_pos": [
                        0.5446252822875977,
                        -0.39683735370635986,
                        1.4439866542816162
                    ],
                    "target_ori_mat": [
                        [
                            0.005850315093994141,
                            -3.989320248365402e-06,
                            0.9999827742576599
                        ],
                        [
                            -0.004663512110710144,
                            -0.9999887943267822,
                            2.329377457499504e-05
                        ],
                        [
                            0.9999719262123108,
                            -0.004663568455725908,
                            -0.005849957466125488
                        ]
                    ]
                },
                "control_filter": {
                    "past_samples": [
                        [
                            3.538525925250724e-05,
                            1.9060026407241821,
                            -0.9910029768943787,
                            1.5709999799728394,
                            0.9149996638298035,
                            -1.5709998607635498
                        ],
                        [
                            4.054173405165784e-05,
                            1.9059910774230957,
                            -0.9909858703613281,
                            1.5710011720657349,
                            0.9150075316429138,
                            -1.5710008144378662
                        ]
                    ],
                    "current_idx": 0,
                    "fully_filled": true
                }
            },
            "gripper_right": {
                "goal_is_valid": true,