{
    "microwave.n.02_1": {
        "is_asleep": true,
        "root_link": {
            "pos": [
                4.2130208015441895,
                0.7885104417800903,
                1.03838312625885
            ],
            "ori": [
                -0.002121236175298691,
                0.002456167945638299,
                -0.01377855334430933,
                0.999900221824646
            ],
            "lin_vel": [
                0.0,
                0.0,
                0.0
            ],
            "ang_vel": [
                0.0,
                0.0,
                0.0
            ]
        },
        "joint_pos": [
            -6.322260167397132e-21
        ],
        "joint_vel": [
            -4.1478134942336216e-20
        ],
        "non_kin": {
            "ToggledOn": {
                "value": false,
                "hand_in_marker_steps": 0
            },
            "Temperature": {
                "temperature": 23.0
            }
        }
    },
    "hotdog.n.02_1": {
        "is_asleep": true,
        "root_link": {
            "pos": [
                7.628334045410156,
                -1.8839502334594727,
                0.9123479723930359
            ],
            "ori": [
                -0.031783297657966614,
                -0.044039804488420486,
                0.9959031939506531,
                0.07229964435100555
            ],
            "lin_vel": [
                0.0,
                0.0,
                0.0
            ],
            "ang_vel": [
                0.0,
                0.0,
                0.0
            ]
        },
        "non_kin": {
            "Temperature": {
                "temperature": -2.2348036766052246
            },
            "MaxTemperature": {
                "max_temperature": 23.0
            }
        }
    },
    "hotdog.n.02_2": {
        "is_asleep": true,
        "root_link": {
            "pos": [
                7.903757572174072,
                -1.858858585357666,
                0.9135904908180237
            ],
            "ori": [
                -0.03017810545861721,
                -0.02951819822192192,
                0.910417377948761,
                0.41153189539909363
            ],
            "lin_vel": [
                0.0,
                0.0,
                0.0
            ],
            "ang_vel": [
                0.0,
                0.0,
                0.0
            ]
        },
        "non_kin": {
            "Temperature": {
                "temperature": -2.2348036766052246
            },
            "MaxTemperature": {
                "max_temperature": 23.0
            }
        }
    },
    "electric_refrigerator.n.01_1": {
        "is_asleep": true,
        "root_link": {
            "pos": [
                7.81859016418457,
                -1.9658963680267334,
                0.9844352602958679
            ],
            "ori": [
                0.0006650155410170555,
                0.0077707283198833466,
                0.6905918121337891,
                0.7232030630111694
            ],
            "lin_vel": [
                0.0,
                0.0,
                0.0
            ],
            "ang_vel": [
                0.0,
                0.0,
                0.0
            ]
        },
        "joint_pos": [
            -3.0696084862022904e-21
        ],
        "joint_vel": [
            -1.9370913969179668e-20
        ],
        "non_kin": {
            "Temperature": {
                "temperature": 23.0
            }
        }
    },
    "floor.n.01_1": {
        "is_asleep": false,
        "root_link": {
            "pos": [
                6.593125820159912,
                -0.258637011051178,
                -0.13868464529514313
            ],
            "ori": [
                0.0,
                0.0,
                0.0,
                1.0
            ]
        },
        "non_kin": {}
    },
    "robot_poses": {
        "R1Pro": [
            {
                "position": [
                    5.53759765625,
                    1.6775474548339844,
                    -0.00115203857421875
                ],
                "orientation": [
                    0.0,
                    0.0,
                    -0.8547674417495728,
                    0.5190111994743347
                ]
            }
        ],
        "Fetch": [
            {
                "position": [
                    4.261241912841797,
                    1.6409145593643188,
                    0.0013087093830108643
                ],
                "orientation": [
                    1.6245990991592407e-05,
                    -0.002954710042104125,
                    0.005459627602249384,
                    0.9999806880950928
                ]
            }
        ],
        "R1": [
            {
                "position": [
                    5.007235527038574,
                    -0.2950039505958557,
                    0.003780364990234375
                ],
                "orientation": [
                    0.004324678331613541,
                    0.002615290228277445,
                    0.06168846786022186,
                    0.99808269739151
                ]
            }
        ],
        "Stretch": [
            {
                "position": [
                    4.978619575500488,
                    -0.9397777318954468,
                    -0.000784263014793396
                ],
                "orientation": [
                    -0.0009990176185965538,
                    0.0017259045271202922,
                    0.5009595155715942,
                    0.8654686212539673
                ]
            }
        ],
        "Tiago": [
            {
                "position": [
                    5.46581506729126,
                    1.455423355102539,
                    0.00035953521728515625
                ],
                "orientation": [
                    -7.38347267770223e-08,
                    1.0172442443945329e-08,
                    0.8675609827041626,
                    0.49733084440231323
                ]
            }
        ]
    }
}