{
    "agent.n.01_1": {
        "is_asleep": false,
        "root_link": {
            "pos": [
                -50.0,
                -50.0,
                -50.0
            ],
            "ori": [
                0.0,
                0.0,
                0.0,
                1.0
            ],
            "lin_vel": [
                0.0,
                0.0,
                0.0
            ],
            "ang_vel": [
                0.0,
                0.0,
                0.0
            ]
        },
        "joint_pos": [
            58.38368225097656,
            49.15604019165039,
            50.003780364990234,
            0.002844683825969696,
            -0.009699891321361065,
            -1.767732858657837,
            -7.109072612365708e-05,
            -0.0002595650148577988,
            0.00011032893235096708,
            3.869340162054868e-06,
            -5.492453965416644e-06,
            3.3560449082870036e-05,
            1.906000018119812,
            1.9060032367706299,
            -0.9910034537315369,
            -0.9909997582435608,
            1.571001648902893,
            1.5709987878799438,
            0.9149965047836304,
            0.915005087852478,
            -1.5709999799728394,
            -1.5709997415542603,
            0.04999950900673866,
            0.04999943822622299,
            0.049999747425317764,
            0.04999980702996254
        ],
        "joint_vel": [
            0.00013195921201258898,
            -0.00013468877295963466,
            -0.0005028199520893395,
            -0.00017927857697941363,
            -0.00019607577996794134,
            0.0002355395263293758,
            0.00039772255695424974,
            -0.00046152216964401305,
            0.00038648745976388454,
            0.0005475348443724215,
            0.0004119309305679053,
            0.0005304575897753239,
            -0.001645524869672954,
            0.0012071982491761446,
            1.8423103028908372e-05,
            0.0006871519144624472,
            0.0006084750057198107,
            0.00042557413689792156,
            -0.0005134022794663906,
            0.0007840080070309341,
            -0.0005159568390809,
            -0.0004123113467358053,
            2.6807467293110676e-05,
            -7.355788511631545e-08,
            5.799007340101525e-06,
            2.986702929774765e-05
        ],
        "controllers": {
            "base": {
                "goal_is_valid": true,
                "goal": {
                    "target": [
                        0.0,
                        0.0,
                        0.0
                    ]
                }
            },
            "trunk": {
                "goal_is_valid": true,
                "goal": {
                    "target": [
                        -7.035648013697937e-05,
                        -0.0002605783811304718,
                        0.00011164731404278427,
                        3.2929992812569253e-06
                    ]
                }
            },
            "arm_left": {
                "goal_is_valid": true,
                "goal": {
                    "target_pos": [
                        0.5446213483810425,
                        0.3968496322631836,
                        1.4467841386795044
                    ],
                    "target_ori_mat": [
                        [
                            -0.00677800178527832,
                            4.666624590754509e-05,
                            0.9999769330024719
                        ],
                        [
                            0.003117616754025221,
                            -0.9999949932098389,
                            6.779911927878857e-05
                        ],
                        [
                            0.9999720454216003,
                            0.0031180046498775482,
                            0.006778061389923096
                        ]
                    ]
                },
                "control_filter": {
                    "past_samples": [
                        [
                            -5.301210876496043e-06,
                            1.9060015678405762,
                            -0.9910002946853638,
                            1.5710029602050781,
                            0.915002167224884,
                            -1.5710009336471558
                        ],
                        [
                            -7.0424493969767354e-06,
                            1.9059957265853882,
                            -0.9910018444061279,
                            1.5710022449493408,
                            0.9149932265281677,
                            -1.571000337600708
                        ]
                    ],
                    "current_idx": 1,
                    "fully_filled": true
                }
            },
            "gripper_left": {
                "goal_is_valid": true,
                "goal": {
                    "target": [
                        1.0
                    ]
                },
                "vel_filter": {
                    "past_samples": [
                        [
                            7.510184514103457e-05,
                            -1.251697449333733e-05
                        ],
                        [
                            -5.811452501802705e-05,
                            -2.1010635464335792e-05
                        ],
                        [
                            5.3197141824057326e-05,
                            3.30805778503418e-05
                        ],
                        [
                            5.6326385674765334e-05,
                            -6.48200511932373e-05
                        ],
                        [
                            -8.136033284245059e-05,
                            6.392598152160645e-05
                        ]
                    ],
                    "current_idx": 3,
                    "fully_filled": true
                }
            },
            "arm_right": {
                "goal_is_valid": true,
                "goal": {
                    "target_pos": [
                        0.5446248650550842,
                        -0.3968353271484375,
                        1.443986177444458
                    ],
                    "target_ori_mat": [
                        [
                            0.0058501362800598145,
                            -4.088506102561951e-06,
                            0.9999828338623047
                        ],
                        [
                            -0.004663226660341024,
                            -0.9999890327453613,
                            2.319272607564926e-05
                        ],
                        [
                            0.9999719858169556,
                            -0.004663282539695501,
                            -0.005849957466125488
                        ]
                    ]
                },
                "control_filter": {
                    "past_samples": [
                        [
                            3.416508116060868e-05,
                            1.9060020446777344,
                            -0.9909996390342712,
                            1.5709983110427856,
                            0.9150028824806213,
                            -1.5709993839263916
                        ],
                        [
                            3.580038537620567e-05,
                            1.9060012102127075,
                            -0.9909927845001221,
                            1.5709986686706543,
                            0.9150106310844421,
                            -1.570999264717102
                        ]
                    ],
                    "current_idx": 1,
                    "fully_filled": true
                }
            },
            "gripper_right": {
                "goal_is_valid": true,