{
    "microwave.n.02_1": {
        "is_asleep": true,
        "root_link": {
            "pos": [
                4.2130208015441895,
                0.7885104417800903,
                1.03838312625885
            ],
            "ori": [
                -0.0021212389692664146,
                0.002456167945638299,
                -0.01377855334430933,
                0.9999002814292908
            ],
            "lin_vel": [
                0.0,
                0.0,
                0.0
            ],
            "ang_vel": [
                0.0,
                0.0,
                0.0
            ]
        },
        "joint_pos": [
            -6.322260167397132e-21
        ],
        "joint_vel": [
            -4.1478134942336216e-20
        ],
        "non_kin": {
            "ToggledOn": {
                "value": false,
                "hand_in_marker_steps": 0
            },
            "Temperature": {
                "temperature": 23.0
            }
        }
    },
    "hotdog.n.02_1": {
        "is_asleep": true,
        "root_link": {
            "pos": [
                7.684162616729736,
                -1.8909419775009155,
                0.9120786190032959
            ],
            "ori": [
                -0.022576382383704185,
                -0.005374998785555363,
                0.6332228183746338,
                0.7736215591430664
            ],
            "lin_vel": [
                0.0,
                0.0,
                0.0
            ],
            "ang_vel": [
                0.0,
                0.0,
                0.0
            ]
        },
        "non_kin": {
            "Temperature": {
                "temperature": -2.2348036766052246
            },
            "MaxTemperature": {
                "max_temperature": 23.0
            }
        }
    },
    "hotdog.n.02_2": {
        "is_asleep": true,
        "root_link": {
            "pos": [
                7.638811111450195,
                -1.84463632106781,
                0.5015673637390137
            ],
            "ori": [
                -0.03260629251599312,
                -0.02361469715833664,
                0.9985043406486511,
                0.036991704255342484
            ],
            "lin_vel": [
                0.0,
                0.0,
                0.0
            ],
            "ang_vel": [
                0.0,
                0.0,
                0.0
            ]
        },
        "non_kin": {
            "Temperature": {
                "temperature": -2.2348036766052246
            },
            "MaxTemperature": {
                "max_temperature": 23.0
            }
        }
    },
    "electric_refrigerator.n.01_1": {
        "is_asleep": true,
        "root_link": {
            "pos": [
                7.81859016418457,
                -1.9658963680267334,
                0.9844352602958679
            ],
            "ori": [
                0.0006650164723396301,
                0.0077707283198833466,
                0.6905918121337891,
                0.7232030630111694
            ],
            "lin_vel": [
                0.0,
                0.0,
                0.0
            ],
            "ang_vel": [
                0.0,
                0.0,
                0.0
            ]
        },
        "joint_pos": [
            -3.3177039029862033e-21
        ],
        "joint_vel": [
            -6.976082379700679e-29
        ],
        "non_kin": {
            "Temperature": {
                "temperature": 23.0
            }
        }
    },
    "floor.n.01_1": {
        "is_asleep": false,
        "root_link": {
            "pos": [
                6.593125820159912,
                -0.258637011051178,
                -0.13868464529514313
            ],
            "ori": [
                0.0,
                0.0,
                0.0,
                1.0
            ]
        },
        "non_kin": {}
    },
    "robot_poses": {
        "R1Pro": [
            {
                "position": [
                    5.029880523681641,
                    0.22414016723632812,
                    0.003780364990234375
                ],
                "orientation": [
                    0.0,
                    0.0,
                    -0.10410935431718826,
                    0.9945658445358276
                ]
            }
        ],
        "Fetch": [
            {
                "position": [
                    5.091991424560547,
                    1.4245685338974,
                    0.0013087987899780273
                ],
                "orientation": [
                    0.001265697181224823,
                    -0.002668417990207672,
                    0.4286746382713318,
                    0.9034542441368103
                ]
            }
        ],
        "R1": [
            {
                "position": [
                    6.478541374206543,
                    -0.8639874458312988,
                    0.003780364990234375
                ],
                "orientation": [
                    0.004735054448246956,
                    -0.0017675886629149318,
                    -0.744286060333252,
                    0.667841911315918
                ]
            }
        ],
        "Stretch": [
            {
                "position": [
                    7.739534854888916,
                    1.4468088150024414,
                    -0.0007834136486053467
                ],
                "orientation": [
                    -0.001991869881749153,
                    4.9345318984705955e-05,
                    0.9997043609619141,
                    0.024237757548689842
                ]
            }
        ],
        "Tiago": [
            {
                "position": [
                    6.6308465003967285,
                    -1.0983619689941406,
                    0.00035953521728515625
                ],
                "orientation": [
                    -3.511307866688185e-08,
                    3.577947893518285e-08,
                    0.6861676573753357,
                    0.7274434566497803
                ]
            }
        ]
    }
}