{
    "microwave.n.02_1": {
        "is_asleep": true,
        "root_link": {
            "pos": [
                4.2130208015441895,
                0.7885104417800903,
                1.03838312625885
            ],
            "ori": [
                -0.0021212389692664146,
                0.002456167945638299,
                -0.01377855334430933,
                0.9999002814292908
            ],
            "lin_vel": [
                0.0,
                0.0,
                0.0
            ],
            "ang_vel": [
                0.0,
                0.0,
                0.0
            ]
        },
        "joint_pos": [
            -6.322260167397132e-21
        ],
        "joint_vel": [
            -4.1478134942336216e-20
        ],
        "non_kin": {
            "ToggledOn": {
                "value": false,
                "hand_in_marker_steps": 0
            },
            "Temperature": {
                "temperature": 23.0
            }
        }
    },
    "hotdog.n.02_1": {
        "is_asleep": true,
        "root_link": {
            "pos": [
                7.834710597991943,
                -1.7348664999008179,
                0.5016956329345703
            ],
            "ori": [
                -0.015534527599811554,
                0.03647493198513985,
                -0.2665073275566101,
                0.9630172252655029
            ],
            "lin_vel": [
                0.0,
                0.0,
                0.0
            ],
            "ang_vel": [
                0.0,
                0.0,
                0.0
            ]
        },
        "non_kin": {
            "Temperature": {
                "temperature": -2.2348036766052246
            },
            "MaxTemperature": {
                "max_temperature": 23.0
            }
        }
    },
    "hotdog.n.02_2": {
        "is_asleep": true,
        "root_link": {
            "pos": [
                7.8115057945251465,
                -1.8932379484176636,
                0.5016969442367554
            ],
            "ori": [
                0.013086890801787376,
                0.037639398127794266,
                -0.8387807011604309,
                0.543009340763092
            ],
            "lin_vel": [
                0.0,
                0.0,
                0.0
            ],
            "ang_vel": [
                0.0,
                0.0,
                0.0
            ]
        },
        "non_kin": {
            "Temperature": {
                "temperature": -2.2348036766052246
            },
            "MaxTemperature": {
                "max_temperature": 23.0
            }
        }
    },
    "electric_refrigerator.n.01_1": {
        "is_asleep": true,
        "root_link": {
            "pos": [
                7.81859016418457,
                -1.9658963680267334,
                0.9844352602958679
            ],
            "ori": [
                0.0006650164723396301,
                0.007770727388560772,
                0.6905918121337891,
                0.7232030630111694
            ],
            "lin_vel": [
                0.0,
                0.0,
                0.0
            ],
            "ang_vel": [
                0.0,
                0.0,
                0.0
            ]
        },
        "joint_pos": [
            -2.369119793308422e-21
        ],
        "joint_vel": [
            -2.021794691643397e-20
        ],
        "non_kin": {
            "Temperature": {
                "temperature": 23.0
            }
        }
    },
    "floor.n.01_1": {
        "is_asleep": false,
        "root_link": {
            "pos": [
                6.593125820159912,
                -0.258637011051178,
                -0.13868464529514313
            ],
            "ori": [
                0.0,
                0.0,
                0.0,
                1.0
            ]
        },
        "non_kin": {}
    },
    "robot_poses": {
        "R1Pro": [
            {
                "position": [
                    5.093883514404297,
                    0.7048797607421875,
                    0.003780364990234375
                ],
                "orientation": [
                    0.0,
                    0.0,
                    -0.9999935030937195,
                    0.003603526158258319
                ]
            }
        ],
        "Fetch": [
            {
                "position": [
                    4.995351314544678,
                    0.4064271152019501,
                    0.0013087987899780273
                ],
                "orientation": [
                    0.001138634979724884,
                    -0.0027247481048107147,
                    0.3856262266635895,
                    0.9226503372192383
                ]
            }
        ],
        "R1": [
            {
                "position": [
                    5.120394706726074,
                    1.4181889295578003,
                    0.003780364990234375
                ],
                "orientation": [
                    0.004903850145637989,
                    -0.0012225296813994646,
                    -0.6642836332321167,
                    0.7474636435508728
                ]
            }
        ],
        "Stretch": [
            {
                "position": [
                    5.134979724884033,
                    -0.12327463924884796,
                    -0.0007841438055038452
                ],
                "orientation": [
                    -0.0019907355308532715,
                    -0.00012876681284978986,
                    0.9979085922241211,
                    -0.06461145728826523
                ]
            }
        ],
        "Tiago": [
            {
                "position": [
                    5.182680606842041,
                    0.04073381423950195,
                    0.00035953521728515625
                ],
                "orientation": [
                    4.752378117700573e-07,
                    -2.4894765715544054e-07,
                    -0.6901949644088745,
                    0.7236234545707703
                ]
            }
        ]
    }
}