{
    "microwave.n.02_1": {
        "is_asleep": true,
        "root_link": {
            "pos": [
                4.2130208015441895,
                0.7885104417800903,
                1.03838312625885
            ],
            "ori": [
                -0.002121240831911564,
                0.0024561607278883457,
                -0.013778554275631905,
                0.9999001622200012
            ],
            "lin_vel": [
                0.0,
                0.0,
                0.0
            ],
            "ang_vel": [
                0.0,
                0.0,
                0.0
            ]
        },
        "joint_pos": [
            -6.322260167397132e-21
        ],
        "joint_vel": [
            -4.1478134942336216e-20
        ],
        "non_kin": {
            "ToggledOn": {
                "value": false,
                "hand_in_marker_steps": 0
            },
            "Temperature": {
                "temperature": 23.0
            }
        }
    },
    "hotdog.n.02_1": {
        "is_asleep": true,
        "root_link": {
            "pos": [
                7.8947954177856445,
                -1.7478517293930054,
                0.5017403364181519
            ],
            "ori": [
                -0.03985120356082916,
                0.0056141940876841545,
                0.6841995120048523,
                0.7281836867332458
            ],
            "lin_vel": [
                0.0,
                0.0,
                0.0
            ],
            "ang_vel": [
                0.0,
                0.0,
                0.0
            ]
        },
        "non_kin": {
            "Temperature": {
                "temperature": -2.2348036766052246
            },
            "MaxTemperature": {
                "max_temperature": 23.0
            }
        }
    },
    "hotdog.n.02_2": {
        "is_asleep": true,
        "root_link": {
            "pos": [
                7.96294641494751,
                -1.858648419380188,
                0.9136340022087097
            ],
            "ori": [
                -0.022228412330150604,
                -0.004515482112765312,
                0.6212285757064819,
                0.7833011150360107
            ],
            "lin_vel": [
                0.0,
                0.0,
                0.0
            ],
            "ang_vel": [
                0.0,
                0.0,
                0.0
            ]
        },
        "non_kin": {
            "Temperature": {
                "temperature": -2.2348036766052246
            },
            "MaxTemperature": {
                "max_temperature": 23.0
            }
        }
    },
    "electric_refrigerator.n.01_1": {
        "is_asleep": true,
        "root_link": {
            "pos": [
                7.81859016418457,
                -1.9658963680267334,
                0.9844352602958679
            ],
            "ori": [
                0.0006650164723396301,
                0.007770729251205921,
                0.6905918121337891,
                0.7232030630111694
            ],
            "lin_vel": [
                0.0,
                0.0,
                0.0
            ],
            "ang_vel": [
                0.0,
                0.0,
                0.0
            ]
        },
        "joint_pos": [
            -2.376500199232827e-21
        ],
        "joint_vel": [
            -1.774302252367531e-20
        ],
        "non_kin": {
            "Temperature": {
                "temperature": 23.0
            }
        }
    },
    "floor.n.01_1": {
        "is_asleep": false,
        "root_link": {
            "pos": [
                6.593125820159912,
                -0.258637011051178,
                -0.13868464529514313
            ],
            "ori": [
                0.0,
                0.0,
                0.0,
                1.0
            ]
        },
        "non_kin": {}
    },
    "robot_poses": {
        "R1Pro": [
            {
                "position": [
                    5.1357421875,
                    1.4849586486816406,
                    0.003780364990234375
                ],
                "orientation": [
                    0.0,
                    0.0,
                    -0.43726110458374023,
                    0.8993346095085144
                ]
            }
        ],
        "Fetch": [
            {
                "position": [
                    4.940351963043213,
                    0.5451884269714355,
                    0.0013086497783660889
                ],
                "orientation": [
                    -0.0020284950733184814,
                    -0.0021468447521328926,
                    -0.6867149472236633,
                    0.7269209027290344
                ]
            }
        ],
        "R1": [
            {
                "position": [
                    5.207942008972168,
                    -0.2150796800851822,
                    0.003780364990234375
                ],
                "orientation": [
                    0.004456749185919762,
                    0.0023833015002310276,
                    0.008907267823815346,
                    0.9999476075172424
                ]
            }
        ],
        "Stretch": [
            {
                "position": [
                    7.837976455688477,
                    1.7041480541229248,
                    -0.0007842183113098145
                ],
                "orientation": [
                    0.0007310844957828522,
                    0.0018553015543147922,
                    -0.36669209599494934,
                    0.9303402900695801
                ]
            }
        ],
        "Tiago": [
            {
                "position": [
                    8.136495590209961,
                    -1.0103154182434082,
                    0.00035953521728515625
                ],
                "orientation": [
                    -1.7331473145532073e-08,
                    -2.7446141359632747e-08,
                    0.7926434874534607,
                    0.6096854209899902
                ]
            }
        ]
    }
}