{
    "agent.n.01_1": {
        "is_asleep": false,
        "root_link": {
            "pos": [
                -50.0,
                -50.0,
                -50.0
            ],
            "ori": [
                0.0,
                0.0,
                0.0,
                1.0
            ],
            "lin_vel": [
                0.0,
                0.0,
                0.0
            ],
            "ang_vel": [
                0.0,
                0.0,
                0.0
            ]
        },
        "joint_pos": [
            55.5955810546875,
            51.64744186401367,
            50.00532913208008,
            -0.019241081550717354,
            -0.0036183912307024,
            -1.9057413339614868,
            -0.0004919793573208153,
            -0.001037544454447925,
            0.00015901916776783764,
            -1.3798523923469475e-06,
            0.0012640292989090085,
            -0.001221999991685152,
            1.9083905220031738,
            1.908463954925537,
            -0.9948729276657104,
            -0.9949113130569458,
            1.5710090398788452,
            1.5710113048553467,
            0.9135375618934631,
            0.9135285019874573,
            -1.5710138082504272,
            -1.5710155963897705,
            0.04999997094273567,
            0.04999936372041702,
            0.05000000074505806,
            0.04999977722764015
        ],
        "joint_vel": [
            0.00016999900981318206,
            0.00022031860135030001,
            -0.02798786200582981,
            0.09546206146478653,
            -0.04934355989098549,
            -0.000343421648722142,
            0.018252119421958923,
            0.03882921487092972,
            -0.005139636807143688,
            -0.0002860050299204886,
            -0.0010748415952548385,
            0.00015152804553508759,
            -0.0008402387029491365,
            -0.003914739936590195,
            0.0033042337745428085,
            0.004897996783256531,
            0.0008458727388642728,
            -0.0006109033129177988,
            0.0014623687602579594,
            0.0018285078695043921,
            -0.0005947554600425065,
            0.0003361866110935807,
            2.8253487471374683e-05,
            2.9335831641219556e-05,
            3.635490793385543e-05,
            1.6966541807050817e-05
        ],
        "controllers": {
            "base": {
                "goal_is_valid": true,
                "goal": {
                    "target": [
                        0.0,
                        0.0,
                        0.0
                    ]
                }
            },
            "trunk": {
                "goal_is_valid": true,
                "goal": {
                    "target": [
                        -7.03792175045237e-05,
                        -0.000260625674854964,
                        0.00011165169416926801,
                        3.2810385164339095e-06
                    ]
                }
            },
            "arm_left": {
                "goal_is_valid": true,
                "goal": {
                    "target_pos": [
                        0.5446219444274902,
                        0.396848201751709,
                        1.4467841386795044
                    ],
                    "target_ori_mat": [
                        [
                            -0.006777763366699219,
                            4.734273534268141e-05,
                            0.9999769330024719
                        ],
                        [
                            0.003117787651717663,
                            -0.9999948740005493,
                            6.847630720585585e-05
                        ],
                        [
                            0.9999720454216003,
                            0.0031181802041828632,
                            0.0067778825759887695
                        ]
                    ]
                },
                "control_filter": {
                    "past_samples": [
                        [
                            0.0012402798747643828,
                            1.9084053039550781,
                            -0.9948441982269287,
                            1.5710070133209229,
                            0.9135560393333435,
                            -1.5710124969482422
                        ],
                        [
                            0.0012440704740583897,
                            1.9084393978118896,
                            -0.9948957562446594,
                            1.571007490158081,
                            0.9135408401489258,
                            -1.5710128545761108
                        ]
                    ],
                    "current_idx": 0,
                    "fully_filled": true
                }
            },
            "gripper_left": {
                "goal_is_valid": true,
                "goal": {
                    "target": [
                        1.0
                    ]
                },
                "vel_filter": {
                    "past_samples": [
                        [
                            2.548098382249009e-05,
                            1.3411044164968189e-05
                        ],
                        [
                            4.4703480739372026e-07,
                            -4.023313522338867e-06
                        ],
                        [
                            0.0,
                            -1.0281800314260181e-05
                        ],
                        [
                            0.0,
                            1.4752148672414478e-05
                        ],
                        [
                            -2.324580964341294e-05,
                            -1.65402889251709e-05
                        ]
                    ],
                    "current_idx": 0,
                    "fully_filled": true
                }
            },
            "arm_right": {
                "goal_is_valid": true,
                "goal": {
                    "target_pos": [
                        0.544625997543335,
                        -0.3968372344970703,
                        1.443986415863037
                    ],
                    "target_ori_mat": [
                        [
                            0.005850315093994141,
                            -3.550201654434204e-06,
                            0.9999828338623047
                        ],
                        [
                            -0.004663516767323017,
                            -0.9999890327453613,
                            2.3733358830213547e-05
                        ],
                        [
                            0.9999719858169556,
                            -0.004663575906306505,
                            -0.00585019588470459
                        ]
                    ]
                },
                "control_filter": {
                    "past_samples": [
                        [
                            -0.0012126745423302054,
                            1.9083877801895142,
                            -0.9948340654373169,
                            1.5710102319717407,
                            0.9135603308677673,
                            -1.5710153579711914
                        ],
                        [
                            -0.001215368858538568,
                            1.908422827720642,
                            -0.9948927164077759,
                            1.5710115432739258,
                            0.9135345816612244,
                            -1.5710164308547974
                        ]
                    ],
                    "current_idx": 0,
                    "fully_filled": true
                }
            },
            "gripper_right": {
                "goal_is_valid": true,