{
    "agent.n.01_1": {
        "is_asleep": false,
        "root_link": {
            "pos": [
                -50.0,
                -50.0,
                -50.0
            ],
            "ori": [
                0.0,
                0.0,
                0.0,
                1.0
            ],
            "lin_vel": [
                0.0,
                0.0,
                0.0
            ],
            "ang_vel": [
                0.0,
                0.0,
                0.0
            ]
        },
        "joint_pos": [
            57.51442337036133,
            48.85544967651367,
            50.003780364990234,
            -0.0025225509889423847,
            0.009788280352950096,
            1.3407554626464844,
            -7.137244392652065e-05,
            -0.00026044523110613227,
            0.00011102021380793303,
            4.2417141230544075e-06,
            -6.705629402858904e-06,
            3.4738488466246054e-05,
            1.9060070514678955,
            1.9060029983520508,
            -0.9910036325454712,
            -0.9910049438476562,
            1.5709995031356812,
            1.571001410484314,
            0.9150023460388184,
            0.9150006175041199,
            -1.5709987878799438,
            -1.571000099182129,
            0.04999984800815582,
            0.04999997466802597,
            0.049999549984931946,
            0.0499996580183506
        ],
        "joint_vel": [
            0.0001770610106177628,
            0.00013464235235005617,
            -0.000675853923894465,
            -0.00026754336431622505,
            0.00015086104394868016,
            0.0006487484788522124,
            0.00011305832595098764,
            -0.0008877426153048873,
            0.0004502121009863913,
            0.0016218279488384724,
            0.0006927408976480365,
            0.0003977881860919297,
            -0.0025421520695090294,
            0.0022050845436751842,
            -9.478797437623143e-05,
            0.00048459519166499376,
            0.0004544897237792611,
            0.00015345322026405483,
            -0.0008764116209931672,
            0.0009155904990620911,
            -0.00041109154699370265,
            -0.00021693466987926513,
            5.383663301472552e-05,
            1.0133534487977158e-05,
            5.2956431318307295e-05,
            3.66736130672507e-05
        ],
        "controllers": {
            "base": {
                "goal_is_valid": true,
                "goal": {
                    "target": [
                        0.0,
                        0.0,
                        0.0
                    ]
                }
            },
            "trunk": {
                "goal_is_valid": true,
                "goal": {
                    "target": [
                        -7.036123861325905e-05,
                        -0.00026058804360218346,
                        0.00011164809257024899,
                        3.2897623896133155e-06
                    ]
                }
            },
            "arm_left": {
                "goal_is_valid": true,
                "goal": {
                    "target_pos": [
                        0.5446215271949768,
                        0.3968477249145508,
                        1.4467843770980835
                    ],
                    "target_ori_mat": [
                        [
                            -0.006777644157409668,
                            4.644028376787901e-05,
                            0.9999769330024719
                        ],
                        [
                            0.003118196502327919,
                            -0.9999949932098389,
                            6.757606752216816e-05
                        ],
                        [
                            0.9999720454216003,
                            0.0031185827683657408,
                            0.006777703762054443
                        ]
                    ]
                },
                "control_filter": {
                    "past_samples": [
                        [
                            -5.406584477896104e-06,
                            1.9060072898864746,
                            -0.9910067319869995,
                            1.5709995031356812,
                            0.9150019288063049,
                            -1.5709993839263916
                        ],
                        [
                            -8.092595635389443e-06,
                            1.9060068130493164,
                            -0.991001307964325,
                            1.5709993839263916,
                            0.9150046110153198,
                            -1.5709987878799438
                        ]
                    ],
                    "current_idx": 0,
                    "fully_filled": true
                }
            },
            "gripper_left": {
                "goal_is_valid": true,
                "goal": {
                    "target": [
                        1.0
                    ]
                },
                "vel_filter": {
                    "past_samples": [
                        [
                            -2.145767030015122e-05,
                            -2.0116565792704932e-05
                        ],
                        [
                            -1.564621925354004e-05,
                            5.364417575037805e-06
                        ],
                        [
                            3.8892027077963576e-05,
                            7.152556918299524e-06
                        ],
                        [
                            -4.917382739222376e-06,
                            2.503394898667466e-05
                        ],
                        [
                            5.364417575037805e-06,
                            -2.324580964341294e-05
                        ]
                    ],
                    "current_idx": 4,
                    "fully_filled": true
                }
            },
            "arm_right": {
                "goal_is_valid": true,
                "goal": {
                    "target_pos": [
                        0.5446249842643738,
                        -0.3968367576599121,
                        1.4439866542816162
                    ],
                    "target_ori_mat": [
                        [
                            0.005850315093994141,
                            -4.151603206992149e-06,
                            0.9999827742576599
                        ],
                        [
                            -0.0046637291088700294,
                            -0.9999887943267822,
                            2.3132655769586563e-05
                        ],
                        [
                            0.9999719262123108,
                            -0.004663784988224506,
                            -0.005849957466125488
                        ]
                    ]
                },
                "control_filter": {
                    "past_samples": [
                        [
                            3.375175947439857e-05,
                            1.9060077667236328,
                            -0.9910101294517517,
                            1.5710008144378662,
                            0.9149974584579468,
                            -1.571000099182129
                        ],
                        [
                            3.676765845739283e-05,
                            1.9059998989105225,
                            -0.9909985661506653,
                            1.571001648902893,
                            0.9150040149688721,
                            -1.571000576019287
                        ]
                    ],
                    "current_idx": 0,
                    "fully_filled": true
                }
            },