{
    "microwave.n.02_1": {
        "is_asleep": true,
        "root_link": {
            "pos": [
                4.2130208015441895,
                0.7885104417800903,
                1.03838312625885
            ],
            "ori": [
                -0.0021212389692664146,
                0.002456167945638299,
                -0.01377855334430933,
                0.9999002814292908
            ],
            "lin_vel": [
                0.0,
                0.0,
                0.0
            ],
            "ang_vel": [
                0.0,
                0.0,
                0.0
            ]
        },
        "joint_pos": [
            -6.322260167397132e-21
        ],
        "joint_vel": [
            -4.1478134942336216e-20
        ],
        "non_kin": {
            "ToggledOn": {
                "value": false,
                "hand_in_marker_steps": 0
            },
            "Temperature": {
                "temperature": 23.0
            }
        }
    },
    "hotdog.n.02_1": {
        "is_asleep": true,
        "root_link": {
            "pos": [
                7.921045780181885,
                -1.7562901973724365,
                0.5017600655555725
            ],
            "ori": [
                -0.01341896690428257,
                0.0372939333319664,
                -0.3202344477176666,
                0.9465088248252869
            ],
            "lin_vel": [
                0.0,
                0.0,
                0.0
            ],
            "ang_vel": [
                0.0,
                0.0,
                0.0
            ]
        },
        "non_kin": {
            "Temperature": {
                "temperature": -2.2348036766052246
            },
            "MaxTemperature": {
                "max_temperature": 23.0
            }
        }
    },
    "hotdog.n.02_2": {
        "is_asleep": true,
        "root_link": {
            "pos": [
                7.697666645050049,
                -1.8412147760391235,
                0.9142330884933472
            ],
            "ori": [
                -0.024341152980923653,
                -0.00992593914270401,
                0.6945582628250122,
                0.7189561128616333
            ],
            "lin_vel": [
                0.0,
                0.0,
                0.0
            ],
            "ang_vel": [
                0.0,
                0.0,
                0.0
            ]
        },
        "non_kin": {
            "Temperature": {
                "temperature": -2.2348036766052246
            },
            "MaxTemperature": {
                "max_temperature": 23.0
            }
        }
    },
    "electric_refrigerator.n.01_1": {
        "is_asleep": true,
        "root_link": {
            "pos": [
                7.81859016418457,
                -1.9658963680267334,
                0.9844352602958679
            ],
            "ori": [
                0.0006650164723396301,
                0.007770729251205921,
                0.6905918121337891,
                0.7232030630111694
            ],
            "lin_vel": [
                0.0,
                0.0,
                0.0
            ],
            "ang_vel": [
                0.0,
                0.0,
                0.0
            ]
        },
        "joint_pos": [
            -3.098411981418895e-21
        ],
        "joint_vel": [
            -1.9895346477538288e-20
        ],
        "non_kin": {
            "Temperature": {
                "temperature": 23.0
            }
        }
    },
    "floor.n.01_1": {
        "is_asleep": false,
        "root_link": {
            "pos": [
                6.593125820159912,
                -0.258637011051178,
                -0.13868464529514313
            ],
            "ori": [
                0.0,
                0.0,
                0.0,
                1.0
            ]
        },
        "non_kin": {}
    },
    "robot_poses": {
        "R1Pro": [
            {
                "position": [
                    4.911846160888672,
                    1.2786293029785156,
                    0.003780364990234375
                ],
                "orientation": [
                    0.0,
                    0.0,
                    0.1366163045167923,
                    0.9906240105628967
                ]
            }
        ],
        "Fetch": [
            {
                "position": [
                    8.669635772705078,
                    -1.1300852298736572,
                    0.0013087689876556396
                ],
                "orientation": [
                    0.0029352158308029175,
                    -0.0003155730664730072,
                    0.9942722320556641,
                    0.10683573782444
                ]
            }
        ],
        "R1": [
            {
                "position": [
                    5.299864768981934,
                    1.0458258390426636,
                    0.003780364990234375
                ],
                "orientation": [
                    -0.0016628094017505646,
                    0.004773068707436323,
                    0.9892159104347229,
                    0.14637762308120728
                ]
            }
        ],
        "Stretch": [
            {
                "position": [
                    8.904550552368164,
                    -0.8408754467964172,
                    -0.0007843673229217529
                ],
                "orientation": [
                    -0.001641327515244484,
                    0.0011414038017392159,
                    0.8208563923835754,
                    0.5711314082145691
                ]
            }
        ],
        "Tiago": [
            {
                "position": [
                    5.119589328765869,
                    -0.8613476753234863,
                    0.00035953521728515625
                ],
                "orientation": [
                    3.833622130855474e-08,
                    4.598728509108696e-09,
                    -0.6766444444656372,
                    0.7363099455833435
                ]
            }
        ]
    }
}