{"orientation": [-1.8189894035458565e-12, 2.842170943040401e-14, -1.4551915228366852e-11, 1.0], "scale": [1.0, 1.0, 1.0], "complaints": []}