{
    "agent.n.01_1": {
        "is_asleep": false,
        "root_link": {
            "pos": [
                -50.0,
                -50.0,
                -50.0
            ],
            "ori": [
                0.0,
                0.0,
                0.0,
                1.0
            ],
            "lin_vel": [
                0.0,
                0.0,
                0.0
            ],
            "ang_vel": [
                0.0,
                0.0,
                0.0
            ]
        },
        "joint_pos": [
            55.18378829956055,
            53.08726119995117,
            50.00374221801758,
            0.008822089992463589,
            0.004934280179440975,
            0.027688192203640938,
            -6.917378777870908e-05,
            -0.00026141153648495674,
            0.00011253145930822939,
            5.741744189435849e-06,
            -4.766904112329939e-06,
            3.3143689506687224e-05,
            1.905991792678833,
            1.9060097932815552,
            -0.990998387336731,
            -0.9910040497779846,
            1.5709999799728394,
            1.5709997415542603,
            0.9150011539459229,
            0.915002167224884,
            -1.5709987878799438,
            -1.571000099182129,
            0.04999975115060806,
            0.049999967217445374,
            0.049999888986349106,
            0.04999990016222
        ],
        "joint_vel": [
            0.000587612681556493,
            -0.0003369230544194579,
            0.001155779929831624,
            0.000949523295275867,
            -0.0028573288582265377,
            0.00043557706521824,
            0.00358026335015893,
            0.000507973600178957,
            2.527152537368238e-05,
            -0.0036088842898607254,
            -0.005713826045393944,
            0.0042096772231161594,
            0.0033564367331564426,
            -0.0011748741380870342,
            -0.0013654655776917934,
            -0.00039099963032640517,
            -0.01158119272440672,
            0.00859256461262703,
            0.0028958949260413647,
            -0.00280794408172369,
            0.007661482319235802,
            -0.004864763934165239,
            -1.4323304640129209e-06,
            2.2538435587193817e-05,
            6.960926111787558e-05,
            -1.9116441762889735e-08
        ],
        "controllers": {
            "base": {
                "goal_is_valid": true,
                "goal": {
                    "target": [
                        0.0,
                        0.0,
                        0.0
                    ]
                }
            },
            "trunk": {
                "goal_is_valid": true,
                "goal": {
                    "target": [
                        -7.034249574644491e-05,
                        -0.000260549015365541,
                        0.00011164497846039012,
                        3.3192602586495923e-06
                    ]
                }
            },
            "arm_left": {
                "goal_is_valid": true,
                "goal": {
                    "target_pos": [
                        0.544621467590332,
                        0.3968486785888672,
                        1.4467841386795044
                    ],
                    "target_ori_mat": [
                        [
                            -0.00677800178527832,
                            4.644854925572872e-05,
                            0.9999769330024719
                        ],
                        [
                            0.003117593238130212,
                            -0.9999949932098389,
                            6.758118979632854e-05
                        ],
                        [
                            0.9999720454216003,
                            0.0031179797369986773,
                            0.006778061389923096
                        ]
                    ]
                },
                "control_filter": {
                    "past_samples": [
                        [
                            -5.418005912360968e-06,
                            1.9059978723526,
                            -0.9909981489181519,
                            1.5710002183914185,
                            0.9150022864341736,
                            -1.5709985494613647
                        ],
                        [
                            -5.762550244980957e-06,
                            1.9059983491897583,
                            -0.9910014867782593,
                            1.5709998607635498,
                            0.9149996042251587,
                            -1.5709985494613647
                        ]
                    ],
                    "current_idx": 1,
                    "fully_filled": true
                }
            },
            "gripper_left": {
                "goal_is_valid": true,
                "goal": {
                    "target": [
                        1.0
                    ]
                },
                "vel_filter": {
                    "past_samples": [
                        [
                            -3.576278459149762e-06,
                            1.0281800314260181e-05
                        ],
                        [
                            -2.235173951703473e-06,
                            -6.7055220824840944e-06
                        ],
                        [
                            2.235173951703473e-06,
                            5.811452410853235e-06
                        ],
                        [
                            -2.235173951703473e-06,
                            -5.811452410853235e-06
                        ],
                        [
                            4.023313522338867e-06,
                            -1.0281800314260181e-05
                        ]
                    ],
                    "current_idx": 4,
                    "fully_filled": true
                }
            },
            "arm_right": {
                "goal_is_valid": true,
                "goal": {
                    "target_pos": [
                        0.5446257591247559,
                        -0.396836519241333,
                        1.4439862966537476
                    ],
                    "target_ori_mat": [
                        [
                            0.005850315093994141,
                            -3.926455974578857e-06,
                            0.9999829530715942
                        ],
                        [
                            -0.004663289990276098,
                            -0.9999892711639404,
                            2.3356173187494278e-05
                        ],
                        [
                            0.9999721050262451,
                            -0.00466334680095315,
                            -0.005850315093994141
                        ]
                    ]
                },
                "control_filter": {
                    "past_samples": [
                        [
                            3.2744839700171724e-05,
                            1.906008243560791,
                            -0.9910051822662354,
                            1.5709991455078125,
                            0.915001630783081,
                            -1.5709991455078125
                        ],
                        [
                            3.2624640880385414e-05,
                            1.9060070514678955,
                            -0.9910030364990234,
                            1.5709989070892334,
                            0.9150024056434631,
                            -1.570999026298523
                        ]
                    ],
                    "current_idx": 1,
                    "fully_filled": true
                }
            },
            "gripper_right": {
                "goal_is_valid": true,