{
    "agent.n.01_1": {
        "is_asleep": false,
        "root_link": {
            "pos": [
                -50.0,
                -50.0,
                -50.0
            ],
            "ori": [
                0.0,
                0.0,
                0.0,
                1.0
            ],
            "lin_vel": [
                0.0,
                0.0,
                0.0
            ],
            "ang_vel": [
                0.0,
                0.0,
                0.0
            ]
        },
        "joint_pos": [
            55.54661560058594,
            52.351566314697266,
            50.00374221801758,
            0.006237904541194439,
            -0.007953687570989132,
            -1.3879731893539429,
            -6.875367398606613e-05,
            -0.00026067133876495063,
            0.00011259044549660757,
            6.733422196703032e-06,
            -5.317124305292964e-06,
            3.427763658692129e-05,
            1.9059909582138062,
            1.9060070514678955,
            -0.9909944534301758,
            -0.9910030364990234,
            1.5710006952285767,
            1.5709998607635498,
            0.9150040149688721,
            0.9150000214576721,
            -1.5709987878799438,
            -1.5709995031356812,
            0.049999725073575974,
            0.049999989569187164,
            0.049999725073575974,
            0.04999990016222
        ],
        "joint_vel": [
            -0.0006574826547876,
            -0.0005383854149840772,
            0.0010804110206663609,
            -0.003482506377622485,
            -0.0009202036308124661,
            0.0019233747152611613,
            0.004264575429260731,
            0.0003074471023865044,
            -0.00018995700520463288,
            -0.0021594748832285404,
            -0.006435593590140343,
            0.003178631654009223,
            0.0033256891183555126,
            -0.001801857491955161,
            -0.0006363403517752886,
            -0.000556221348233521,
            -0.012922154739499092,
            0.006525215692818165,
            0.0034136069007217884,
            -0.0033612572588026524,
            0.008911969140172005,
            -0.003050730098038912,
            -1.1190350051037967e-06,
            1.5021401850390248e-05,
            8.354423334822059e-05,
            -2.6980103484675055e-07
        ],
        "controllers": {
            "base": {
                "goal_is_valid": true,
                "goal": {
                    "target": [
                        0.0,
                        0.0,
                        0.0
                    ]
                }
            },
            "trunk": {
                "goal_is_valid": true,
                "goal": {
                    "target": [
                        -7.035386079223827e-05,
                        -0.00026057352079078555,
                        0.00011164780880790204,
                        3.344021024531685e-06
                    ]
                }
            },
            "arm_left": {
                "goal_is_valid": true,
                "goal": {
                    "target_pos": [
                        0.5446215867996216,
                        0.3968486785888672,
                        1.4467840194702148
                    ],
                    "target_ori_mat": [
                        [
                            -0.006777763366699219,
                            4.660931881517172e-05,
                            0.9999769330024719
                        ],
                        [
                            0.003117564134299755,
                            -0.9999948740005493,
                            6.774126086384058e-05
                        ],
                        [
                            0.9999720454216003,
                            0.003117951564490795,
                            0.0067778825759887695
                        ]
                    ]
                },
                "control_filter": {
                    "past_samples": [
                        [
                            -6.336029855447123e-06,
                            1.905996561050415,
                            -0.9909955263137817,
                            1.5710002183914185,
                            0.9150043725967407,
                            -1.5709987878799438
                        ],
                        [
                            -5.664061518473318e-06,
                            1.9059959650039673,
                            -0.9909964203834534,
                            1.5710011720657349,
                            0.915002703666687,
                            -1.5709993839263916
                        ]
                    ],
                    "current_idx": 0,
                    "fully_filled": true
                }
            },
            "gripper_left": {
                "goal_is_valid": true,
                "goal": {
                    "target": [
                        1.0
                    ]
                },
                "vel_filter": {
                    "past_samples": [
                        [
                            1.162290482170647e-05,
                            2.6822087875189027e-06
                        ],
                        [
                            5.364417575037805e-06,
                            0.0
                        ],
                        [
                            -4.470347903406946e-06,
                            -4.470347903406946e-06
                        ],
                        [
                            7.599591754114954e-06,
                            4.470347903406946e-06
                        ],
                        [
                            -1.162290482170647e-05,
                            -4.023313522338867e-06
                        ]
                    ],
                    "current_idx": 1,
                    "fully_filled": true
                }
            },
            "arm_right": {
                "goal_is_valid": true,
                "goal": {
                    "target_pos": [
                        0.5446252822875977,
                        -0.3968367576599121,
                        1.443986177444458
                    ],
                    "target_ori_mat": [
                        [
                            0.005850315093994141,
                            -3.8133002817630768e-06,
                            0.9999829530715942
                        ],
                        [
                            -0.004663452506065369,
                            -0.9999892711639404,
                            2.3470260202884674e-05
                        ],
                        [
                            0.9999721050262451,
                            -0.0046635097824037075,
                            -0.005850315093994141
                        ]
                    ]
                },
                "control_filter": {
                    "past_samples": [
                        [
                            3.325240686535835e-05,
                            1.9060057401657104,
                            -0.9910032153129578,
                            1.5709987878799438,
                            0.9150000214576721,
                            -1.5709987878799438
                        ],
                        [
                            3.444943286012858e-05,
                            1.9060044288635254,
                            -0.9910018444061279,
                            1.5709997415542603,
                            0.9150006175041199,
                            -1.5709996223449707
                        ]
                    ],
                    "current_idx": 0,
                    "fully_filled": true
                }
            },
            "gripper_right": {
                "goal_is_valid": true,