{
    "agent.n.01_1": {
        "is_asleep": false,
        "root_link": {
            "pos": [
                -50.0,
                -50.0,
                -50.0
            ],
            "ori": [
                0.0,
                0.0,
                0.0,
                1.0
            ],
            "lin_vel": [
                0.0,
                0.0,
                0.0
            ],
            "ang_vel": [
                0.0,
                0.0,
                0.0
            ]
        },
        "joint_pos": [
            58.5509147644043,
            49.06391906738281,
            50.003780364990234,
            -0.004625947214663029,
            0.00898767914623022,
            1.5639121532440186,
            -7.538343197666109e-05,
            -0.0002668339875526726,
            0.00011060926772188395,
            3.952837687393185e-06,
            -6.221084731805604e-06,
            3.412024670979008e-05,
            1.9059982299804688,
            1.9060063362121582,
            -0.9910022616386414,
            -0.991000771522522,
            1.5710008144378662,
            1.570999264717102,
            0.9149969816207886,
            0.9150065779685974,
            -1.5709991455078125,
            -1.5709998607635498,
            0.04999986290931702,
            0.049999989569187164,
            0.049999892711639404,
            0.049999937415122986
        ],
        "joint_vel": [
            -0.00017912036855705082,
            0.00015096845163498074,
            -0.0007413316052407026,
            -0.00028720273985527456,
            8.436015923507512e-05,
            -5.2727242291439325e-05,
            -7.076703332131729e-05,
            -0.0006556182052008808,
            0.0005541466525755823,
            0.0007820887840352952,
            0.0010771645465865731,
            0.0001399264729116112,
            -0.0006345739238895476,
            0.002574884332716465,
            -0.0019147577695548534,
            -0.0012127243680879474,
            0.0007336089038290083,
            0.000839848886243999,
            -0.0017632697708904743,
            0.0006032600067555904,
            -0.0007183575071394444,
            -0.0007725219475105405,
            9.899044380290434e-05,
            5.66460130357882e-07,
            4.961044032825157e-05,
            1.9232204067520797e-05
        ],
        "controllers": {
            "base": {
                "goal_is_valid": true,
                "goal": {
                    "target": [
                        0.0,
                        0.0,
                        0.0
                    ]
                }
            },
            "trunk": {
                "goal_is_valid": true,
                "goal": {
                    "target": [
                        -7.034216832835227e-05,
                        -0.0002605488698463887,
                        0.00011164500756422058,
                        3.3171986615343485e-06
                    ]
                }
            },
            "arm_left": {
                "goal_is_valid": true,
                "goal": {
                    "target_pos": [
                        0.544621467590332,
                        0.3968505859375,
                        1.4467839002609253
                    ],
                    "target_ori_mat": [
                        [
                            -0.006777763366699219,
                            4.668068140745163e-05,
                            0.9999771118164062
                        ],
                        [
                            0.003117853542789817,
                            -0.999995231628418,
                            6.781413685530424e-05
                        ],
                        [
                            0.9999722242355347,
                            0.003118241671472788,
                            0.006777524948120117
                        ]
                    ]
                },
                "control_filter": {
                    "past_samples": [
                        [
                            -4.215892658976372e-06,
                            1.9060022830963135,
                            -0.9910099506378174,
                            1.5710010528564453,
                            0.9149937629699707,
                            -1.570999264717102
                        ],
                        [
                            2.1375572032411583e-06,
                            1.9060157537460327,
                            -0.9910286068916321,
                            1.5710015296936035,
                            0.9149885773658752,
                            -1.5709998607635498
                        ]
                    ],
                    "current_idx": 0,
                    "fully_filled": true
                }
            },
            "gripper_left": {
                "goal_is_valid": true,
                "goal": {
                    "target": [
                        1.0
                    ]
                },
                "vel_filter": {
                    "past_samples": [
                        [
                            -6.92903995513916e-05,
                            -8.940696147874405e-07
                        ],
                        [
                            7.152556645451114e-05,
                            8.940696147874405e-07
                        ],
                        [
                            -7.733701932011172e-05,
                            -4.4703480739372026e-07
                        ],
                        [
                            7.599591481266543e-05,
                            6.258487246668665e-06
                        ],
                        [
                            -7.599591481266543e-05,
                            -1.117586998589104e-05
                        ]
                    ],
                    "current_idx": 0,
                    "fully_filled": true
                }
            },
            "arm_right": {
                "goal_is_valid": true,
                "goal": {
                    "target_pos": [
                        0.5446251630783081,
                        -0.3968362808227539,
                        1.443986415863037
                    ],
                    "target_ori_mat": [
                        [
                            0.0058501362800598145,
                            -3.8244761526584625e-06,
                            0.9999829530715942
                        ],
                        [
                            -0.004663281608372927,
                            -0.9999892711639404,
                            2.3457221686840057e-05
                        ],
                        [
                            0.9999721050262451,
                            -0.0046633388847112656,
                            -0.00585019588470459
                        ]
                    ]
                },
                "control_filter": {
                    "past_samples": [
                        [
                            3.2004390959627926e-05,
                            1.9060112237930298,
                            -0.9910070300102234,
                            1.5709983110427856,
                            0.9150040745735168,
                            -1.570999026298523
                        ],
                        [
                            2.6561549020698294e-05,
                            1.9060227870941162,
                            -0.9910253286361694,
                            1.570999264717102,
                            0.9149977564811707,
                            -1.5709996223449707
                        ]
                    ],
                    "current_idx": 0,
                    "fully_filled": true
                }
            },
            "gripper_right": {
                "goal_is_valid": true,