{
    "agent.n.01_1": {
        "is_asleep": false,
        "root_link": {
            "pos": [
                -50.0,
                -50.0,
                -50.0
            ],
            "ori": [
                0.0,
                0.0,
                0.0,
                1.0
            ],
            "lin_vel": [
                0.0,
                0.0,
                0.0
            ],
            "ang_vel": [
                0.0,
                0.0,
                0.0
            ]
        },
        "joint_pos": [
            55.09995651245117,
            49.99735641479492,
            50.003780364990234,
            0.008467355743050575,
            0.0055209374986588955,
            0.09557554125785828,
            -7.38104063202627e-05,
            -0.0002661837206687778,
            0.00011132772488053888,
            3.920533345080912e-06,
            -4.6620643843198195e-06,
            3.2667856430634856e-05,
            1.9060049057006836,
            1.906006097793579,
            -0.99100661277771,
            -0.9910080432891846,
            1.5709999799728394,
            1.571000337600708,
            0.9149984121322632,
            0.9149996638298035,
            -1.5709989070892334,
            -1.5710002183914185,
            0.04999992251396179,
            0.04999994859099388,
            0.049999866634607315,
            0.04999998211860657
        ],
        "joint_vel": [
            5.13409759150818e-08,
            0.0002329995622858405,
            -0.0008003009133972228,
            0.00010646691953297704,
            -0.00017962511628866196,
            5.343051452655345e-05,
            0.0008386479457840323,
            7.619688403792679e-06,
            0.0003184241650160402,
            0.0007574234041385353,
            0.0008697575540281832,
            0.00016224630235228688,
            -0.0005759602063335478,
            0.0020809215493500233,
            -0.0016340038273483515,
            -0.0009098398732021451,
            0.0006162556819617748,
            0.0008187795174308121,
            -0.001480259234085679,
            0.0004270720819476992,
            -0.0006038810242898762,
            -0.0006929455557838082,
            2.496303932275623e-05,
            -2.9119898954377277e-06,
            -4.047706170240417e-08,
            1.2833143955504056e-05
        ],
        "controllers": {
            "base": {
                "goal_is_valid": true,
                "goal": {
                    "target": [
                        0.0,
                        0.0,
                        0.0
                    ]
                }
            },
            "trunk": {
                "goal_is_valid": true,
                "goal": {
                    "target": [
                        -7.034552254481241e-05,
                        -0.00026055576745420694,
                        0.00011164574243593961,
                        3.3193164199474268e-06
                    ]
                }
            },
            "arm_left": {
                "goal_is_valid": true,
                "goal": {
                    "target_pos": [
                        0.5446205139160156,
                        0.39684849977493286,
                        1.446784257888794
                    ],
                    "target_ori_mat": [
                        [
                            -0.00677800178527832,
                            4.6768924221396446e-05,
                            0.9999769330024719
                        ],
                        [
                            0.0031179082579910755,
                            -0.9999949932098389,
                            6.790366023778915e-05
                        ],
                        [
                            0.9999720454216003,
                            0.003118296852335334,
                            0.006778061389923096
                        ]
                    ]
                },
                "control_filter": {
                    "past_samples": [
                        [
                            -2.3492020773119293e-06,
                            1.906009554862976,
                            -0.991014838218689,
                            1.571000337600708,
                            0.914995551109314,
                            -1.5709991455078125
                        ],
                        [
                            1.2239506759215146e-06,
                            1.9060180187225342,
                            -0.9910285472869873,
                            1.5709998607635498,
                            0.9149906635284424,
                            -1.570999026298523
                        ]
                    ],
                    "current_idx": 0,
                    "fully_filled": true
                }
            },
            "gripper_left": {
                "goal_is_valid": true,
                "goal": {
                    "target": [
                        1.0
                    ]
                },
                "vel_filter": {
                    "past_samples": [
                        [
                            2.235173951703473e-06,
                            -2.6822087875189027e-06
                        ],
                        [
                            -4.917382739222376e-06,
                            1.3411043937594513e-06
                        ],
                        [
                            5.811452410853235e-06,
                            -2.235173951703473e-06
                        ],
                        [
                            -8.940696147874405e-07,
                            4.4703480739372026e-07
                        ],
                        [
                            1.788139229574881e-06,
                            -3.576278459149762e-06
                        ]
                    ],
                    "current_idx": 0,
                    "fully_filled": true
                }
            },
            "arm_right": {
                "goal_is_valid": true,
                "goal": {
                    "target_pos": [
                        0.5446248054504395,
                        -0.39683717489242554,
                        1.4439865350723267
                    ],
                    "target_ori_mat": [
                        [
                            0.0058501362800598145,
                            -4.173023626208305e-06,
                            0.9999829530715942
                        ],
                        [
                            -0.004663410596549511,
                            -0.9999892711639404,
                            2.3109372705221176e-05
                        ],
                        [
                            0.9999721050262451,
                            -0.004663466010242701,
                            -0.00585019588470459
                        ]
                    ]
                },
                "control_filter": {
                    "past_samples": [
                        [
                            3.0515768230543472e-05,
                            1.9060108661651611,
                            -0.9910145998001099,
                            1.571000099182129,
                            0.9149971604347229,
                            -1.5710002183914185
                        ],
                        [
                            2.751446663751267e-05,
                            1.9060180187225342,
                            -0.9910258054733276,
                            1.571001410484314,
                            0.9149928689002991,
                            -1.5710008144378662
                        ]
                    ],
                    "current_idx": 0,
                    "fully_filled": true
                }
            },
            "gripper_right": {
                "goal_is_valid": true,