{
    "agent.n.01_1": {
        "is_asleep": false,
        "root_link": {
            "pos": [
                -50.0,
                -50.0,
                -50.0
            ],
            "ori": [
                0.0,
                0.0,
                0.0,
                1.0
            ],
            "lin_vel": [
                0.0,
                0.0,
                0.0
            ],
            "ang_vel": [
                0.0,
                0.0,
                0.0
            ]
        },
        "joint_pos": [
            50.173526763916016,
            53.996986389160156,
            50.00376510620117,
            -0.00797295942902565,
            0.006213759537786245,
            1.9973589181900024,
            -7.026977255009115e-05,
            -0.0002602373424451798,
            0.00011151272337883711,
            4.09128097089706e-06,
            -7.6079118116467725e-06,
            3.534424104145728e-05,
            1.9059991836547852,
            1.9060018062591553,
            -0.9909985065460205,
            -0.9910022020339966,
            1.5709986686706543,
            1.5710008144378662,
            0.9150012731552124,
            0.9150010943412781,
            -1.5709973573684692,
            -1.5710002183914185,
            0.04999987408518791,
            0.04999990016222,
            0.04999990016222,
            0.04999993368983269
        ],
        "joint_vel": [
            -0.00010315040708519518,
            -5.2425137255340815e-05,
            -0.0009281939128413796,
            -1.2819888070225716e-05,
            7.172723417170346e-05,
            -9.275977936340496e-05,
            0.0007566514541395009,
            -0.0006691747112199664,
            6.933467375347391e-06,
            0.0007914201123639941,
            0.000576175341848284,
            0.0003627307014539838,
            -0.0014891207683831453,
            0.0014005349949002266,
            -0.00025026086950674653,
            0.0002990413922816515,
            0.0008748340187594295,
            0.0005160688306204975,
            -0.0011181619483977556,
            0.0009978575399145484,
            -0.0007852992857806385,
            -0.0005265088402666152,
            3.099877721979283e-05,
            1.636180968489498e-07,
            -8.582557711633854e-06,
            1.6126841728691943e-05
        ],
        "controllers": {
            "base": {
                "goal_is_valid": true,
                "goal": {
                    "target": [
                        0.0,
                        0.0,
                        0.0
                    ]
                }
            },
            "trunk": {
                "goal_is_valid": true,
                "goal": {
                    "target": [
                        -7.039529009489343e-05,
                        -0.00026066001737490296,
                        0.00011165621981490403,
                        3.365078327988158e-06
                    ]
                }
            },
            "arm_left": {
                "goal_is_valid": true,
                "goal": {
                    "target_pos": [
                        0.5446209907531738,
                        0.39684832096099854,
                        1.446784496307373
                    ],
                    "target_ori_mat": [
                        [
                            -0.00677800178527832,
                            4.6179513446986675e-05,
                            0.9999769330024719
                        ],
                        [
                            0.0031177042983472347,
                            -0.9999949932098389,
                            6.731296889483929e-05
                        ],
                        [
                            0.9999720454216003,
                            0.0031180891674011946,
                            0.006778061389923096
                        ]
                    ]
                },
                "control_filter": {
                    "past_samples": [
                        [
                            -7.954916327435058e-06,
                            1.9060002565383911,
                            -0.9910002946853638,
                            1.5709980726242065,
                            0.9150002002716064,
                            -1.570997714996338
                        ],
                        [
                            -6.954000127734616e-06,
                            1.9059994220733643,
                            -0.9909987449645996,
                            1.5709996223449707,
                            0.9150019288063049,
                            -1.5709985494613647
                        ]
                    ],
                    "current_idx": 1,
                    "fully_filled": true
                }
            },
            "gripper_left": {
                "goal_is_valid": true,
                "goal": {
                    "target": [
                        1.0
                    ]
                },
                "vel_filter": {
                    "past_samples": [
                        [
                            6.7055220824840944e-06,
                            1.3411043937594513e-06
                        ],
                        [
                            -4.917382739222376e-06,
                            4.4703480739372026e-07
                        ],
                        [
                            -2.235173951703473e-06,
                            3.1292436233343324e-06
                        ],
                        [
                            2.235173951703473e-06,
                            -1.3411043937594513e-06
                        ],
                        [
                            -1.788139229574881e-06,
                            -4.023313522338867e-06
                        ]
                    ],
                    "current_idx": 4,
                    "fully_filled": true
                }
            },
            "arm_right": {
                "goal_is_valid": true,
                "goal": {
                    "target_pos": [
                        0.5446248054504395,
                        -0.39683735370635986,
                        1.4439866542816162
                    ],
                    "target_ori_mat": [
                        [
                            0.005850017070770264,
                            -3.9280857890844345e-06,
                            0.9999828338623047
                        ],
                        [
                            -0.004663711413741112,
                            -0.9999890327453613,
                            2.335500903427601e-05
                        ],
                        [
                            0.9999719858169556,
                            -0.004663768224418163,
                            -0.0058498382568359375
                        ]
                    ]
                },
                "control_filter": {
                    "past_samples": [
                        [
                            3.595905582187697e-05,
                            1.906002402305603,
                            -0.9910023212432861,
                            1.5710015296936035,
                            0.9150006771087646,
                            -1.5710009336471558
                        ],
                        [
                            3.489160371827893e-05,
                            1.906003475189209,
                            -0.9910028576850891,
                            1.571000099182129,
                            0.9150002002716064,
                            -1.5709999799728394
                        ]
                    ],
                    "current_idx": 1,
                    "fully_filled": true
                }
            },
            "gripper_right": {
                "goal_is_valid": true,