{
    "agent.n.01_1": {
        "is_asleep": false,
        "root_link": {
            "pos": [
                -50.0,
                -50.0,
                -50.0
            ],
            "ori": [
                0.0,
                0.0,
                0.0,
                1.0
            ],
            "lin_vel": [
                0.0,
                0.0,
                0.0
            ],
            "ang_vel": [
                0.0,
                0.0,
                0.0
            ]
        },
        "joint_pos": [
            50.06359100341797,
            52.275794982910156,
            50.00376510620117,
            0.0051729860715568066,
            -0.008684447966516018,
            -1.5157853364944458,
            -7.002450729487464e-05,
            -0.0002596318954601884,
            0.0001116403000196442,
            3.874124104186194e-06,
            -7.763243047520518e-06,
            3.501892206259072e-05,
            1.9060012102127075,
            1.9060006141662598,
            -0.9909993410110474,
            -0.990999698638916,
            1.570999026298523,
            1.5709998607635498,
            0.9150017499923706,
            0.9150022864341736,
            -1.5709984302520752,
            -1.5710002183914185,
            0.0499999113380909,
            0.04999995604157448,
            0.049999870359897614,
            0.04999997466802597
        ],
        "joint_vel": [
            0.0001518030185252428,
            -1.6489520930917934e-05,
            -0.0012479450087994337,
            -0.0002979825367219746,
            -0.00028678320813924074,
            -2.0100213077967055e-05,
            0.0011148803168907762,
            -0.0006930342642590404,
            0.00034973578294739127,
            0.0008320562774315476,
            0.0007151031750254333,
            0.000587791670113802,
            -0.0021196426823735237,
            0.002016691491007805,
            -0.0004485685203690082,
            0.0004280653374735266,
            0.000974310445599258,
            0.0006949012749828398,
            -0.0011847042478621006,
            0.0011006257263943553,
            -0.0008266325457952917,
            -0.0006706056883558631,
            2.3493528715334833e-05,
            -7.393691703327931e-08,
            -2.0227162167429924e-09,
            1.691090983513277e-05
        ],
        "controllers": {
            "base": {
                "goal_is_valid": true,
                "goal": {
                    "target": [
                        0.0,
                        0.0,
                        0.0
                    ]
                }
            },
            "trunk": {
                "goal_is_valid": true,
                "goal": {
                    "target": [
                        -7.034315058263019e-05,
                        -0.0002605513436719775,
                        0.00011164543684571981,
                        3.3270541734964354e-06
                    ]
                }
            },
            "arm_left": {
                "goal_is_valid": true,
                "goal": {
                    "target_pos": [
                        0.5446213483810425,
                        0.3968484401702881,
                        1.446784496307373
                    ],
                    "target_ori_mat": [
                        [
                            -0.00677800178527832,
                            4.681514110416174e-05,
                            0.9999769926071167
                        ],
                        [
                            0.0031174542382359505,
                            -0.9999951124191284,
                            6.794661749154329e-05
                        ],
                        [
                            0.9999721050262451,
                            0.0031178430654108524,
                            0.0067778825759887695
                        ]
                    ]
                },
                "control_filter": {
                    "past_samples": [
                        [
                            -7.841425940569025e-06,
                            1.9060012102127075,
                            -0.9910003542900085,
                            1.570999264717102,
                            0.9150017499923706,
                            -1.570998191833496
                        ],
                        [
                            -7.560841822851216e-06,
                            1.906001091003418,
                            -0.9909994602203369,
                            1.5709997415542603,
                            0.9150020480155945,
                            -1.5709985494613647
                        ]
                    ],
                    "current_idx": 0,
                    "fully_filled": true
                }
            },
            "gripper_left": {
                "goal_is_valid": true,
                "goal": {
                    "target": [
                        1.0
                    ]
                },
                "vel_filter": {
                    "past_samples": [
                        [
                            1.3411043937594513e-06,
                            1.3411043937594513e-06
                        ],
                        [
                            -3.576278459149762e-06,
                            -2.6822087875189027e-06
                        ],
                        [
                            8.940696147874405e-07,
                            1.3411043937594513e-06
                        ],
                        [
                            8.940696147874405e-07,
                            0.0
                        ],
                        [
                            8.940696147874405e-07,
                            -4.4703480739372026e-07
                        ]
                    ],
                    "current_idx": 0,
                    "fully_filled": true
                }
            },
            "arm_right": {
                "goal_is_valid": true,
                "goal": {
                    "target_pos": [
                        0.5446251630783081,
                        -0.396837055683136,
                        1.443986415863037
                    ],
                    "target_ori_mat": [
                        [
                            0.005850315093994141,
                            -3.6137644201517105e-06,
                            0.9999828338623047
                        ],
                        [
                            -0.004663310945034027,
                            -0.9999890327453613,
                            2.3668399080634117e-05
                        ],
                        [
                            0.9999719858169556,
                            -0.004663369618356228,
                            -0.00585019588470459
                        ]
                    ]
                },
                "control_filter": {
                    "past_samples": [
                        [
                            3.5355329600861296e-05,
                            1.9060014486312866,
                            -0.990999698638916,
                            1.571000099182129,
                            0.9150020480155945,
                            -1.571000337600708
                        ],
                        [
                            3.470318188192323e-05,
                            1.9060015678405762,
                            -0.9910004734992981,
                            1.5709993839263916,
                            0.9150012731552124,
                            -1.5709995031356812
                        ]
                    ],
                    "current_idx": 0,
                    "fully_filled": true
                }
            },
            "gripper_right": {
                "goal_is_valid": true,