{
    "gym_shoe.n.01_1": {
        "is_asleep": true,
        "root_link": {
            "pos": [
                0.19732342660427094,
                3.0294125080108643,
                0.04840707778930664
            ],
            "ori": [
                0.0010035708546638489,
                -0.0033932116348296404,
                0.7882447242736816,
                0.6153517961502075
            ],
            "lin_vel": [
                0.0,
                0.0,
                0.0
            ],
            "ang_vel": [
                0.0,
                0.0,
                0.0
            ]
        },
        "non_kin": {}
    },
    "gym_shoe.n.01_2": {
        "is_asleep": true,
        "root_link": {
            "pos": [
                0.3338092267513275,
                6.237259387969971,
                0.050017908215522766
            ],
            "ori": [
                -5.587935447692871e-09,
                -6.51925802230835e-09,
                -0.4795829951763153,
                0.877496600151062
            ],
            "lin_vel": [
                0.0,
                0.0,
                0.0
            ],
            "ang_vel": [
                0.0,
                0.0,
                0.0
            ]
        },
        "non_kin": {}
    },
    "floor.n.01_1": {
        "is_asleep": false,
        "root_link": {
            "pos": [
                -0.2026587724685669,
                3.3603272438049316,
                -0.15000005066394806
            ],
            "ori": [
                0.0,
                0.0,
                0.0,
                1.0
            ]
        },
        "non_kin": {}
    },
    "sandal.n.01_1": {
        "is_asleep": true,
        "root_link": {
            "pos": [
                0.0909610390663147,
                5.065524578094482,
                0.03821739926934242
            ],
            "ori": [
                -0.0031045996583998203,
                0.005925317760556936,
                0.5408002138137817,
                0.841124415397644
            ],
            "lin_vel": [
                0.0,
                0.0,
                0.0
            ],
            "ang_vel": [
                0.0,
                0.0,
                0.0
            ]
        },
        "non_kin": {}
    },
    "sandal.n.01_2": {
        "is_asleep": true,
        "root_link": {
            "pos": [
                -0.05227247625589371,
                4.413535118103027,
                0.03822454437613487
            ],
            "ori": [
                -0.006417177617549896,
                0.0016105324029922485,
                0.9999498128890991,
                -0.007539026439189911
            ],
            "lin_vel": [
                0.0,
                0.0,
                0.0
            ],
            "ang_vel": [
                0.0,
                0.0,
                0.0
            ]
        },
        "non_kin": {}
    },
    "hallstand.n.01_1": {
        "is_asleep": false,
        "root_link": {
            "pos": [
                -1.1914749145507812,
                -0.2079654037952423,
                0.9663193225860596
            ],
            "ori": [
                0.0,
                0.0,
                0.0,
                1.0
            ]
        },
        "non_kin": {}
    },
    "robot_poses": {
        "R1Pro": [
            {
                "position": [
                    -0.1560211181640625,
                    2.361957550048828,
                    0.003765106201171875
                ],
                "orientation": [
                    0.0,
                    0.0,
                    0.20340755581855774,
                    0.9790941476821899
                ]
            }
        ],
        "Fetch": [
            {
                "position": [
                    0.24380305409431458,
                    0.9406974911689758,
                    0.0012933909893035889
                ],
                "orientation": [
                    0.0020122230052948,
                    -0.002162821590900421,
                    0.6811342239379883,
                    0.7321527004241943
                ]
            }
        ],
        "R1": [
            {
                "position": [
                    0.5302192568778992,
                    3.4609766006469727,
                    0.003765016794204712
                ],
                "orientation": [
                    0.0034619399812072515,
                    0.0036822855472564697,
                    0.32785147428512573,
                    0.9447158575057983
                ]
            }
        ],
        "Stretch": [
            {
                "position": [
                    -0.2823951542377472,
                    2.794341564178467,
                    -0.0007996708154678345
                ],
                "orientation": [
                    -0.0018734689801931381,
                    -0.0006833110237494111,
                    0.9394891858100891,
                    -0.3425731658935547
                ]
            }
        ],
        "Tiago": [
            {
                "position": [
                    -0.5516753792762756,
                    1.6583824157714844,
                    0.00034427642822265625
                ],
                "orientation": [
                    1.4154160510315705e-08,
                    7.251308176137172e-08,
                    -0.5455516576766968,
                    0.838077187538147
                ]
            }
        ]
    }
}