{
    "agent.n.01_1": {
        "is_asleep": false,
        "root_link": {
            "pos": [
                -50.0,
                -50.0,
                -50.0
            ],
            "ori": [
                0.0,
                0.0,
                0.0,
                1.0
            ],
            "lin_vel": [
                0.0,
                0.0,
                0.0
            ],
            "ang_vel": [
                0.0,
                0.0,
                0.0
            ]
        },
        "joint_pos": [
            50.208038330078125,
            52.293113708496094,
            50.00376510620117,
            0.009551738388836384,
            -0.0033082200679928064,
            -0.8155995011329651,
            -7.058159098960459e-05,
            -0.00026040285592898726,
            0.00011133680527564138,
            4.459116098587401e-06,
            -5.917660928389523e-06,
            3.4118427720386535e-05,
            1.9060022830963135,
            1.9060035943984985,
            -0.9910011291503906,
            -0.9910046458244324,
            1.5710008144378662,
            1.5709998607635498,
            0.9150012731552124,
            0.9150004386901855,
            -1.5709984302520752,
            -1.5709995031356812,
            0.049999915063381195,
            0.04999997466802597,
            0.0499999113380909,
            0.04999999329447746
        ],
        "joint_vel": [
            5.295149821904488e-05,
            4.5631320972461253e-05,
            -0.0010945918038487434,
            -6.50533547741361e-05,
            2.968857006635517e-05,
            0.000191408209502697,
            0.0003726485010702163,
            -0.0002738402981776744,
            0.0002155715337721631,
            0.000773885753005743,
            0.000230044373893179,
            0.00033107094350270927,
            -0.0008836700581014156,
            0.000682651239912957,
            -3.428378840908408e-05,
            0.00014295626897364855,
            0.00033681897912174463,
            0.0005335506284609437,
            -0.0007130304584279656,
            0.0006216605543158948,
            -0.00038322730688378215,
            -0.00047129474114626646,
            2.6983268980984576e-05,
            -1.650687863730127e-06,
            -1.7661162701188005e-06,
            7.399389687634539e-06
        ],
        "controllers": {
            "base": {
                "goal_is_valid": true,
                "goal": {
                    "target": [
                        0.0,
                        0.0,
                        0.0
                    ]
                }
            },
            "trunk": {
                "goal_is_valid": true,
                "goal": {
                    "target": [
                        -7.043614459689707e-05,
                        -0.000260745087871328,
                        0.00011166426702402532,
                        3.3598512345633935e-06
                    ]
                }
            },
            "arm_left": {
                "goal_is_valid": true,
                "goal": {
                    "target_pos": [
                        0.5446212291717529,
                        0.39684832096099854,
                        1.446784257888794
                    ],
                    "target_ori_mat": [
                        [
                            -0.006778359413146973,
                            4.6661123633384705e-05,
                            0.9999771118164062
                        ],
                        [
                            0.003117574844509363,
                            -0.999995231628418,
                            6.779422983527184e-05
                        ],
                        [
                            0.9999722242355347,
                            0.0031179627403616905,
                            0.006778061389923096
                        ]
                    ]
                },
                "control_filter": {
                    "past_samples": [
                        [
                            -5.5911982599354815e-06,
                            1.906002402305603,
                            -0.9910019040107727,
                            1.5710012912750244,
                            0.9150016903877258,
                            -1.5709995031356812
                        ],
                        [
                            -6.151158686407143e-06,
                            1.9060018062591553,
                            -0.9910023212432861,
                            1.5710008144378662,
                            0.9150009155273438,
                            -1.5709991455078125
                        ]
                    ],
                    "current_idx": 0,
                    "fully_filled": true
                }
            },
            "gripper_left": {
                "goal_is_valid": true,
                "goal": {
                    "target": [
                        1.0
                    ]
                },
                "vel_filter": {
                    "past_samples": [
                        [
                            3.576278459149762e-06,
                            4.4703480739372026e-07
                        ],
                        [
                            -5.811452410853235e-06,
                            -1.3411043937594513e-06
                        ],
                        [
                            2.6822087875189027e-06,
                            1.3411043937594513e-06
                        ],
                        [
                            -3.1292436233343324e-06,
                            1.788139229574881e-06
                        ],
                        [
                            5.811452410853235e-06,
                            -3.1292436233343324e-06
                        ]
                    ],
                    "current_idx": 0,
                    "fully_filled": true
                }
            },
            "arm_right": {
                "goal_is_valid": true,
                "goal": {
                    "target_pos": [
                        0.5446248650550842,
                        -0.3968369960784912,
                        1.443986415863037
                    ],
                    "target_ori_mat": [
                        [
                            0.0058501362800598145,
                            -3.832625225186348e-06,
                            0.9999827742576599
                        ],
                        [
                            -0.004663224332034588,
                            -0.9999889135360718,
                            2.3448141291737556e-05
                        ],
                        [
                            0.9999719262123108,
                            -0.004663282074034214,
                            -0.0058498382568359375
                        ]
                    ]
                },
                "control_filter": {
                    "past_samples": [
                        [
                            3.414293678360991e-05,
                            1.9060044288635254,
                            -0.9910045266151428,
                            1.5709995031356812,
                            0.9149997234344482,
                            -1.5709998607635498
                        ],
                        [
                            3.427464980632067e-05,
                            1.906004548072815,
                            -0.9910044074058533,
                            1.5709999799728394,
                            0.9149999618530273,
                            -1.5710002183914185
                        ]
                    ],
                    "current_idx": 0,
                    "fully_filled": true
                }
            },