{
    "agent.n.01_1": {
        "is_asleep": false,
        "root_link": {
            "pos": [
                -50.0,
                -50.0,
                -50.0
            ],
            "ori": [
                0.0,
                0.0,
                0.0,
                1.0
            ],
            "lin_vel": [
                0.0,
                0.0,
                0.0
            ],
            "ang_vel": [
                0.0,
                0.0,
                0.0
            ]
        },
        "joint_pos": [
            50.0694694519043,
            55.757484436035156,
            50.00376510620117,
            -0.005150601267814636,
            0.008697531186044216,
            1.6232305765151978,
            -6.998300523264334e-05,
            -0.0002599183935672045,
            0.00011167745833517984,
            3.981810095865512e-06,
            -7.247698704304639e-06,
            3.5124616260873154e-05,
            1.9059998989105225,
            1.9060009717941284,
            -0.9909964799880981,
            -0.9910013675689697,
            1.5709991455078125,
            1.5709999799728394,
            0.9150032997131348,
            0.9150007367134094,
            -1.5709984302520752,
            -1.5709996223449707,
            0.049999915063381195,
            0.04999995604157448,
            0.04999988526105881,
            0.049999967217445374
        ],
        "joint_vel": [
            -0.00021313829347491264,
            1.5560202882625163e-05,
            -0.0010904873488470912,
            0.00035104743437841535,
            0.00023211821098811924,
            2.622269676066935e-05,
            0.0011436680797487497,
            -0.0004929276183247566,
            0.00027649756520986557,
            0.0008014460909180343,
            0.0006945453933440149,
            0.0005225952481850982,
            -0.001963562099263072,
            0.0017662292812019587,
            -0.0003363416763022542,
            0.0004462915239855647,
            0.0010138015495613217,
            0.0006668590358458459,
            -0.0010900255292654037,
            0.0010542783420532942,
            -0.000842906127218157,
            -0.0006731273024342954,
            2.2836953576188534e-05,
            -1.0338749234506395e-07,
            5.091077582619619e-06,
            1.3806027709506452e-05
        ],
        "controllers": {
            "base": {
                "goal_is_valid": true,
                "goal": {
                    "target": [
                        0.0,
                        0.0,
                        0.0
                    ]
                }
            },
            "trunk": {
                "goal_is_valid": true,
                "goal": {
                    "target": [
                        -7.034298323560506e-05,
                        -0.0002605502959340811,
                        0.00011164505121996626,
                        3.326639443912427e-06
                    ]
                }
            },
            "arm_left": {
                "goal_is_valid": true,
                "goal": {
                    "target_pos": [
                        0.544621467590332,
                        0.39684823155403137,
                        1.446784257888794
                    ],
                    "target_ori_mat": [
                        [
                            -0.006778120994567871,
                            4.655006341636181e-05,
                            0.9999771118164062
                        ],
                        [
                            0.003117493586614728,
                            -0.999995231628418,
                            6.76821218803525e-05
                        ],
                        [
                            0.9999722242355347,
                            0.0031178807839751244,
                            0.0067778825759887695
                        ]
                    ]
                },
                "control_filter": {
                    "past_samples": [
                        [
                            -6.9806228566449136e-06,
                            1.9059996604919434,
                            -0.9909973740577698,
                            1.571000576019287,
                            0.9150034189224243,
                            -1.5709986686706543
                        ],
                        [
                            -7.28563964003115e-06,
                            1.9059994220733643,
                            -0.9909967184066772,
                            1.5709998607635498,
                            0.9150035381317139,
                            -1.5709984302520752
                        ]
                    ],
                    "current_idx": 0,
                    "fully_filled": true
                }
            },
            "gripper_left": {
                "goal_is_valid": true,
                "goal": {
                    "target": [
                        1.0
                    ]
                },
                "vel_filter": {
                    "past_samples": [
                        [
                            1.3411043937594513e-06,
                            2.235173951703473e-06
                        ],
                        [
                            -1.788139229574881e-06,
                            -1.3411043937594513e-06
                        ],
                        [
                            1.3411043937594513e-06,
                            1.3411043937594513e-06
                        ],
                        [
                            -4.4703480739372026e-07,
                            -1.3411043937594513e-06
                        ],
                        [
                            1.788139229574881e-06,
                            -3.576278459149762e-06
                        ]
                    ],
                    "current_idx": 0,
                    "fully_filled": true
                }
            },
            "arm_right": {
                "goal_is_valid": true,
                "goal": {
                    "target_pos": [
                        0.5446252822875977,
                        -0.3968373239040375,
                        1.443986415863037
                    ],
                    "target_ori_mat": [
                        [
                            0.0058501362800598145,
                            -3.81888821721077e-06,
                            0.9999829530715942
                        ],
                        [
                            -0.0046635279431939125,
                            -0.9999892711639404,
                            2.3464439436793327e-05
                        ],
                        [
                            0.9999721050262451,
                            -0.004663585685193539,
                            -0.00585019588470459
                        ]
                    ]
                },
                "control_filter": {
                    "past_samples": [
                        [
                            3.540261968737468e-05,
                            1.9060016870498657,
                            -0.9910011887550354,
                            1.5709999799728394,
                            0.9150004386901855,
                            -1.5709999799728394
                        ],
                        [
                            3.459037179709412e-05,
                            1.9060014486312866,
                            -0.9910010099411011,
                            1.570999026298523,
                            0.9150004982948303,
                            -1.5709993839263916
                        ]
                    ],
                    "current_idx": 0,
                    "fully_filled": true
                }
            },
            "gripper_right": {
                "goal_is_valid": true,