{
    "gym_shoe.n.01_1": {
        "is_asleep": true,
        "root_link": {
            "pos": [
                -0.2497902810573578,
                6.932029724121094,
                0.048407070338726044
            ],
            "ori": [
                0.001190338283777237,
                -0.0033323082607239485,
                0.8211777806282043,
                0.5706613659858704
            ],
            "lin_vel": [
                0.0,
                0.0,
                0.0
            ],
            "ang_vel": [
                0.0,
                0.0,
                0.0
            ]
        },
        "non_kin": {}
    },
    "gym_shoe.n.01_2": {
        "is_asleep": true,
        "root_link": {
            "pos": [
                0.3107401430606842,
                -0.30434638261795044,
                0.050017908215522766
            ],
            "ori": [
                2.2351741790771484e-08,
                2.6542693376541138e-08,
                0.9893238544464111,
                -0.14573423564434052
            ],
            "lin_vel": [
                0.0,
                0.0,
                0.0
            ],
            "ang_vel": [
                0.0,
                0.0,
                0.0
            ]
        },
        "non_kin": {}
    },
    "floor.n.01_1": {
        "is_asleep": false,
        "root_link": {
            "pos": [
                -0.2026587724685669,
                3.3603272438049316,
                -0.15000005066394806
            ],
            "ori": [
                0.0,
                0.0,
                0.0,
                1.0
            ]
        },
        "non_kin": {}
    },
    "sandal.n.01_1": {
        "is_asleep": true,
        "root_link": {
            "pos": [
                -0.4735841751098633,
                1.28357994556427,
                0.038217391818761826
            ],
            "ori": [
                0.0032412405125796795,
                0.005851678550243378,
                -0.4050695300102234,
                0.9142614603042603
            ],
            "lin_vel": [
                0.0,
                0.0,
                0.0
            ],
            "ang_vel": [
                0.0,
                0.0,
                0.0
            ]
        },
        "non_kin": {}
    },
    "sandal.n.01_2": {
        "is_asleep": false,
        "root_link": {
            "pos": [
                -0.23182949423789978,
                1.3290019035339355,
                0.03822378069162369
            ],
            "ori": [
                -0.005282260477542877,
                0.0039741648361086845,
                0.9243124127388,
                0.3815799653530121
            ],
            "lin_vel": [
                -8.332894907425725e-08,
                -3.94572694517592e-08,
                -1.1027275093056232e-08
            ],
            "ang_vel": [
                6.763581268387497e-07,
                -7.12974326688709e-07,
                -3.6401405623109895e-07
            ]
        },
        "non_kin": {}
    },
    "hallstand.n.01_1": {
        "is_asleep": false,
        "root_link": {
            "pos": [
                -1.1914749145507812,
                -0.2079654037952423,
                0.9663193225860596
            ],
            "ori": [
                0.0,
                0.0,
                0.0,
                1.0
            ]
        },
        "non_kin": {}
    },
    "robot_poses": {
        "R1Pro": [
            {
                "position": [
                    0.5848617553710938,
                    3.222553253173828,
                    0.003765106201171875
                ],
                "orientation": [
                    0.0,
                    0.0,
                    -0.8883164525032043,
                    0.45923182368278503
                ]
            }
        ],
        "Fetch": [
            {
                "position": [
                    0.11418940871953964,
                    5.604204177856445,
                    0.0012933611869812012
                ],
                "orientation": [
                    0.0027700960636138916,
                    0.001025218516588211,
                    0.9378020763397217,
                    -0.3471580743789673
                ]
            }
        ],
        "R1": [
            {
                "position": [
                    -0.18898078799247742,
                    4.192493438720703,
                    0.003765195608139038
                ],
                "orientation": [
                    0.004084127955138683,
                    0.00297728949226439,
                    0.14717184007167816,
                    0.989098072052002
                ]
            }
        ],
        "Stretch": [
            {
                "position": [
                    -0.26818937063217163,
                    -0.8685588836669922,
                    -0.0008007138967514038
                ],
                "orientation": [
                    0.0013506878167390823,
                    0.0014709469396620989,
                    -0.6775914430618286,
                    0.735435962677002
                ]
            }
        ],
        "Tiago": [
            {
                "position": [
                    -0.046743158251047134,
                    -0.018846988677978516,
                    0.00034427642822265625
                ],
                "orientation": [
                    7.491764364431219e-08,
                    2.285437794569134e-08,
                    -0.40801140666007996,
                    0.912976861000061
                ]
            }
        ]
    }
}