{
    "gym_shoe.n.01_1": {
        "is_asleep": true,
        "root_link": {
            "pos": [
                -0.014378891326487064,
                2.942201614379883,
                0.04840705543756485
            ],
            "ori": [
                -0.0018880702555179596,
                -0.0029927692376077175,
                0.05755743384361267,
                0.9983360171318054
            ],
            "lin_vel": [
                0.0,
                0.0,
                0.0
            ],
            "ang_vel": [
                0.0,
                0.0,
                0.0
            ]
        },
        "non_kin": {}
    },
    "gym_shoe.n.01_2": {
        "is_asleep": true,
        "root_link": {
            "pos": [
                0.321981281042099,
                2.9743456840515137,
                0.050017934292554855
            ],
            "ori": [
                -3.725290298461914e-09,
                -1.257285475730896e-08,
                -0.7816466689109802,
                0.6237213611602783
            ],
            "lin_vel": [
                0.0,
                0.0,
                0.0
            ],
            "ang_vel": [
                0.0,
                0.0,
                0.0
            ]
        },
        "non_kin": {}
    },
    "floor.n.01_1": {
        "is_asleep": false,
        "root_link": {
            "pos": [
                -0.2026587724685669,
                3.3603272438049316,
                -0.15000005066394806
            ],
            "ori": [
                0.0,
                0.0,
                0.0,
                1.0
            ]
        },
        "non_kin": {}
    },
    "sandal.n.01_1": {
        "is_asleep": true,
        "root_link": {
            "pos": [
                0.17179371416568756,
                3.3562076091766357,
                0.03821740299463272
            ],
            "ori": [
                -0.006512986496090889,
                -0.001525969011709094,
                0.9495548605918884,
                -0.31352996826171875
            ],
            "lin_vel": [
                0.0,
                0.0,
                0.0
            ],
            "ang_vel": [
                0.0,
                0.0,
                0.0
            ]
        },
        "non_kin": {}
    },
    "sandal.n.01_2": {
        "is_asleep": true,
        "root_link": {
            "pos": [
                -0.7911631464958191,
                1.1019071340560913,
                0.03822456672787666
            ],
            "ori": [
                0.0029410449787974358,
                0.005926803685724735,
                -0.205654114484787,
                0.9786025285720825
            ],
            "lin_vel": [
                0.0,
                0.0,
                0.0
            ],
            "ang_vel": [
                0.0,
                0.0,
                0.0
            ]
        },
        "non_kin": {}
    },
    "hallstand.n.01_1": {
        "is_asleep": false,
        "root_link": {
            "pos": [
                -1.1914749145507812,
                -0.2079654037952423,
                0.9663193225860596
            ],
            "ori": [
                0.0,
                0.0,
                0.0,
                1.0
            ]
        },
        "non_kin": {}
    },
    "robot_poses": {
        "R1Pro": [
            {
                "position": [
                    0.21869659423828125,
                    1.9364166259765625,
                    0.003765106201171875
                ],
                "orientation": [
                    0.0,
                    0.0,
                    0.9999958872795105,
                    0.0028774261008948088
                ]
            }
        ],
        "Fetch": [
            {
                "position": [
                    -0.3531448245048523,
                    1.6713687181472778,
                    0.0012931227684020996
                ],
                "orientation": [
                    0.0029205679893493652,
                    0.00043409503996372223,
                    0.9891188144683838,
                    -0.1470898687839508
                ]
            }
        ],
        "R1": [
            {
                "position": [
                    -0.14867845177650452,
                    4.807483196258545,
                    0.003765106201171875
                ],
                "orientation": [
                    0.004434827249497175,
                    0.0024240354541689157,
                    0.018042055889964104,
                    0.9998245239257812
                ]
            }
        ],
        "Stretch": [
            {
                "position": [
                    -0.02018660306930542,
                    7.022815704345703,
                    -0.0007999390363693237
                ],
                "orientation": [
                    0.00015485892072319984,
                    0.00199025752954185,
                    -0.07838163524866104,
                    0.9969214797019958
                ]
            }
        ],
        "Tiago": [
            {
                "position": [
                    0.014014259912073612,
                    6.131408214569092,
                    0.00034427642822265625
                ],
                "orientation": [
                    -5.881702236365527e-08,
                    5.32669844233169e-07,
                    -0.01693081483244896,
                    0.9998567700386047
                ]
            }
        ]
    }
}