{
    "gym_shoe.n.01_1": {
        "is_asleep": true,
        "root_link": {
            "pos": [
                0.42272481322288513,
                5.443692684173584,
                0.048407070338726044
            ],
            "ori": [
                -0.0034996196627616882,
                -0.000523627270013094,
                -0.7186633944511414,
                0.6953490972518921
            ],
            "lin_vel": [
                0.0,
                0.0,
                0.0
            ],
            "ang_vel": [
                0.0,
                0.0,
                0.0
            ]
        },
        "non_kin": {}
    },
    "gym_shoe.n.01_2": {
        "is_asleep": true,
        "root_link": {
            "pos": [
                -0.09780949354171753,
                6.982306957244873,
                0.05001792684197426
            ],
            "ori": [
                -2.2351741790771484e-08,
                1.1175870895385742e-08,
                -0.42970892786979675,
                0.9029675126075745
            ],
            "lin_vel": [
                0.0,
                0.0,
                0.0
            ],
            "ang_vel": [
                0.0,
                0.0,
                0.0
            ]
        },
        "non_kin": {}
    },
    "floor.n.01_1": {
        "is_asleep": false,
        "root_link": {
            "pos": [
                -0.2026587724685669,
                3.3603272438049316,
                -0.15000005066394806
            ],
            "ori": [
                0.0,
                0.0,
                0.0,
                1.0
            ]
        },
        "non_kin": {}
    },
    "sandal.n.01_1": {
        "is_asleep": true,
        "root_link": {
            "pos": [
                0.26400262117385864,
                5.234463214874268,
                0.038217391818761826
            ],
            "ori": [
                0.006032126024365425,
                0.002891707932576537,
                -0.8598417043685913,
                0.5105169415473938
            ],
            "lin_vel": [
                0.0,
                0.0,
                0.0
            ],
            "ang_vel": [
                0.0,
                0.0,
                0.0
            ]
        },
        "non_kin": {}
    },
    "sandal.n.01_2": {
        "is_asleep": false,
        "root_link": {
            "pos": [
                -0.08599500358104706,
                1.338687539100647,
                0.03822404891252518
            ],
            "ori": [
                0.0035194922238588333,
                0.005597930867224932,
                -0.3029636740684509,
                0.952979326248169
            ],
            "lin_vel": [
                4.174849891569465e-06,
                1.1481498404464219e-05,
                -1.8515137298891204e-06
            ],
            "ang_vel": [
                -0.0002207468351116404,
                7.766580529278144e-05,
                -1.5501191228395328e-05
            ]
        },
        "non_kin": {}
    },
    "hallstand.n.01_1": {
        "is_asleep": false,
        "root_link": {
            "pos": [
                -1.1914749145507812,
                -0.2079654037952423,
                0.9663193225860596
            ],
            "ori": [
                0.0,
                0.0,
                0.0,
                1.0
            ]
        },
        "non_kin": {}
    },
    "robot_poses": {
        "R1Pro": [
            {
                "position": [
                    0.2654685974121094,
                    3.247997283935547,
                    0.003765106201171875
                ],
                "orientation": [
                    0.0,
                    0.0,
                    -0.4388780891895294,
                    0.8985466361045837
                ]
            }
        ],
        "Fetch": [
            {
                "position": [
                    0.10452322661876678,
                    4.272651195526123,
                    0.0012933611869812012
                ],
                "orientation": [
                    0.0027480274438858032,
                    -0.0010880772024393082,
                    0.9298191070556641,
                    0.3680049180984497
                ]
            }
        ],
        "R1": [
            {
                "position": [
                    0.10802757740020752,
                    2.9144225120544434,
                    0.003765001893043518
                ],
                "orientation": [
                    0.0028723590075969696,
                    -0.004158256109803915,
                    -0.9925112724304199,
                    0.12204957008361816
                ]
            }
        ],
        "Stretch": [
            {
                "position": [
                    0.08625443279743195,
                    6.181896686553955,
                    -0.0007996261119842529
                ],
                "orientation": [
                    0.0005472777411341667,
                    0.0019178857328370214,
                    -0.2744313180446625,
                    0.9616047143936157
                ]
            }
        ],
        "Tiago": [
            {
                "position": [
                    0.005266396328806877,
                    -0.26674699783325195,
                    0.00034427642822265625
                ],
                "orientation": [
                    2.0662433541929204e-08,
                    -3.2739059463438025e-08,
                    0.6378496885299683,
                    0.7701608538627625
                ]
            }
        ]
    }
}