{
    "radio_receiver.n.01_1": {
        "is_asleep": false,
        "root_link": {
            "pos": [
                3.352945327758789,
                5.874160289764404,
                0.53420490026474
            ],
            "ori": [
                0.023102717474102974,
                0.012574652209877968,
                0.9651044607162476,
                -0.2605419158935547
            ],
            "lin_vel": [
                0.00025460647884756327,
                -0.00019298485131002963,
                -5.097997564007528e-05
            ],
            "ang_vel": [
                0.0013142515672370791,
                -0.001133055193349719,
                -0.0003564655489753932
            ]
        },
        "non_kin": {
            "ToggledOn": {
                "value": false,
                "hand_in_marker_steps": 0
            }
        }
    },
    "table.n.02_1": {
        "is_asleep": false,
        "root_link": {
            "pos": [
                3.519834280014038,
                5.290391445159912,
                0.364634245634079
            ],
            "ori": [
                3.0233916277211392e-06,
                2.4051427317317575e-05,
                -6.29526084594545e-08,
                1.000000238418579
            ],
            "lin_vel": [
                1.0688920156098902e-05,
                -1.699312633718364e-05,
                -3.6300636566011235e-05
            ],
            "ang_vel": [
                1.6194680938497186e-05,
                -2.1641953935613856e-05,
                -1.9239123503211886e-05
            ]
        },
        "non_kin": {}
    },
    "floor.n.01_1": {
        "is_asleep": false,
        "root_link": {
            "pos": [
                3.866909980773926,
                5.666343688964844,
                -0.15000006556510925
            ],
            "ori": [
                0.0,
                0.0,
                0.0,
                1.0
            ]
        },
        "non_kin": {}
    },
    "robot_poses": {
        "R1Pro": [
            {
                "position": [
                    4.71466064453125,
                    4.422809600830078,
                    0.003765106201171875
                ],
                "orientation": [
                    0.0,
                    0.0,
                    0.46832844614982605,
                    0.8835544586181641
                ]
            }
        ],
        "Fetch": [
            {
                "position": [
                    4.900595188140869,
                    6.424468994140625,
                    0.0012932419776916504
                ],
                "orientation": [
                    0.0016707777976989746,
                    -0.002436642535030842,
                    0.565595269203186,
                    0.8246776461601257
                ]
            }
        ],
        "R1": [
            {
                "position": [
                    4.471946716308594,
                    6.636542797088623,
                    0.003765106201171875
                ],
                "orientation": [
                    0.0033137458376586437,
                    0.0038159643299877644,
                    0.36492636799812317,
                    0.9310227632522583
                ]
            }
        ],
        "Stretch": [
            {
                "position": [
                    2.783895254135132,
                    5.549569606781006,
                    -0.0007994323968887329
                ],
                "orientation": [
                    -0.0019930433481931686,
                    -7.761758024571463e-05,
                    0.9992319941520691,
                    -0.03913550078868866
                ]
            }
        ],
        "Tiago": [
            {
                "position": [
                    4.871829032897949,
                    4.936412811279297,
                    0.00034427642822265625
                ],
                "orientation": [
                    -3.0479796464533138e-09,
                    3.6539233860821696e-09,
                    0.6514015793800354,
                    0.7587331533432007
                ]
            }
        ]
    }
}