{
    "radio_receiver.n.01_1": {
        "is_asleep": true,
        "root_link": {
            "pos": [
                3.7198879718780518,
                5.6363067626953125,
                0.5341354608535767
            ],
            "ori": [
                0.010507894679903984,
                -0.024229228496551514,
                0.16578635573387146,
                0.9858080744743347
            ],
            "lin_vel": [
                0.0,
                0.0,
                0.0
            ],
            "ang_vel": [
                0.0,
                0.0,
                0.0
            ]
        },
        "non_kin": {
            "ToggledOn": {
                "value": false,
                "hand_in_marker_steps": 0
            }
        }
    },
    "table.n.02_1": {
        "is_asleep": true,
        "root_link": {
            "pos": [
                3.519834280014038,
                5.290391445159912,
                0.364634245634079
            ],
            "ori": [
                3.0233916277211392e-06,
                2.4051427317317575e-05,
                -6.29526084594545e-08,
                1.000000238418579
            ],
            "lin_vel": [
                0.0,
                0.0,
                0.0
            ],
            "ang_vel": [
                0.0,
                0.0,
                0.0
            ]
        },
        "non_kin": {}
    },
    "floor.n.01_1": {
        "is_asleep": false,
        "root_link": {
            "pos": [
                3.866909980773926,
                5.666343688964844,
                -0.15000006556510925
            ],
            "ori": [
                0.0,
                0.0,
                0.0,
                1.0
            ]
        },
        "non_kin": {}
    },
    "robot_poses": {
        "R1Pro": [
            {
                "position": [
                    4.543556213378906,
                    3.957538604736328,
                    0.003765106201171875
                ],
                "orientation": [
                    0.0,
                    0.0,
                    -0.9940450191497803,
                    0.10897014290094376
                ]
            }
        ],
        "Fetch": [
            {
                "position": [
                    4.456458568572998,
                    6.584083557128906,
                    0.001293271780014038
                ],
                "orientation": [
                    -0.0014069229364395142,
                    -0.0025974316522479057,
                    -0.4761962592601776,
                    0.8793340921401978
                ]
            }
        ],
        "R1": [
            {
                "position": [
                    4.650683879852295,
                    4.152092456817627,
                    0.003765106201171875
                ],
                "orientation": [
                    0.0045411656610667706,
                    0.002218215959146619,
                    -0.027772828936576843,
                    0.9996015429496765
                ]
            }
        ],
        "Stretch": [
            {
                "position": [
                    4.328744888305664,
                    7.170000076293945,
                    -0.0007996261119842529
                ],
                "orientation": [
                    0.0002737068571150303,
                    0.001975587336346507,
                    -0.13719405233860016,
                    0.9905422925949097
                ]
            }
        ],
        "Tiago": [
            {
                "position": [
                    5.023623466491699,
                    4.63002347946167,
                    0.00034427642822265625
                ],
                "orientation": [
                    2.987302138990344e-08,
                    1.3495484729730833e-08,
                    -0.3715803623199463,
                    0.9284008145332336
                ]
            }
        ]
    }
}