{
    "radio_receiver.n.01_1": {
        "is_asleep": false,
        "root_link": {
            "pos": [
                3.706437826156616,
                5.26989221572876,
                0.5340515375137329
            ],
            "ori": [
                0.024515198543667793,
                -0.010110205039381981,
                0.8090254068374634,
                0.5871756672859192
            ],
            "lin_vel": [
                -7.941488729557022e-05,
                -8.573981176596135e-05,
                -0.000138182207592763
            ],
            "ang_vel": [
                0.006700512487441301,
                0.002754358807578683,
                0.000651861191727221
            ]
        },
        "non_kin": {
            "ToggledOn": {
                "value": false,
                "hand_in_marker_steps": 0
            }
        }
    },
    "table.n.02_1": {
        "is_asleep": false,
        "root_link": {
            "pos": [
                3.519834280014038,
                5.290391445159912,
                0.364634245634079
            ],
            "ori": [
                3.0233916277211392e-06,
                2.4051427317317575e-05,
                -6.29526084594545e-08,
                1.000000238418579
            ],
            "lin_vel": [
                -0.00011703530617523938,
                -0.00016432430129498243,
                -3.087536242674105e-05
            ],
            "ang_vel": [
                3.359021502546966e-05,
                7.513194577768445e-05,
                -2.1544183255173266e-05
            ]
        },
        "non_kin": {}
    },
    "floor.n.01_1": {
        "is_asleep": false,
        "root_link": {
            "pos": [
                3.866909980773926,
                5.666343688964844,
                -0.15000006556510925
            ],
            "ori": [
                0.0,
                0.0,
                0.0,
                1.0
            ]
        },
        "non_kin": {}
    },
    "robot_poses": {
        "R1Pro": [
            {
                "position": [
                    5.307888031005859,
                    4.832454681396484,
                    0.003765106201171875
                ],
                "orientation": [
                    0.0,
                    0.0,
                    -0.7180727124214172,
                    0.6959680914878845
                ]
            }
        ],
        "Fetch": [
            {
                "position": [
                    4.394970417022705,
                    5.744853973388672,
                    0.001293182373046875
                ],
                "orientation": [
                    -0.0019283592700958252,
                    -0.00224248506128788,
                    -0.6518966555595398,
                    0.7583021521568298
                ]
            }
        ],
        "R1": [
            {
                "position": [
                    4.7688822746276855,
                    4.964837074279785,
                    0.003765106201171875
                ],
                "orientation": [
                    0.00362514890730381,
                    -0.0035217327531427145,
                    -0.9499579668045044,
                    0.31233692169189453
                ]
            }
        ],
        "Stretch": [
            {
                "position": [
                    4.597371578216553,
                    4.4112396240234375,
                    -0.0007994771003723145
                ],
                "orientation": [
                    0.00037986040115356445,
                    0.001957884756848216,
                    -0.19042785465717316,
                    0.9816992282867432
                ]
            }
        ],
        "Tiago": [
            {
                "position": [
                    4.872363567352295,
                    6.339323043823242,
                    0.00034427642822265625
                ],
                "orientation": [
                    2.6557213317346395e-08,
                    2.1739802846809653e-08,
                    0.8988391757011414,
                    0.43827858567237854
                ]
            }
        ]
    }
}