{
    "radio_receiver.n.01_1": {
        "is_asleep": true,
        "root_link": {
            "pos": [
                3.558279037475586,
                6.009225368499756,
                0.5342279672622681
            ],
            "ori": [
                0.022884564474225044,
                -0.013330128975212574,
                0.7208941578865051,
                0.6925394535064697
            ],
            "lin_vel": [
                0.0,
                0.0,
                0.0
            ],
            "ang_vel": [
                0.0,
                0.0,
                0.0
            ]
        },
        "non_kin": {
            "ToggledOn": {
                "value": false,
                "hand_in_marker_steps": 0
            }
        }
    },
    "table.n.02_1": {
        "is_asleep": true,
        "root_link": {
            "pos": [
                3.51981520652771,
                5.290390491485596,
                0.36463406682014465
            ],
            "ori": [
                3.0788444291829364e-06,
                2.4103701434796676e-05,
                -9.675039109424688e-06,
                1.0000001192092896
            ],
            "lin_vel": [
                0.0,
                0.0,
                0.0
            ],
            "ang_vel": [
                0.0,
                0.0,
                0.0
            ]
        },
        "non_kin": {}
    },
    "floor.n.01_1": {
        "is_asleep": false,
        "root_link": {
            "pos": [
                3.866909980773926,
                5.666343688964844,
                -0.15000006556510925
            ],
            "ori": [
                0.0,
                0.0,
                0.0,
                1.0
            ]
        },
        "non_kin": {}
    },
    "robot_poses": {
        "R1Pro": [
            {
                "position": [
                    4.5078582763671875,
                    4.037227630615234,
                    0.003765106201171875
                ],
                "orientation": [
                    0.0,
                    0.0,
                    0.9955288171768188,
                    0.09445805102586746
                ]
            }
        ],
        "Fetch": [
            {
                "position": [
                    4.98685359954834,
                    3.7060582637786865,
                    0.0012930631637573242
                ],
                "orientation": [
                    0.0022779852151870728,
                    -0.0018817968666553497,
                    0.7710551619529724,
                    0.6367616057395935
                ]
            }
        ],
        "R1": [
            {
                "position": [
                    4.536651611328125,
                    6.6436285972595215,
                    0.003765106201171875
                ],
                "orientation": [
                    0.004498997703194618,
                    -0.0023030221927911043,
                    -0.8165105581283569,
                    0.5773084759712219
                ]
            }
        ],
        "Stretch": [
            {
                "position": [
                    4.625360012054443,
                    4.62862491607666,
                    -0.0007996410131454468
                ],
                "orientation": [
                    -0.00011660926975309849,
                    0.001991607015952468,
                    0.058572739362716675,
                    0.9982813000679016
                ]
            }
        ],
        "Tiago": [
            {
                "position": [
                    4.937403678894043,
                    5.585513591766357,
                    0.00034427642822265625
                ],
                "orientation": [
                    -6.6541581134060834e-09,
                    8.732534695354843e-08,
                    0.8796216249465942,
                    0.47567427158355713
                ]
            }
        ]
    }
}