{
    "radio_receiver.n.01_1": {
        "is_asleep": false,
        "root_link": {
            "pos": [
                3.541546583175659,
                4.655666351318359,
                0.5339159965515137
            ],
            "ori": [
                0.026127152144908905,
                -0.004131248686462641,
                0.9238527417182922,
                0.38183337450027466
            ],
            "lin_vel": [
                0.00013679460971616209,
                0.00014869804726913571,
                -2.4727836716920137e-05
            ],
            "ang_vel": [
                -0.0011728942627087235,
                5.371856241254136e-05,
                0.00018918931891676039
            ]
        },
        "non_kin": {
            "ToggledOn": {
                "value": false,
                "hand_in_marker_steps": 0
            }
        }
    },
    "table.n.02_1": {
        "is_asleep": false,
        "root_link": {
            "pos": [
                3.519834280014038,
                5.290391445159912,
                0.364634245634079
            ],
            "ori": [
                3.0233916277211392e-06,
                2.4051427317317575e-05,
                -6.29526084594545e-08,
                1.000000238418579
            ],
            "lin_vel": [
                2.6882737074629404e-05,
                2.2408662516681943e-06,
                -2.360913413212984e-06
            ],
            "ang_vel": [
                3.123587157460861e-05,
                2.173555185436271e-05,
                1.2911990779684857e-05
            ]
        },
        "non_kin": {}
    },
    "floor.n.01_1": {
        "is_asleep": false,
        "root_link": {
            "pos": [
                3.866909980773926,
                5.666343688964844,
                -0.15000006556510925
            ],
            "ori": [
                0.0,
                0.0,
                0.0,
                1.0
            ]
        },
        "non_kin": {}
    },
    "robot_poses": {
        "R1Pro": [
            {
                "position": [
                    4.087520599365234,
                    6.910758972167969,
                    0.003765106201171875
                ],
                "orientation": [
                    0.0,
                    0.0,
                    -0.6064366698265076,
                    0.7951318025588989
                ]
            }
        ],
        "Fetch": [
            {
                "position": [
                    4.7200822830200195,
                    6.853664398193359,
                    0.0012932121753692627
                ],
                "orientation": [
                    -0.0019006729125976562,
                    -0.002264787442982197,
                    -0.6427668929100037,
                    0.7660561800003052
                ]
            }
        ],
        "R1": [
            {
                "position": [
                    4.869826793670654,
                    4.434223175048828,
                    0.003765106201171875
                ],
                "orientation": [
                    -0.0022295694798231125,
                    0.004535831045359373,
                    0.9996656179428101,
                    0.025361502543091774
                ]
            }
        ],
        "Stretch": [
            {
                "position": [
                    5.28369665145874,
                    5.065993309020996,
                    -0.0007994771003723145
                ],
                "orientation": [
                    -0.001959117129445076,
                    0.0003731093311216682,
                    0.9823532700538635,
                    0.18702462315559387
                ]
            }
        ],
        "Tiago": [
            {
                "position": [
                    5.115813255310059,
                    5.102382183074951,
                    0.00034427642822265625
                ],
                "orientation": [
                    -9.200378059404102e-08,
                    -2.5915685597510674e-08,
                    0.9795459508895874,
                    0.20122113823890686
                ]
            }
        ]
    }
}