{
    "radio_receiver.n.01_1": {
        "is_asleep": true,
        "root_link": {
            "pos": [
                3.492739677429199,
                5.024075984954834,
                0.5340051651000977
            ],
            "ori": [
                0.0004929921124130487,
                -0.02633647248148918,
                -0.22173863649368286,
                0.9747506380081177
            ],
            "lin_vel": [
                0.0,
                0.0,
                0.0
            ],
            "ang_vel": [
                0.0,
                0.0,
                0.0
            ]
        },
        "non_kin": {
            "ToggledOn": {
                "value": false,
                "hand_in_marker_steps": 0
            }
        }
    },
    "table.n.02_1": {
        "is_asleep": true,
        "root_link": {
            "pos": [
                3.519834280014038,
                5.290391445159912,
                0.364634245634079
            ],
            "ori": [
                3.0233916277211392e-06,
                2.4051427317317575e-05,
                -6.29526084594545e-08,
                1.000000238418579
            ],
            "lin_vel": [
                0.0,
                0.0,
                0.0
            ],
            "ang_vel": [
                0.0,
                0.0,
                0.0
            ]
        },
        "non_kin": {}
    },
    "floor.n.01_1": {
        "is_asleep": false,
        "root_link": {
            "pos": [
                3.866909980773926,
                5.666343688964844,
                -0.15000006556510925
            ],
            "ori": [
                0.0,
                0.0,
                0.0,
                1.0
            ]
        },
        "non_kin": {}
    },
    "robot_poses": {
        "R1Pro": [
            {
                "position": [
                    4.953773498535156,
                    5.037998199462891,
                    0.003765106201171875
                ],
                "orientation": [
                    0.0,
                    0.0,
                    -0.8217177391052246,
                    0.5698947310447693
                ]
            }
        ],
        "Fetch": [
            {
                "position": [
                    5.21282434463501,
                    6.47690486907959,
                    0.0012933611869812012
                ],
                "orientation": [
                    0.001969635486602783,
                    -0.002200482413172722,
                    0.6670317053794861,
                    0.7450234889984131
                ]
            }
        ],
        "R1": [
            {
                "position": [
                    5.3273539543151855,
                    4.589628219604492,
                    0.003765106201171875
                ],
                "orientation": [
                    -0.0008869487792253494,
                    0.0049757082015275955,
                    0.9535995721817017,
                    0.30103546380996704
                ]
            }
        ],
        "Stretch": [
            {
                "position": [
                    5.034328937530518,
                    5.788973331451416,
                    -0.0007994025945663452
                ],
                "orientation": [
                    -0.00028385547921061516,
                    0.0019747456535696983,
                    0.14267943799495697,
                    0.9897670745849609
                ]
            }
        ],
        "Tiago": [
            {
                "position": [
                    4.682784557342529,
                    6.200769901275635,
                    0.00034427642822265625
                ],
                "orientation": [
                    8.287713626486948e-08,
                    -8.59781312811947e-09,
                    -0.09181991219520569,
                    0.9957756400108337
                ]
            }
        ]
    }
}