{
    "agent.n.01_1": {
        "is_asleep": false,
        "root_link": {
            "pos": [
                -50.0,
                -50.0,
                -50.0
            ],
            "ori": [
                0.0,
                0.0,
                0.0,
                1.0
            ],
            "lin_vel": [
                0.0,
                0.0,
                0.0
            ],
            "ang_vel": [
                0.0,
                0.0,
                0.0
            ]
        },
        "joint_pos": [
            54.50830078125,
            54.316307067871094,
            50.00376510620117,
            0.010107160545885563,
            -0.00016424483328592032,
            -0.4984360337257385,
            -7.05929851392284e-05,
            -0.0002606557391118258,
            0.0001117392021114938,
            4.456810984265758e-06,
            -6.635247700614855e-06,
            3.3641485060798004e-05,
            1.9060032367706299,
            1.906007170677185,
            -0.9910002946853638,
            -0.9910086989402771,
            1.5709995031356812,
            1.5709998607635498,
            0.9150033593177795,
            0.91499924659729,
            -1.570997953414917,
            -1.5709997415542603,
            0.0499999038875103,
            0.04999972879886627,
            0.049999818205833435,
            0.04999985545873642
        ],
        "joint_vel": [
            0.0002975848619826138,
            -5.600529402727261e-05,
            -0.0009417779510840774,
            0.00035361797199584544,
            0.000509122502990067,
            7.725745672360063e-05,
            -0.0010699272388592362,
            0.0006934122648090124,
            0.0006481882301159203,
            0.0002002771943807602,
            0.0007428550161421299,
            -0.00037127695395611227,
            -0.00023885289556346834,
            0.000573368975892663,
            -0.0004732320667244494,
            -6.624528032261878e-05,
            0.0011288141831755638,
            -0.0008869165321812034,
            -0.0003449305077083409,
            0.0001882243377622217,
            -0.0006930139497853816,
            0.0005052672931924462,
            3.343005300848745e-05,
            2.7660993509925902e-05,
            4.784421435033437e-06,
            1.7621645383769646e-05
        ],
        "controllers": {
            "base": {
                "goal_is_valid": true,
                "goal": {
                    "target": [
                        0.0,
                        0.0,
                        0.0
                    ]
                }
            },
            "trunk": {
                "goal_is_valid": true,
                "goal": {
                    "target": [
                        -7.040884520392865e-05,
                        -0.0002606880443636328,
                        0.00011165854812134057,
                        3.335899009471177e-06
                    ]
                }
            },
            "arm_left": {
                "goal_is_valid": true,
                "goal": {
                    "target_pos": [
                        0.5446206331253052,
                        0.3968477249145508,
                        1.4467846155166626
                    ],
                    "target_ori_mat": [
                        [
                            -0.006778359413146973,
                            4.639988765120506e-05,
                            0.9999769926071167
                        ],
                        [
                            0.0031175175681710243,
                            -0.9999951124191284,
                            6.753276102244854e-05
                        ],
                        [
                            0.9999721050262451,
                            0.003117903834208846,
                            0.006778240203857422
                        ]
                    ]
                },
                "control_filter": {
                    "past_samples": [
                        [
                            -6.629105428146431e-06,
                            1.9060050249099731,
                            -0.991002082824707,
                            1.5709989070892334,
                            0.9150035977363586,
                            -1.5709980726242065
                        ],
                        [
                            -5.589115062321071e-06,
                            1.9060051441192627,
                            -0.9910036325454712,
                            1.5709999799728394,
                            0.9150026440620422,
                            -1.5709985494613647
                        ]
                    ],
                    "current_idx": 0,
                    "fully_filled": true
                }
            },
            "gripper_left": {
                "goal_is_valid": true,
                "goal": {
                    "target": [
                        1.0
                    ]
                },
                "vel_filter": {
                    "past_samples": [
                        [
                            1.8328426449443214e-05,
                            -1.3411043937594513e-06
                        ],
                        [
                            -9.834765478444751e-06,
                            -2.6822087875189027e-06
                        ],
                        [
                            8.046627044677734e-06,
                            3.1292436233343324e-06
                        ],
                        [
                            -3.8444992242148146e-05,
                            2.235173951703473e-06
                        ],
                        [
                            3.30805778503418e-05,
                            2.6822087875189027e-06
                        ]
                    ],
                    "current_idx": 3,
                    "fully_filled": true
                }
            },
            "arm_right": {
                "goal_is_valid": true,
                "goal": {
                    "target_pos": [
                        0.5446256399154663,
                        -0.3968372344970703,
                        1.443986415863037
                    ],
                    "target_ori_mat": [
                        [
                            0.005850017070770264,
                            -3.8049183785915375e-06,
                            0.9999827742576599
                        ],
                        [
                            -0.004663839470595121,
                            -0.9999889135360718,
                            2.347840927541256e-05
                        ],
                        [
                            0.9999719262123108,
                            -0.00466389674693346,
                            -0.005849719047546387
                        ]
                    ]
                },
                "control_filter": {
                    "past_samples": [
                        [
                            3.3099819120252505e-05,
                            1.9060070514678955,
                            -0.9910094141960144,
                            1.5709996223449707,
                            0.9149975776672363,
                            -1.5709995031356812
                        ],
                        [
                            3.321394615340978e-05,
                            1.9060101509094238,
                            -0.9910112023353577,
                            1.5709998607635498,
                            0.9149988293647766,
                            -1.5709995031356812
                        ]
                    ],
                    "current_idx": 0,
                    "fully_filled": true
                }
            },
            "gripper_right": {
                "goal_is_valid": true,