{
    "radio_receiver.n.01_1": {
        "is_asleep": false,
        "root_link": {
            "pos": [
                3.543743848800659,
                4.9660515785217285,
                0.5339884757995605
            ],
            "ori": [
                0.012828074395656586,
                -0.023111088201403618,
                0.26129454374313354,
                0.9648974537849426
            ],
            "lin_vel": [
                8.070240437518805e-05,
                -0.0001924871903611347,
                -4.108194843865931e-05
            ],
            "ang_vel": [
                0.0005258663441054523,
                0.001586643047630787,
                -0.0001730766671244055
            ]
        },
        "non_kin": {
            "ToggledOn": {
                "value": false,
                "hand_in_marker_steps": 0
            }
        }
    },
    "table.n.02_1": {
        "is_asleep": false,
        "root_link": {
            "pos": [
                3.51981520652771,
                5.290390491485596,
                0.36463406682014465
            ],
            "ori": [
                3.0788444291829364e-06,
                2.4103701434796676e-05,
                -9.675039109424688e-06,
                1.0000001192092896
            ],
            "lin_vel": [
                6.20674472884275e-05,
                -1.2476178198994603e-05,
                -2.662193537616986e-06
            ],
            "ang_vel": [
                3.778432437684387e-05,
                7.471110438928008e-05,
                -3.28616879414767e-05
            ]
        },
        "non_kin": {}
    },
    "floor.n.01_1": {
        "is_asleep": false,
        "root_link": {
            "pos": [
                3.866909980773926,
                5.666343688964844,
                -0.15000006556510925
            ],
            "ori": [
                0.0,
                0.0,
                0.0,
                1.0
            ]
        },
        "non_kin": {}
    },
    "robot_poses": {
        "R1Pro": [
            {
                "position": [
                    4.5467681884765625,
                    5.450145721435547,
                    0.003765106201171875
                ],
                "orientation": [
                    0.0,
                    0.0,
                    0.17225481569766998,
                    0.9850524067878723
                ]
            }
        ],
        "Fetch": [
            {
                "position": [
                    4.9002299308776855,
                    4.8938188552856445,
                    0.0012933909893035889
                ],
                "orientation": [
                    0.0029522478580474854,
                    0.00013211369514465332,
                    0.9989966154098511,
                    -0.044688254594802856
                ]
            }
        ],
        "R1": [
            {
                "position": [
                    4.837398052215576,
                    5.492400646209717,
                    0.003765106201171875
                ],
                "orientation": [
                    0.0049985661171376705,
                    0.000747663842048496,
                    -0.32757192850112915,
                    0.9448127150535583
                ]
            }
        ],
        "Stretch": [
            {
                "position": [
                    3.9307541847229004,
                    3.6251888275146484,
                    -0.0007995516061782837
                ],
                "orientation": [
                    -0.0019046347588300705,
                    -0.0005912015330977738,
                    0.9550552368164062,
                    -0.2964211702346802
                ]
            }
        ],
        "Tiago": [
            {
                "position": [
                    4.734545707702637,
                    4.662903785705566,
                    0.00034427642822265625
                ],
                "orientation": [
                    -2.274303767535457e-08,
                    -5.752326615038328e-09,
                    0.9794212579727173,
                    0.2018267661333084
                ]
            }
        ]
    }
}