{
    "radio_receiver.n.01_1": {
        "is_asleep": false,
        "root_link": {
            "pos": [
                3.7438297271728516,
                4.920171737670898,
                0.533967912197113
            ],
            "ori": [
                0.024469153955578804,
                0.00980620551854372,
                0.9888321161270142,
                -0.14668391644954681
            ],
            "lin_vel": [
                0.00047093204921111465,
                0.00028726609889417887,
                -0.00014916848158463836
            ],
            "ang_vel": [
                -0.005463952198624611,
                0.009914820082485676,
                9.552782285027206e-05
            ]
        },
        "non_kin": {
            "ToggledOn": {
                "value": false,
                "hand_in_marker_steps": 0
            }
        }
    },
    "table.n.02_1": {
        "is_asleep": false,
        "root_link": {
            "pos": [
                3.519834280014038,
                5.290391445159912,
                0.364634245634079
            ],
            "ori": [
                3.0233916277211392e-06,
                2.4051427317317575e-05,
                -6.29526084594545e-08,
                1.000000238418579
            ],
            "lin_vel": [
                -2.1048306734883226e-05,
                -2.0633600797737017e-05,
                -2.2374319087248296e-05
            ],
            "ang_vel": [
                4.491548679652624e-05,
                7.83432406024076e-05,
                -1.0051309800473973e-05
            ]
        },
        "non_kin": {}
    },
    "floor.n.01_1": {
        "is_asleep": false,
        "root_link": {
            "pos": [
                3.866909980773926,
                5.666343688964844,
                -0.15000006556510925
            ],
            "ori": [
                0.0,
                0.0,
                0.0,
                1.0
            ]
        },
        "non_kin": {}
    },
    "robot_poses": {
        "R1Pro": [
            {
                "position": [
                    3.116912841796875,
                    3.8078155517578125,
                    0.003765106201171875
                ],
                "orientation": [
                    0.0,
                    0.0,
                    0.3893652856349945,
                    0.9210834503173828
                ]
            }
        ],
        "Fetch": [
            {
                "position": [
                    4.510523796081543,
                    4.7167887687683105,
                    0.0012933313846588135
                ],
                "orientation": [
                    -0.0014203637838363647,
                    -0.0025917645543813705,
                    -0.4805830717086792,
                    0.8769442439079285
                ]
            }
        ],
        "R1": [
            {
                "position": [
                    4.795020580291748,
                    4.605821132659912,
                    0.003765106201171875
                ],
                "orientation": [
                    0.0022276462987065315,
                    0.004536760039627552,
                    0.5908417701721191,
                    0.8067716956138611
                ]
            }
        ],
        "Stretch": [
            {
                "position": [
                    4.114076614379883,
                    6.513772487640381,
                    -0.0007995814085006714
                ],
                "orientation": [
                    -0.0019731856882572174,
                    -0.0002895183570217341,
                    0.9894077181816101,
                    -0.14515013992786407
                ]
            }
        ],
        "Tiago": [
            {
                "position": [
                    4.564986228942871,
                    5.027878284454346,
                    0.00034427642822265625
                ],
                "orientation": [
                    1.372351050576981e-07,
                    7.165236581840873e-08,
                    0.757718563079834,
                    0.6525814533233643
                ]
            }
        ]
    }
}