{
    "agent.n.01_1": {
        "is_asleep": false,
        "root_link": {
            "pos": [
                -50.0,
                -50.0,
                -50.0
            ],
            "ori": [
                0.0,
                0.0,
                0.0,
                1.0
            ],
            "lin_vel": [
                0.0,
                0.0,
                0.0
            ],
            "ang_vel": [
                0.0,
                0.0,
                0.0
            ]
        },
        "joint_pos": [
            55.02815246582031,
            54.02574920654297,
            50.00376510620117,
            0.008656347170472145,
            -0.005220209714025259,
            -1.0248162746429443,
            -7.035591261228547e-05,
            -0.0002596127742435783,
            0.00011124044249299914,
            4.177908976998879e-06,
            -7.226472007459961e-06,
            3.562522761058062e-05,
            1.9059979915618896,
            1.9059985876083374,
            -0.9909926652908325,
            -0.9909972548484802,
            1.5710004568099976,
            1.571000099182129,
            0.9150050282478333,
            0.9150034189224243,
            -1.5709985494613647,
            -1.5709998607635498,
            0.0499999113380909,
            0.0499999038875103,
            0.04999985918402672,
            0.04999983683228493
        ],
        "joint_vel": [
            0.00035349425161257386,
            6.798824324505404e-05,
            -0.0011508212191984057,
            0.0007464595837518573,
            0.0006280532688833773,
            0.0006870018551126122,
            -0.0015447682235389948,
            0.0005666915094479918,
            0.0004143355181440711,
            0.001309682964347303,
            0.00021288929565344006,
            -0.0001156021753558889,
            -0.0001990529417525977,
            -3.0012321076355875e-05,
            0.00028108726837672293,
            -4.691406502388418e-06,
            4.245615127729252e-05,
            -0.0005708583048544824,
            -4.4250162318348885e-05,
            4.0023442124947906e-05,
            1.2777444680978078e-05,
            0.0004035059246234596,
            1.9239620087319054e-05,
            5.099181180412415e-06,
            2.3811655410099775e-05,
            1.732305645418819e-05
        ],
        "controllers": {
            "base": {
                "goal_is_valid": true,
                "goal": {
                    "target": [
                        0.0,
                        0.0,
                        0.0
                    ]
                }
            },
            "trunk": {
                "goal_is_valid": true,
                "goal": {
                    "target": [
                        -7.04161066096276e-05,
                        -0.00026070413878187537,
                        0.00011166078911628574,
                        3.366873897903133e-06
                    ]
                }
            },
            "arm_left": {
                "goal_is_valid": true,
                "goal": {
                    "target_pos": [
                        0.5446204543113708,
                        0.3968477249145508,
                        1.446784257888794
                    ],
                    "target_ori_mat": [
                        [
                            -0.006778120994567871,
                            4.681164864450693e-05,
                            0.9999769926071167
                        ],
                        [
                            0.003117677289992571,
                            -0.9999949932098389,
                            6.794522050768137e-05
                        ],
                        [
                            0.9999721050262451,
                            0.003118066117167473,
                            0.006778061389923096
                        ]
                    ]
                },
                "control_filter": {
                    "past_samples": [
                        [
                            -7.0632809183734935e-06,
                            1.9059972763061523,
                            -0.9909933805465698,
                            1.5710012912750244,
                            0.9150050282478333,
                            -1.5709993839263916
                        ],
                        [
                            -7.750495569780469e-06,
                            1.9059967994689941,
                            -0.9909920692443848,
                            1.571000099182129,
                            0.9150056838989258,
                            -1.570998191833496
                        ]
                    ],
                    "current_idx": 0,
                    "fully_filled": true
                }
            },
            "gripper_left": {
                "goal_is_valid": true,
                "goal": {
                    "target": [
                        1.0
                    ]
                },
                "vel_filter": {
                    "past_samples": [
                        [
                            4.917382739222376e-06,
                            4.470347903406946e-06
                        ],
                        [
                            -5.811452410853235e-06,
                            -1.788139229574881e-06
                        ],
                        [
                            8.493661880493164e-06,
                            1.3411043937594513e-06
                        ],
                        [
                            -1.072883515007561e-05,
                            -3.1292436233343324e-06
                        ],
                        [
                            1.0281800314260181e-05,
                            4.470347903406946e-06
                        ]
                    ],
                    "current_idx": 0,
                    "fully_filled": true
                }
            },
            "arm_right": {
                "goal_is_valid": true,
                "goal": {
                    "target_pos": [
                        0.5446246862411499,
                        -0.3968377113342285,
                        1.4439866542816162
                    ],
                    "target_ori_mat": [
                        [
                            0.0058498382568359375,
                            -4.19258140027523e-06,
                            0.9999829530715942
                        ],
                        [
                            -0.0046633221209049225,
                            -0.9999892711639404,
                            2.3087719455361366e-05
                        ],
                        [
                            0.9999721050262451,
                            -0.004663377068936825,
                            -0.0058498382568359375
                        ]
                    ]
                },
                "control_filter": {
                    "past_samples": [
                        [
                            3.6197961890138686e-05,
                            1.9060006141662598,
                            -0.9909956455230713,
                            1.5709998607635498,
                            0.9150052666664124,
                            -1.5710002183914185
                        ],
                        [
                            3.567799649317749e-05,
                            1.905997395515442,
                            -0.9909964799880981,
                            1.5709996223449707,
                            0.9150017499923706,
                            -1.5709996223449707
                        ]
                    ],
                    "current_idx": 0,
                    "fully_filled": true
                }
            },
            "gripper_right": {
                "goal_is_valid": true,