{
    "agent.n.01_1": {
        "is_asleep": false,
        "root_link": {
            "pos": [
                -50.0,
                -50.0,
                -50.0
            ],
            "ori": [
                0.0,
                0.0,
                0.0,
                1.0
            ],
            "lin_vel": [
                0.0,
                0.0,
                0.0
            ],
            "ang_vel": [
                0.0,
                0.0,
                0.0
            ]
        },
        "joint_pos": [
            73.33794403076172,
            51.23027801513672,
            50.003753662109375,
            -0.007357526570558548,
            0.006930760573595762,
            1.9037171602249146,
            -6.925478373887017e-05,
            -0.0002617105492390692,
            0.00011290214752079919,
            8.315191735164262e-06,
            -3.879106770909857e-06,
            3.370119884493761e-05,
            1.9059884548187256,
            1.9060206413269043,
            -0.9910014867782593,
            -0.9910079836845398,
            1.5709999799728394,
            1.571001410484314,
            0.9149965047836304,
            0.9150071740150452,
            -1.5709984302520752,
            -1.5710008144378662,
            0.04999910295009613,
            0.05000000074505806,
            0.04999896138906479,
            0.04999949038028717
        ],
        "joint_vel": [
            -0.00010615975770633668,
            0.0003701038658618927,
            0.0009382911957800388,
            0.001873076893389225,
            0.0015589433023706079,
            0.0003345112199895084,
            0.002882713219150901,
            0.0006558533059433103,
            0.0003009599749930203,
            -0.003925605211406946,
            -0.0043713729828596115,
            0.0031281947158277035,
            0.0019318497506901622,
            -0.00023558363318443298,
            -0.0015452520456165075,
            -0.0001987164723686874,
            -0.009364145807921886,
            0.005966298282146454,
            0.003219109959900379,
            -0.002892955206334591,
            0.006345035042613745,
            -0.0032433464657515287,
            -1.4344477676786482e-06,
            2.9342760171857662e-05,
            0.00016833472182042897,
            3.49240108334925e-05
        ],
        "controllers": {
            "base": {
                "goal_is_valid": true,
                "goal": {
                    "target": [
                        0.0,
                        0.0,
                        0.0
                    ]
                }
            },
            "trunk": {
                "goal_is_valid": true,
                "goal": {
                    "target": [
                        -7.037782052066177e-05,
                        -0.00026062349206767976,
                        0.00011165277101099491,
                        3.359957645443501e-06
                    ]
                }
            },
            "arm_left": {
                "goal_is_valid": true,
                "goal": {
                    "target_pos": [
                        0.5446219444274902,
                        0.3968467712402344,
                        1.446784257888794
                    ],
                    "target_ori_mat": [
                        [
                            -0.006777763366699219,
                            4.655332304537296e-05,
                            0.9999769330024719
                        ],
                        [
                            0.0031177992932498455,
                            -0.9999948740005493,
                            6.76868949085474e-05
                        ],
                        [
                            0.9999720454216003,
                            0.0031181862577795982,
                            0.0067778825759887695
                        ]
                    ]
                },
                "control_filter": {
                    "past_samples": [
                        [
                            -4.808356152352644e-06,
                            1.9059956073760986,
                            -0.9910030364990234,
                            1.5709997415542603,
                            0.914997935295105,
                            -1.5709989070892334
                        ],
                        [
                            -4.7241505853889976e-06,
                            1.905995488166809,
                            -0.9910023212432861,
                            1.5710002183914185,
                            0.9149987697601318,
                            -1.570999026298523
                        ]
                    ],
                    "current_idx": 0,
                    "fully_filled": true
                }
            },
            "gripper_left": {
                "goal_is_valid": true,
                "goal": {
                    "target": [
                        1.0
                    ]
                },
                "vel_filter": {
                    "past_samples": [
                        [
                            7.688998448429629e-05,
                            -1.564621925354004e-05
                        ],
                        [
                            -7.733701932011172e-05,
                            1.564621925354004e-05
                        ],
                        [
                            7.912515866337344e-05,
                            -2.324580964341294e-05
                        ],
                        [
                            8.046626317081973e-05,
                            -2.0116565792704932e-05
                        ],
                        [
                            -7.823108899174258e-05,
                            2.0116565792704932e-05
                        ]
                    ],
                    "current_idx": 3,
                    "fully_filled": true
                }
            },
            "arm_right": {
                "goal_is_valid": true,
                "goal": {
                    "target_pos": [
                        0.5446262359619141,
                        -0.3968334197998047,
                        1.4439865350723267
                    ],
                    "target_ori_mat": [
                        [
                            0.005850315093994141,
                            -3.561144694685936e-06,
                            0.9999827742576599
                        ],
                        [
                            -0.004663432016968727,
                            -0.9999887943267822,
                            2.3721717298030853e-05
                        ],
                        [
                            0.9999719262123108,
                            -0.004663490690290928,
                            -0.005849957466125488
                        ]
                    ]
                },
                "control_filter": {
                    "past_samples": [
                        [
                            3.32415038428735e-05,
                            1.9060178995132446,
                            -0.9910081028938293,
                            1.5710006952285767,
                            0.9150052666664124,
                            -1.5710004568099976
                        ],
                        [
                            3.326650403323583e-05,
                            1.9060178995132446,
                            -0.9910082817077637,
                            1.5710008144378662,
                            0.9150052070617676,
                            -1.571000337600708
                        ]
                    ],
                    "current_idx": 0,
                    "fully_filled": true
                }
            },
            "gripper_right": {
                "goal_is_valid": true,