{
    "drill.n.01_1": {
        "is_asleep": true,
        "root_link": {
            "pos": [
                22.05046272277832,
                1.42212975025177,
                1.0259227752685547
            ],
            "ori": [
                2.5046756491065025e-07,
                -5.966285243630409e-08,
                0.9760873913764954,
                -0.21737900376319885
            ],
            "lin_vel": [
                0.0,
                0.0,
                0.0
            ],
            "ang_vel": [
                0.0,
                0.0,
                0.0
            ]
        },
        "non_kin": {}
    },
    "floor.n.01_1": {
        "is_asleep": false,
        "root_link": {
            "pos": [
                23.395309448242188,
                -0.17667298018932343,
                -0.13880956172943115
            ],
            "ori": [
                0.0,
                0.0,
                0.0,
                1.0
            ]
        },
        "non_kin": {}
    },
    "tabletop.n.01_1": {
        "is_asleep": false,
        "root_link": {
            "pos": [
                21.927383422851562,
                0.47523218393325806,
                0.8967929482460022
            ],
            "ori": [
                0.0,
                0.0,
                0.9999991655349731,
                0.0012719201622530818
            ]
        },
        "non_kin": {}
    },
    "pliers.n.01_1": {
        "is_asleep": true,
        "root_link": {
            "pos": [
                22.074844360351562,
                0.8797624111175537,
                0.9273840188980103
            ],
            "ori": [
                2.727127866819501e-05,
                1.2863893061876297e-07,
                0.12469276785850525,
                0.9921956062316895
            ],
            "lin_vel": [
                0.0,
                0.0,
                0.0
            ],
            "ang_vel": [
                0.0,
                0.0,
                0.0
            ]
        },
        "joint_pos": [
            -9.115640295931371e-07
        ],
        "joint_vel": [
            -0.0022614183835685253
        ],
        "non_kin": {}
    },
    "toolbox.n.01_1": {
        "is_asleep": true,
        "root_link": {
            "pos": [
                21.938922882080078,
                -0.024330945685505867,
                0.9955147504806519
            ],
            "ori": [
                1.050066202878952e-07,
                -1.2709432439805823e-07,
                0.26429691910743713,
                0.9644415378570557
            ],
            "lin_vel": [
                0.0,
                0.0,
                0.0
            ],
            "ang_vel": [
                0.0,
                0.0,
                0.0
            ]
        },
        "joint_pos": [
            1.4660321567827594e-12
        ],
        "joint_vel": [
            -1.1038683624065015e-05
        ],
        "non_kin": {
            "Temperature": {
                "temperature": 23.0
            }
        }
    },
    "flashlight.n.01_1": {
        "is_asleep": true,
        "root_link": {
            "pos": [
                22.15313148498535,
                1.5056846141815186,
                0.9407864212989807
            ],
            "ori": [
                2.221018075942993e-05,
                3.434170503169298e-05,
                0.8432691097259521,
                0.5374918580055237
            ],
            "lin_vel": [
                0.0,
                0.0,
                0.0
            ],
            "ang_vel": [
                0.0,
                0.0,
                0.0
            ]
        },
        "non_kin": {
            "ToggledOn": {
                "value": false,
                "hand_in_marker_steps": 0
            }
        }
    },
    "allen_wrench.n.01_1": {
        "is_asleep": true,
        "root_link": {
            "pos": [
                21.973495483398438,
                1.3109813928604126,
                0.925742506980896
            ],
            "ori": [
                1.7750840925145894e-05,
                -3.62651189789176e-05,
                0.9638110399246216,
                -0.2665863633155823
            ],
            "lin_vel": [
                0.0,
                0.0,
                0.0
            ],
            "ang_vel": [
                0.0,
                0.0,
                0.0
            ]
        },
        "non_kin": {}
    },
    "screwdriver.n.01_1": {
        "is_asleep": false,
        "root_link": {
            "pos": [
                22.052738189697266,
                0.4487519860267639,
                0.927930474281311
            ],
            "ori": [
                3.70759516954422e-06,
                7.130671292543411e-06,
                -0.5515672564506531,
                0.8341304063796997
            ],
            "lin_vel": [
                -3.39636389981024e-05,
                5.380416041589342e-07,
                -1.99314376914117e-06
            ],
            "ang_vel": [
                0.00010972295422106981,
                -0.0005067757447250187,
                0.0008774689631536603
            ]
        },
        "non_kin": {}
    },
    "robot_poses": {
        "R1Pro": [
            {
                "position": [
                    23.127059936523438,
                    -0.13550949096679688,
                    0.003753662109375
                ],
                "orientation": [
                    0.0,
                    0.0,
                    -0.9922338724136353,
                    0.12438643723726273
                ]
            }
        ],
        "Fetch": [
            {
                "position": [
                    23.499879837036133,
                    1.147774338722229,
                    0.0012838542461395264
                ],
                "orientation": [
                    -0.0017011016607284546,
                    -0.0024157771840691566,
                    -0.5757362246513367,
                    0.8176301121711731
                ]
            }
        ],
        "R1": [
            {
                "position": [
                    23.15715980529785,
                    -0.7934150099754333,
                    0.0037555694580078125
                ],
                "orientation": [
                    0.0048761675134301186,
                    -0.0013295795070007443,
                    -0.680450439453125,
                    0.7327767610549927
                ]
            }
        ],
        "Stretch": [
            {
                "position": [
                    23.255666732788086,
                    0.8473724126815796,
                    -0.0008089989423751831
                ],
                "orientation": [
                    -0.0017370674759149551,
                    0.0009811954805627465,
                    0.8708176612854004,
                    0.49160218238830566
                ]
            }
        ],
        "Tiago": [
            {
                "position": [
                    23.19845962524414,
                    0.2137157917022705,
                    0.00033473968505859375
                ],
                "orientation": [
                    -4.733057323846879e-08,
                    3.649580548881204e-08,
                    0.9920844435691833,
                    0.12557262182235718
                ]
            }
        ]
    }
}