{
    "agent.n.01_1": {
        "is_asleep": false,
        "root_link": {
            "pos": [
                -50.0,
                -50.0,
                -50.0
            ],
            "ori": [
                0.0,
                0.0,
                0.0,
                1.0
            ],
            "lin_vel": [
                0.0,
                0.0,
                0.0
            ],
            "ang_vel": [
                0.0,
                0.0,
                0.0
            ]
        },
        "joint_pos": [
            73.13390350341797,
            50.82515335083008,
            50.003753662109375,
            0.003895306261256337,
            0.009327452629804611,
            0.69298255443573,
            -6.980248144827783e-05,
            -0.0002604426699690521,
            0.00011159654968651012,
            5.691161277354695e-06,
            -8.47171395434998e-06,
            3.5343022318556905e-05,
            1.9059990644454956,
            1.905997633934021,
            -0.9909944534301758,
            -0.991001546382904,
            1.570998191833496,
            1.5710008144378662,
            0.9150110483169556,
            0.9149938821792603,
            -1.570996880531311,
            -1.5709999799728394,
            0.04999937862157822,
            0.049999967217445374,
            0.04999985545873642,
            0.0499996654689312
        ],
        "joint_vel": [
            0.0010241451673209667,
            0.0003839329001493752,
            0.0009932061657309532,
            0.0017043938860297203,
            -0.001415576203726232,
            -5.002756370231509e-05,
            0.0008880460518412292,
            0.0007124519324861467,
            -0.0009801267879083753,
            -0.003307802602648735,
            -0.005670587066560984,
            0.004406712017953396,
            0.002357740420848131,
            -0.0010397552978247404,
            -0.0006053721299394965,
            -0.0002947955799754709,
            -0.010699466802179813,
            0.010042925365269184,
            0.0019112448208034039,
            -0.0018855601083487272,
            0.0066980221308767796,
            -0.006026965565979481,
            1.0332428246329073e-07,
            9.39304936764529e-06,
            4.303796595195308e-05,
            3.774841388803907e-05
        ],
        "controllers": {
            "base": {
                "goal_is_valid": true,
                "goal": {
                    "target": [
                        0.0,
                        0.0,
                        0.0
                    ]
                }
            },
            "trunk": {
                "goal_is_valid": true,
                "goal": {
                    "target": [
                        -7.043389632599428e-05,
                        -0.0002607411006465554,
                        0.00011166300100740045,
                        3.2928649034147384e-06
                    ]
                }
            },
            "arm_left": {
                "goal_is_valid": true,
                "goal": {
                    "target_pos": [
                        0.5446205139160156,
                        0.3968477249145508,
                        1.4467849731445312
                    ],
                    "target_ori_mat": [
                        [
                            -0.006778359413146973,
                            4.6382774598896503e-05,
                            0.9999769330024719
                        ],
                        [
                            0.003117274958640337,
                            -0.9999949932098389,
                            6.751436740159988e-05
                        ],
                        [
                            0.9999720454216003,
                            0.003117660991847515,
                            0.006778359413146973
                        ]
                    ]
                },
                "control_filter": {
                    "past_samples": [
                        [
                            -8.836124834488146e-06,
                            1.9060029983520508,
                            -0.9909934401512146,
                            1.570998191833496,
                            0.9150118827819824,
                            -1.5709969997406006
                        ],
                        [
                            -9.265774679079186e-06,
                            1.906002402305603,
                            -0.9909947514533997,
                            1.570997714996338,
                            0.9150099158287048,
                            -1.570996642112732
                        ]
                    ],
                    "current_idx": 0,
                    "fully_filled": true
                }
            },
            "gripper_left": {
                "goal_is_valid": true,
                "goal": {
                    "target": [
                        1.0
                    ]
                },
                "vel_filter": {
                    "past_samples": [
                        [
                            4.4703480739372026e-07,
                            -8.940696147874405e-07
                        ],
                        [
                            2.235173951703473e-06,
                            -6.258487246668665e-06
                        ],
                        [
                            -1.3411043937594513e-06,
                            -2.6822087875189027e-06
                        ],
                        [
                            8.940696147874405e-07,
                            2.6822087875189027e-06
                        ],
                        [
                            -1.20699396575219e-05,
                            1.20699396575219e-05
                        ]
                    ],
                    "current_idx": 4,
                    "fully_filled": true
                }
            },
            "arm_right": {
                "goal_is_valid": true,
                "goal": {
                    "target_pos": [
                        0.5446243286132812,
                        -0.3968391418457031,
                        1.4439866542816162
                    ],
                    "target_ori_mat": [
                        [
                            0.0058498382568359375,
                            -3.986060619354248e-06,
                            0.9999828338623047
                        ],
                        [
                            -0.004663876723498106,
                            -0.9999890327453613,
                            2.3297034204006195e-05
                        ],
                        [
                            0.9999719858169556,
                            -0.00466393306851387,
                            -0.005849719047546387
                        ]
                    ]
                },
                "control_filter": {
                    "past_samples": [
                        [
                            3.5125991416862234e-05,
                            1.905996322631836,
                            -0.9910020232200623,
                            1.5710002183914185,
                            0.9149929881095886,
                            -1.5709993839263916
                        ],
                        [
                            3.542635022313334e-05,
                            1.9059969186782837,
                            -0.9910020232200623,
                            1.571000337600708,
                            0.9149937629699707,
                            -1.5709996223449707
                        ]
                    ],
                    "current_idx": 0,
                    "fully_filled": true
                }
            },
            "gripper_right": {
                "goal_is_valid": true,