{
    "agent.n.01_1": {
        "is_asleep": false,
        "root_link": {
            "pos": [
                -50.0,
                -50.0,
                -50.0
            ],
            "ori": [
                0.0,
                0.0,
                0.0,
                1.0
            ],
            "lin_vel": [
                0.0,
                0.0,
                0.0
            ],
            "ang_vel": [
                0.0,
                0.0,
                0.0
            ]
        },
        "joint_pos": [
            73.22150421142578,
            50.59074020385742,
            50.003753662109375,
            0.009059518575668335,
            -0.004486232530325651,
            -0.9424663186073303,
            -6.996037700446323e-05,
            -0.000262485962593928,
            0.00011283991625532508,
            1.0206877050222829e-05,
            -4.07368042942835e-06,
            3.216693949070759e-05,
            1.9059861898422241,
            1.9060118198394775,
            -0.9909971356391907,
            -0.9910175204277039,
            1.5709999799728394,
            1.5709991455078125,
            0.9149978756904602,
            0.914989709854126,
            -1.5709989070892334,
            -1.5709996223449707,
            0.04999987781047821,
            0.04999948665499687,
            0.04999933019280434,
            0.04999999329447746
        ],
        "joint_vel": [
            -0.0004981550155207515,
            0.0007480608182959259,
            0.0008759426418691874,
            0.0002655976277310401,
            -0.0010146036511287093,
            -0.0019464485812932253,
            0.0001873620494734496,
            0.001603023149073124,
            0.0008062046836130321,
            -0.0050683338195085526,
            -0.0031035856809467077,
            0.004323465283960104,
            -0.0005815327167510986,
            0.0017757603200152516,
            -0.0016395896673202515,
            0.00017805305833462626,
            -0.0064592850394546986,
            0.008707582950592041,
            0.0011408673599362373,
            -0.000714021036401391,
            0.0037489740643650293,
            -0.0057001574896276,
            -7.069502316880971e-07,
            5.5038479331415147e-05,
            7.869867840781808e-05,
            2.0298421077313833e-05
        ],
        "controllers": {
            "base": {
                "goal_is_valid": true,
                "goal": {
                    "target": [
                        0.0,
                        0.0,
                        0.0
                    ]
                }
            },
            "trunk": {
                "goal_is_valid": true,
                "goal": {
                    "target": [
                        -7.04272897564806e-05,
                        -0.00026072730543091893,
                        0.00011166282638441771,
                        3.364606300237938e-06
                    ]
                }
            },
            "arm_left": {
                "goal_is_valid": true,
                "goal": {
                    "target_pos": [
                        0.544621467590332,
                        0.3968486785888672,
                        1.4467843770980835
                    ],
                    "target_ori_mat": [
                        [
                            -0.006778120994567871,
                            4.675483796745539e-05,
                            0.9999771118164062
                        ],
                        [
                            0.00311777601018548,
                            -0.999995231628418,
                            6.78887590765953e-05
                        ],
                        [
                            0.9999722242355347,
                            0.0031181643716990948,
                            0.0067778825759887695
                        ]
                    ]
                },
                "control_filter": {
                    "past_samples": [
                        [
                            -5.275722287478857e-06,
                            1.9059914350509644,
                            -0.9910050630569458,
                            1.5709991455078125,
                            0.9149935841560364,
                            -1.5709983110427856
                        ],
                        [
                            -3.907380232703872e-06,
                            1.9059956073760986,
                            -0.9909976720809937,
                            1.571000576019287,
                            0.9150053858757019,
                            -1.570999026298523
                        ]
                    ],
                    "current_idx": 0,
                    "fully_filled": true
                }
            },
            "gripper_left": {
                "goal_is_valid": true,
                "goal": {
                    "target": [
                        1.0
                    ]
                },
                "vel_filter": {
                    "past_samples": [
                        [
                            -7.599591754114954e-06,
                            -4.4703480739372026e-07
                        ],
                        [
                            8.940695806813892e-06,
                            -2.6822087875189027e-06
                        ],
                        [
                            -9.387730642629322e-06,
                            -9.834765478444751e-06
                        ],
                        [
                            8.940695806813892e-06,
                            -7.599591754114954e-06
                        ],
                        [
                            -1.788139229574881e-06,
                            0.0
                        ]
                    ],
                    "current_idx": 0,
                    "fully_filled": true
                }
            },
            "arm_right": {
                "goal_is_valid": true,
                "goal": {
                    "target_pos": [
                        0.5446252822875977,
                        -0.3968391418457031,
                        1.4439865350723267
                    ],
                    "target_ori_mat": [
                        [
                            0.0058501362800598145,
                            -3.858935087919235e-06,
                            0.9999828338623047
                        ],
                        [
                            -0.004663731902837753,
                            -0.9999890327453613,
                            2.3425091058015823e-05
                        ],
                        [
                            0.9999719858169556,
                            -0.004663789179176092,
                            -0.005849957466125488
                        ]
                    ]
                },
                "control_filter": {
                    "past_samples": [
                        [
                            3.154963269480504e-05,
                            1.906012773513794,
                            -0.9910162687301636,
                            1.5709991455078125,
                            0.9149903059005737,
                            -1.5709989070892334
                        ],
                        [
                            3.156901948386803e-05,
                            1.906015396118164,
                            -0.9910203218460083,
                            1.570999264717102,
                            0.9149889349937439,
                            -1.5709991455078125
                        ]
                    ],
                    "current_idx": 0,
                    "fully_filled": true
                }
            },
            "gripper_right": {
                "goal_is_valid": true,