{
    "drill.n.01_1": {
        "is_asleep": true,
        "root_link": {
            "pos": [
                21.680505752563477,
                0.4688882529735565,
                1.0259227752685547
            ],
            "ori": [
                1.6114383470267057e-05,
                1.6956619219854474e-08,
                0.9999966621398926,
                0.0026606321334838867
            ],
            "lin_vel": [
                0.0,
                0.0,
                0.0
            ],
            "ang_vel": [
                0.0,
                0.0,
                0.0
            ]
        },
        "non_kin": {}
    },
    "floor.n.01_1": {
        "is_asleep": false,
        "root_link": {
            "pos": [
                23.395309448242188,
                -0.17667298018932343,
                -0.13880956172943115
            ],
            "ori": [
                0.0,
                0.0,
                0.0,
                1.0
            ]
        },
        "non_kin": {}
    },
    "tabletop.n.01_1": {
        "is_asleep": false,
        "root_link": {
            "pos": [
                21.927385330200195,
                0.47523218393325806,
                0.8967929482460022
            ],
            "ori": [
                0.0,
                0.0,
                0.9999991655349731,
                0.0012719201622530818
            ]
        },
        "non_kin": {}
    },
    "pliers.n.01_1": {
        "is_asleep": true,
        "root_link": {
            "pos": [
                22.02168083190918,
                -0.24835355579853058,
                0.9273834228515625
            ],
            "ori": [
                1.6937206964939833e-05,
                -2.3405009415000677e-05,
                -0.7760149836540222,
                0.6307148933410645
            ],
            "lin_vel": [
                0.0,
                0.0,
                0.0
            ],
            "ang_vel": [
                0.0,
                0.0,
                0.0
            ]
        },
        "joint_pos": [
            0.00015246270049829036
        ],
        "joint_vel": [
            0.0008999992860481143
        ],
        "non_kin": {}
    },
    "toolbox.n.01_1": {
        "is_asleep": true,
        "root_link": {
            "pos": [
                21.990915298461914,
                0.21155613660812378,
                0.9955148696899414
            ],
            "ori": [
                -1.6391277313232422e-07,
                -9.334854667031323e-08,
                0.9597137570381165,
                0.28097987174987793
            ],
            "lin_vel": [
                0.0,
                0.0,
                0.0
            ],
            "ang_vel": [
                0.0,
                0.0,
                0.0
            ]
        },
        "joint_pos": [
            5.484033713254455e-11
        ],
        "joint_vel": [
            3.2124507498565436e-08
        ],
        "non_kin": {
            "Temperature": {
                "temperature": 23.0
            }
        }
    },
    "flashlight.n.01_1": {
        "is_asleep": true,
        "root_link": {
            "pos": [
                22.062610626220703,
                1.1951563358306885,
                0.9407868385314941
            ],
            "ori": [
                -2.3012980818748474e-06,
                -3.0957162380218506e-06,
                0.7678046226501465,
                0.6406840682029724
            ],
            "lin_vel": [
                0.0,
                0.0,
                0.0
            ],
            "ang_vel": [
                0.0,
                0.0,
                0.0
            ]
        },
        "non_kin": {
            "ToggledOn": {
                "value": false,
                "hand_in_marker_steps": 0
            }
        }
    },
    "allen_wrench.n.01_1": {
        "is_asleep": true,
        "root_link": {
            "pos": [
                21.937877655029297,
                0.46038657426834106,
                0.9257422685623169
            ],
            "ori": [
                -2.802190647344105e-05,
                3.553285205271095e-05,
                -0.8790088295936584,
                0.4768053889274597
            ],
            "lin_vel": [
                0.0,
                0.0,
                0.0
            ],
            "ang_vel": [
                0.0,
                0.0,
                0.0
            ]
        },
        "non_kin": {}
    },
    "screwdriver.n.01_1": {
        "is_asleep": true,
        "root_link": {
            "pos": [
                21.680339813232422,
                0.22202426195144653,
                0.927930474281311
            ],
            "ori": [
                -7.844530045986176e-06,
                1.3575190678238869e-06,
                0.990805447101593,
                0.1352953463792801
            ],
            "lin_vel": [
                0.0,
                0.0,
                0.0
            ],
            "ang_vel": [
                0.0,
                0.0,
                0.0
            ]
        },
        "non_kin": {}
    },
    "robot_poses": {
        "R1Pro": [
            {
                "position": [
                    23.28856658935547,
                    1.6585884094238281,
                    0.003753662109375
                ],
                "orientation": [
                    0.0,
                    0.0,
                    -0.8116545677185059,
                    0.5841377377510071
                ]
            }
        ],
        "Fetch": [
            {
                "position": [
                    23.70834732055664,
                    1.3118091821670532,
                    0.0012836158275604248
                ],
                "orientation": [
                    0.00234377384185791,
                    -0.001799561083316803,
                    0.793135941028595,
                    0.6090375781059265
                ]
            }
        ],
        "R1": [
            {
                "position": [
                    23.262287139892578,
                    -0.5714801549911499,
                    0.0037554502487182617
                ],
                "orientation": [
                    0.0040855687111616135,
                    -0.0029754291754215956,
                    -0.8963996171951294,
                    0.4432182013988495
                ]
            }
        ],
        "Stretch": [
            {
                "position": [
                    22.748340606689453,
                    0.7253350019454956,
                    -0.0008089244365692139
                ],
                "orientation": [
                    6.881123408675194e-05,
                    0.0019932277500629425,
                    -0.03400542959570885,
                    0.9994198083877563
                ]
            }
        ],
        "Tiago": [
            {
                "position": [
                    23.338232040405273,
                    -0.4910144805908203,
                    0.00033473968505859375
                ],
                "orientation": [
                    -2.8900110748963925e-08,
                    5.745656750377748e-08,
                    0.24485847353935242,
                    0.969558835029602
                ]
            }
        ]
    }
}