{
    "agent.n.01_1": {
        "is_asleep": false,
        "root_link": {
            "pos": [
                -50.0,
                -50.0,
                -50.0
            ],
            "ori": [
                0.0,
                0.0,
                0.0,
                1.0
            ],
            "lin_vel": [
                0.0,
                0.0,
                0.0
            ],
            "ang_vel": [
                0.0,
                0.0,
                0.0
            ]
        },
        "joint_pos": [
            73.1015396118164,
            49.36957550048828,
            50.003753662109375,
            -0.009167348966002464,
            -0.004257532302290201,
            3.09426212310791,
            -7.042727520456538e-05,
            -0.00025999912759289145,
            0.00011111998901469633,
            6.076833415136207e-06,
            -5.6319599934795406e-06,
            3.498411024338566e-05,
            1.905991792678833,
            1.9060043096542358,
            -0.9909940958023071,
            -0.9910016655921936,
            1.5710006952285767,
            1.5710012912750244,
            0.9150055050849915,
            0.9149995446205139,
            -1.5709985494613647,
            -1.5710002183914185,
            0.04999978840351105,
            0.0499999076128006,
            0.04999983683228493,
            0.04999994486570358
        ],
        "joint_vel": [
            -0.00066457997309044,
            -0.0001627392484806478,
            0.001010750769637525,
            -0.0008403296815231442,
            0.002089072484523058,
            9.81956982286647e-05,
            0.003419523825868964,
            -0.002375362440943718,
            -0.000613546755630523,
            -0.003827880136668682,
            -0.004554194863885641,
            0.003273780457675457,
            0.0026175999082624912,
            -0.0008290464757010341,
            -0.0011111334897577763,
            -0.0002450724132359028,
            -0.009229508228600025,
            0.006962688639760017,
            0.002392677590250969,
            -0.0022504697553813457,
            0.006071073934435844,
            -0.003993046469986439,
            -1.081600203178823e-06,
            9.954445886251051e-06,
            6.0036203649360687e-05,
            2.0687893993454054e-06
        ],
        "controllers": {
            "base": {
                "goal_is_valid": true,
                "goal": {
                    "target": [
                        0.0,
                        0.0,
                        0.0
                    ]
                }
            },
            "trunk": {
                "goal_is_valid": true,
                "goal": {
                    "target": [
                        -7.034261943772435e-05,
                        -0.00026055140187963843,
                        0.00011164574971189722,
                        3.3193136914633214e-06
                    ]
                }
            },
            "arm_left": {
                "goal_is_valid": true,
                "goal": {
                    "target_pos": [
                        0.5446205139160156,
                        0.396848201751709,
                        1.4467840194702148
                    ],
                    "target_ori_mat": [
                        [
                            -0.006777763366699219,
                            4.6472297981381416e-05,
                            0.9999769926071167
                        ],
                        [
                            0.0031173343304544687,
                            -0.9999949932098389,
                            6.760249380022287e-05
                        ],
                        [
                            0.9999721050262451,
                            0.003117721062153578,
                            0.006777703762054443
                        ]
                    ]
                },
                "control_filter": {
                    "past_samples": [
                        [
                            -6.182107881613774e-06,
                            1.9059959650039673,
                            -0.9909926652908325,
                            1.5710008144378662,
                            0.915006160736084,
                            -1.5709987878799438
                        ],
                        [
                            -6.746503458998632e-06,
                            1.9059970378875732,
                            -0.9909955263137817,
                            1.5710012912750244,
                            0.9150046110153198,
                            -1.570999264717102
                        ]
                    ],
                    "current_idx": 1,
                    "fully_filled": true
                }
            },
            "gripper_left": {
                "goal_is_valid": true,
                "goal": {
                    "target": [
                        1.0
                    ]
                },
                "vel_filter": {
                    "past_samples": [
                        [
                            8.940696147874405e-07,
                            0.0
                        ],
                        [
                            -8.940696147874405e-07,
                            3.1292436233343324e-06
                        ],
                        [
                            -4.4703480739372026e-07,
                            -3.576278459149762e-06
                        ],
                        [
                            -2.6822087875189027e-06,
                            -2.6822087875189027e-06
                        ],
                        [
                            3.1292436233343324e-06,
                            2.6822087875189027e-06
                        ]
                    ],
                    "current_idx": 0,
                    "fully_filled": true
                }
            },
            "arm_right": {
                "goal_is_valid": true,
                "goal": {
                    "target_pos": [
                        0.5446224212646484,
                        -0.39683768153190613,
                        1.443986415863037
                    ],
                    "target_ori_mat": [
                        [
                            0.005850493907928467,
                            -3.9637088775634766e-06,
                            0.9999827742576599
                        ],
                        [
                            -0.004663445521146059,
                            -0.9999889135360718,
                            2.331961877644062e-05
                        ],
                        [
                            0.9999719262123108,
                            -0.004663501866161823,
                            -0.00585019588470459
                        ]
                    ]
                },
                "control_filter": {
                    "past_samples": [
                        [
                            3.4509233955759555e-05,
                            1.9060077667236328,
                            -0.9910093545913696,
                            1.571000337600708,
                            0.9149968028068542,
                            -1.571000337600708
                        ],
                        [
                            3.5373530408833176e-05,
                            1.9059977531433105,
                            -0.9909940958023071,
                            1.5710002183914185,
                            0.915002167224884,
                            -1.5709999799728394
                        ]
                    ],
                    "current_idx": 1,
                    "fully_filled": true
                }
            },
            "gripper_right": {
                "goal_is_valid": true,