{
    "digital_camera.n.01_1": {
        "is_asleep": false,
        "root_link": {
            "pos": [
                -4.548354148864746,
                1.6855041980743408,
                0.03825573995709419
            ],
            "ori": [
                -6.118789315223694e-07,
                3.850436769425869e-07,
                0.47927889227867126,
                0.877662718296051
            ],
            "lin_vel": [
                -2.1478899725480005e-07,
                7.917900575193926e-07,
                7.710400495852809e-07
            ],
            "ang_vel": [
                -0.0001007773244054988,
                -8.628035720903426e-05,
                1.075598220268148e-06
            ]
        },
        "non_kin": {
            "ToggledOn": {
                "value": false,
                "hand_in_marker_steps": 0
            },
            "AttachedTo": {
                "attached_obj_uuid": -1
            }
        }
    },
    "camera_tripod.n.01_1": {
        "is_asleep": true,
        "root_link": {
            "pos": [
                -3.7190165519714355,
                1.876444697380066,
                0.8039302229881287
            ],
            "ori": [
                -0.000591801421251148,
                -0.0023065924178808928,
                0.01158242579549551,
                0.9999303817749023
            ],
            "lin_vel": [
                0.0,
                0.0,
                0.0
            ],
            "ang_vel": [
                0.0,
                0.0,
                0.0
            ]
        },
        "non_kin": {
            "AttachedTo": {
                "attached_obj_uuid": -1
            }
        }
    },
    "floor.n.01_1": {
        "is_asleep": false,
        "root_link": {
            "pos": [
                -4.461475372314453,
                1.926833987236023,
                -0.15000000596046448
            ],
            "ori": [
                0.0,
                0.0,
                0.0,
                1.0
            ]
        },
        "non_kin": {}
    },
    "robot_poses": {
        "R1Pro": [
            {
                "position": [
                    -5.142005920410156,
                    1.2569313049316406,
                    0.003765106201171875
                ],
                "orientation": [
                    0.0,
                    0.0,
                    -0.720264732837677,
                    0.693699300289154
                ]
            }
        ],
        "Fetch": [
            {
                "position": [
                    -4.973608016967773,
                    1.9776833057403564,
                    0.0012935101985931396
                ],
                "orientation": [
                    -0.0010604038834571838,
                    -0.0027567953802645206,
                    -0.35895228385925293,
                    0.9333512187004089
                ]
            }
        ],
        "R1": [
            {
                "position": [
                    -5.487404823303223,
                    1.3590890169143677,
                    0.003765106201171875
                ],
                "orientation": [
                    0.004747211933135986,
                    -0.0017343253130093217,
                    -0.7395811676979065,
                    0.6730484366416931
                ]
            }
        ],
        "Stretch": [
            {
                "position": [
                    -5.096535682678223,
                    1.6892396211624146,
                    -0.0007992833852767944
                ],
                "orientation": [
                    -4.803569754585624e-05,
                    0.0019938757177442312,
                    0.024533122777938843,
                    0.9996970891952515
                ]
            }
        ],
        "Tiago": [
            {
                "position": [
                    -3.431565999984741,
                    0.9032161235809326,
                    0.00034427642822265625
                ],
                "orientation": [
                    -6.714966360732433e-08,
                    5.20076781640455e-09,
                    0.9386831521987915,
                    0.3447813391685486
                ]
            }
        ]
    }
}