{
    "agent.n.01_1": {
        "is_asleep": false,
        "root_link": {
            "pos": [
                -50.0,
                -50.0,
                -50.0
            ],
            "ori": [
                0.0,
                0.0,
                0.0,
                1.0
            ],
            "lin_vel": [
                0.0,
                0.0,
                0.0
            ],
            "ang_vel": [
                0.0,
                0.0,
                0.0
            ]
        },
        "joint_pos": [
            46.52286148071289,
            50.61405944824219,
            50.00376510620117,
            0.005430601537227631,
            -0.008525818586349487,
            -1.4858479499816895,
            -6.996274896664545e-05,
            -0.00025990299764089286,
            0.00011161410657223314,
            3.864230620820308e-06,
            -6.981204933254048e-06,
            3.476421989034861e-05,
            1.906002163887024,
            1.9060007333755493,
            -0.9909993410110474,
            -0.9910033941268921,
            1.5709987878799438,
            1.571000337600708,
            0.9150032997131348,
            0.9149987101554871,
            -1.5709974765777588,
            -1.571000099182129,
            0.04999982938170433,
            0.049999937415122986,
            0.049999892711639404,
            0.04999988526105881
        ],
        "joint_vel": [
            0.00014562925207428634,
            7.874678703956306e-05,
            -0.0009856127435341477,
            -0.00019989657448604703,
            -1.1781550711020827e-05,
            -0.00023972422059159726,
            0.0007922074291855097,
            -2.3461790988221765e-05,
            0.0004551064921543002,
            0.00044518860522657633,
            0.00031885565840639174,
            0.0005457341903820634,
            -0.0011760612251237035,
            0.0012783282436430454,
            -0.0003993064456153661,
            0.00030764719122089446,
            0.0005841415259055793,
            0.0009168136166408658,
            -0.0010143900290131569,
            0.0009685242548584938,
            -0.000556649814825505,
            -0.0007887294050306082,
            2.575143298599869e-05,
            -9.334007700090297e-08,
            1.2634927770704962e-06,
            1.8509947040001862e-05
        ],
        "controllers": {
            "base": {
                "goal_is_valid": true,
                "goal": {
                    "target": [
                        0.0,
                        0.0,
                        0.0
                    ]
                }
            },
            "trunk": {
                "goal_is_valid": true,
                "goal": {
                    "target": [
                        -7.034466398181394e-05,
                        -0.00026055407943204045,
                        0.00011164566967636347,
                        3.331742618684075e-06
                    ]
                }
            },
            "arm_left": {
                "goal_is_valid": true,
                "goal": {
                    "target_pos": [
                        0.544621467590332,
                        0.3968484401702881,
                        1.446784257888794
                    ],
                    "target_ori_mat": [
                        [
                            -0.00677800178527832,
                            4.691304638981819e-05,
                            0.9999771118164062
                        ],
                        [
                            0.0031172658782452345,
                            -0.999995231628418,
                            6.8043009378016e-05
                        ],
                        [
                            0.9999722242355347,
                            0.0031176554039120674,
                            0.006777703762054443
                        ]
                    ]
                },
                "control_filter": {
                    "past_samples": [
                        [
                            -6.617468443437247e-06,
                            1.906002163887024,
                            -0.9909991025924683,
                            1.5709995031356812,
                            0.9150046110153198,
                            -1.5709974765777588
                        ],
                        [
                            -6.653558102698298e-06,
                            1.9060022830963135,
                            -0.9910012483596802,
                            1.5710002183914185,
                            0.9150018692016602,
                            -1.570998191833496
                        ]
                    ],
                    "current_idx": 0,
                    "fully_filled": true
                }
            },
            "gripper_left": {
                "goal_is_valid": true,
                "goal": {
                    "target": [
                        1.0
                    ]
                },
                "vel_filter": {
                    "past_samples": [
                        [
                            4.917382739222376e-06,
                            6.258487246668665e-06
                        ],
                        [
                            -3.576278459149762e-06,
                            -9.387730642629322e-06
                        ],
                        [
                            4.023313522338867e-06,
                            8.940695806813892e-06
                        ],
                        [
                            -5.364417575037805e-06,
                            -8.046627044677734e-06
                        ],
                        [
                            3.1292436233343324e-06,
                            8.493661880493164e-06
                        ]
                    ],
                    "current_idx": 0,
                    "fully_filled": true
                }
            },
            "arm_right": {
                "goal_is_valid": true,
                "goal": {
                    "target_pos": [
                        0.5446252822875977,
                        -0.3968372344970703,
                        1.4439865350723267
                    ],
                    "target_ori_mat": [
                        [
                            0.005850493907928467,
                            -3.5762786865234375e-06,
                            0.9999827742576599
                        ],
                        [
                            -0.004663359839469194,
                            -0.9999889135360718,
                            2.3706583306193352e-05
                        ],
                        [
                            0.9999719262123108,
                            -0.0046634189784526825,
                            -0.00585019588470459
                        ]
                    ]
                },
                "control_filter": {
                    "past_samples": [
                        [
                            3.423475209274329e-05,
                            1.9060019254684448,
                            -0.9910039901733398,
                            1.5709997415542603,
                            0.9149977564811707,
                            -1.5709997415542603
                        ],
                        [
                            3.501565151964314e-05,
                            1.906002402305603,
                            -0.9910028576850891,
                            1.571000576019287,
                            0.914999783039093,
                            -1.5710002183914185
                        ]
                    ],
                    "current_idx": 0,
                    "fully_filled": true
                }
            },
            "gripper_right": {
                "goal_is_valid": true,