{
    "digital_camera.n.01_1": {
        "is_asleep": false,
        "root_link": {
            "pos": [
                -4.595537185668945,
                1.0636096000671387,
                0.0382557287812233
            ],
            "ori": [
                9.872019290924072e-08,
                9.173527359962463e-07,
                -0.5323382616043091,
                0.8465316891670227
            ],
            "lin_vel": [
                -4.79378314821588e-08,
                -6.369252503191092e-08,
                -8.116626304399688e-08
            ],
            "ang_vel": [
                1.737113620947639e-06,
                -2.4539456262573367e-06,
                1.4582427354525862e-07
            ]
        },
        "non_kin": {
            "ToggledOn": {
                "value": false,
                "hand_in_marker_steps": 0
            },
            "AttachedTo": {
                "attached_obj_uuid": -1
            }
        }
    },
    "camera_tripod.n.01_1": {
        "is_asleep": true,
        "root_link": {
            "pos": [
                -3.906047821044922,
                0.6176686882972717,
                0.80392986536026
            ],
            "ori": [
                0.0013414479326456785,
                -0.001967841759324074,
                0.7585864663124084,
                0.6515683531761169
            ],
            "lin_vel": [
                0.0,
                0.0,
                0.0
            ],
            "ang_vel": [
                0.0,
                0.0,
                0.0
            ]
        },
        "non_kin": {
            "AttachedTo": {
                "attached_obj_uuid": -1
            }
        }
    },
    "floor.n.01_1": {
        "is_asleep": false,
        "root_link": {
            "pos": [
                -4.461475372314453,
                1.926833987236023,
                -0.15000000596046448
            ],
            "ori": [
                0.0,
                0.0,
                0.0,
                1.0
            ]
        },
        "non_kin": {}
    },
    "robot_poses": {
        "R1Pro": [
            {
                "position": [
                    -3.6351966857910156,
                    1.9827537536621094,
                    0.003765106201171875
                ],
                "orientation": [
                    0.0,
                    0.0,
                    -0.2094937115907669,
                    0.9778099656105042
                ]
            }
        ],
        "Fetch": [
            {
                "position": [
                    -3.3588082790374756,
                    2.3096649646759033,
                    0.0012933909893035889
                ],
                "orientation": [
                    -0.002284526824951172,
                    -0.0018696971237659454,
                    -0.7738208770751953,
                    0.63339763879776
                ]
            }
        ],
        "R1": [
            {
                "position": [
                    -3.879429817199707,
                    1.4869228601455688,
                    0.003765106201171875
                ],
                "orientation": [
                    0.0025661438703536987,
                    0.004354247357696295,
                    0.5278303623199463,
                    0.8493347764015198
                ]
            }
        ],
        "Stretch": [
            {
                "position": [
                    -3.1477370262145996,
                    1.0603315830230713,
                    -0.0007995516061782837
                ],
                "orientation": [
                    0.0011391565203666687,
                    0.0016370683442801237,
                    -0.5712348818778992,
                    0.8207842707633972
                ]
            }
        ],
        "Tiago": [
            {
                "position": [
                    -4.683145046234131,
                    1.4916410446166992,
                    0.00034427642822265625
                ],
                "orientation": [
                    -7.862328033070298e-08,
                    5.3226639096237705e-08,
                    0.9989450573921204,
                    0.04592086374759674
                ]
            }
        ]
    }
}