{
    "digital_camera.n.01_1": {
        "is_asleep": true,
        "root_link": {
            "pos": [
                -3.35398268699646,
                1.1819008588790894,
                0.038255758583545685
            ],
            "ori": [
                -4.2282044887542725e-07,
                -7.981434464454651e-07,
                0.8707975149154663,
                -0.4916418492794037
            ],
            "lin_vel": [
                0.0,
                0.0,
                0.0
            ],
            "ang_vel": [
                0.0,
                0.0,
                0.0
            ]
        },
        "non_kin": {
            "ToggledOn": {
                "value": false,
                "hand_in_marker_steps": 0
            },
            "AttachedTo": {
                "attached_obj_uuid": -1
            }
        }
    },
    "camera_tripod.n.01_1": {
        "is_asleep": true,
        "root_link": {
            "pos": [
                -3.05025577545166,
                0.9894782900810242,
                0.8039299845695496
            ],
            "ori": [
                0.0022353599779307842,
                -0.000821380119305104,
                0.9960038065910339,
                0.08928173780441284
            ],
            "lin_vel": [
                0.0,
                0.0,
                0.0
            ],
            "ang_vel": [
                0.0,
                0.0,
                0.0
            ]
        },
        "non_kin": {
            "AttachedTo": {
                "attached_obj_uuid": -1
            }
        }
    },
    "floor.n.01_1": {
        "is_asleep": false,
        "root_link": {
            "pos": [
                -4.461475372314453,
                1.926833987236023,
                -0.15000000596046448
            ],
            "ori": [
                0.0,
                0.0,
                0.0,
                1.0
            ]
        },
        "non_kin": {}
    },
    "robot_poses": {
        "R1Pro": [
            {
                "position": [
                    -4.592830657958984,
                    1.8073844909667969,
                    0.003765106201171875
                ],
                "orientation": [
                    0.0,
                    0.0,
                    0.7610765099525452,
                    0.6486620903015137
                ]
            }
        ],
        "Fetch": [
            {
                "position": [
                    -4.041376113891602,
                    1.8280187845230103,
                    0.0012934207916259766
                ],
                "orientation": [
                    0.002715855836868286,
                    0.0011611264199018478,
                    0.9194464683532715,
                    -0.39320409297943115
                ]
            }
        ],
        "R1": [
            {
                "position": [
                    -4.42855167388916,
                    1.401557207107544,
                    0.0037651807069778442
                ],
                "orientation": [
                    0.001218617893755436,
                    0.004904869943857193,
                    0.7479890584945679,
                    0.6636918783187866
                ]
            }
        ],
        "Stretch": [
            {
                "position": [
                    -5.900052547454834,
                    0.924000084400177,
                    -0.0007991790771484375
                ],
                "orientation": [
                    -1.1808515409938991e-06,
                    0.0019948589615523815,
                    0.0012853413354605436,
                    0.9999972581863403
                ]
            }
        ],
        "Tiago": [
            {
                "position": [
                    -4.372574806213379,
                    2.0706536769866943,
                    0.00034427642822265625
                ],
                "orientation": [
                    4.331242564603599e-08,
                    -6.985569456219309e-09,
                    -0.6631050109863281,
                    0.748526394367218
                ]
            }
        ]
    }
}