{
    "agent.n.01_1": {
        "is_asleep": false,
        "root_link": {
            "pos": [
                -50.0,
                -50.0,
                -50.0
            ],
            "ori": [
                0.0,
                0.0,
                0.0,
                1.0
            ],
            "lin_vel": [
                0.0,
                0.0,
                0.0
            ],
            "ang_vel": [
                0.0,
                0.0,
                0.0
            ]
        },
        "joint_pos": [
            45.778995513916016,
            51.70248031616211,
            50.00376510620117,
            0.009903949685394764,
            0.0020217462442815304,
            -0.2808647155761719,
            -7.142830145312473e-05,
            -0.0002600945590529591,
            0.00011087874008808285,
            3.826666215900332e-06,
            -5.6373473853454925e-06,
            3.3840766263892874e-05,
            1.906007170677185,
            1.9060038328170776,
            -0.9910079836845398,
            -0.9910067319869995,
            1.5710006952285767,
            1.571000099182129,
            0.9149978756904602,
            0.9149991869926453,
            -1.570999026298523,
            -1.5709999799728394,
            0.04999985545873642,
            0.04999999329447746,
            0.0499999113380909,
            0.04999993368983269
        ],
        "joint_vel": [
            0.00021999656746629626,
            0.00017078081145882607,
            -0.0008339532651007175,
            -9.095460700336844e-05,
            -0.0001287276390939951,
            0.0001760980812832713,
            0.0012895872350782156,
            -0.0018377418164163828,
            0.0004978390061296523,
            0.0016792657552286983,
            0.0004726584302261472,
            0.0009745376883074641,
            -0.0028065782971680164,
            0.002062742132693529,
            0.0001244829036295414,
            0.0006769123720005155,
            0.0006685807602480054,
            0.0015557132428511977,
            -0.001628898666240275,
            0.0016612649196758866,
            -0.000791681872215122,
            -0.001283313613384962,
            5.117779801366851e-05,
            -4.002104833489284e-05,
            -1.685113602434285e-05,
            1.7464650227339007e-05
        ],
        "controllers": {
            "base": {
                "goal_is_valid": true,
                "goal": {
                    "target": [
                        0.0,
                        0.0,
                        0.0
                    ]
                }
            },
            "trunk": {
                "goal_is_valid": true,
                "goal": {
                    "target": [
                        -7.036917668301612e-05,
                        -0.000260604836512357,
                        0.00011165028263349086,
                        3.322879820188973e-06
                    ]
                }
            },
            "arm_left": {
                "goal_is_valid": true,
                "goal": {
                    "target_pos": [
                        0.5446221828460693,
                        0.3968484103679657,
                        1.446784257888794
                    ],
                    "target_ori_mat": [
                        [
                            -0.006778120994567871,
                            4.650966729968786e-05,
                            0.9999769330024719
                        ],
                        [
                            0.0031173545867204666,
                            -0.9999948740005493,
                            6.764126010239124e-05
                        ],
                        [
                            0.9999720454216003,
                            0.0031177415512502193,
                            0.006778240203857422
                        ]
                    ]
                },
                "control_filter": {
                    "past_samples": [
                        [
                            -7.166130671976134e-06,
                            1.9060051441192627,
                            -0.9910046458244324,
                            1.5710008144378662,
                            0.9149998426437378,
                            -1.5709989070892334
                        ],
                        [
                            -5.213335953158094e-06,
                            1.9060066938400269,
                            -0.9910094738006592,
                            1.5710010528564453,
                            0.914997935295105,
                            -1.5709995031356812
                        ]
                    ],
                    "current_idx": 0,
                    "fully_filled": true
                }
            },
            "gripper_left": {
                "goal_is_valid": true,
                "goal": {
                    "target": [
                        1.0
                    ]
                },
                "vel_filter": {
                    "past_samples": [
                        [
                            -1.3411043937594513e-06,
                            -3.576278459149762e-06
                        ],
                        [
                            -4.917382739222376e-06,
                            -4.470347903406946e-06
                        ],
                        [
                            4.023313522338867e-06,
                            3.576278459149762e-06
                        ],
                        [
                            5.364417575037805e-06,
                            -4.470347903406946e-06
                        ],
                        [
                            -6.7055220824840944e-06,
                            1.0281800314260181e-05
                        ]
                    ],
                    "current_idx": 0,
                    "fully_filled": true
                }
            },
            "arm_right": {
                "goal_is_valid": true,
                "goal": {
                    "target_pos": [
                        0.5446252822875977,
                        -0.3968370258808136,
                        1.4439866542816162
                    ],
                    "target_ori_mat": [
                        [
                            0.005850017070770264,
                            -3.4205149859189987e-06,
                            0.9999829530715942
                        ],
                        [
                            -0.004663452506065369,
                            -0.9999891519546509,
                            2.386118285357952e-05
                        ],
                        [
                            0.9999721050262451,
                            -0.004663512110710144,
                            -0.005849957466125488
                        ]
                    ]
                },
                "control_filter": {
                    "past_samples": [
                        [
                            3.538165765348822e-05,
                            1.906000018119812,
                            -0.9910008907318115,
                            1.5709996223449707,
                            0.9150004982948303,
                            -1.5709996223449707
                        ],
                        [
                            3.420599750825204e-05,
                            1.9060075283050537,
                            -0.9910086393356323,
                            1.571000337600708,
                            0.9149987697601318,
                            -1.5709999799728394
                        ]
                    ],
                    "current_idx": 0,
                    "fully_filled": true
                }
            },
            "gripper_right": {
                "goal_is_valid": true,