{
    "log.n.01_1": {
        "is_asleep": true,
        "root_link": {
            "pos": [
                -9.680447578430176,
                3.2301011085510254,
                0.04653633385896683
            ],
            "ori": [
                0.04547369107604027,
                -0.016635427251458168,
                -0.3384985327720642,
                0.9397203326225281
            ],
            "lin_vel": [
                0.0,
                0.0,
                0.0
            ],
            "ang_vel": [
                0.0,
                0.0,
                0.0
            ]
        },
        "non_kin": {
            "Temperature": {
                "temperature": 23.0
            }
        }
    },
    "log.n.01_2": {
        "is_asleep": true,
        "root_link": {
            "pos": [
                -15.718215942382812,
                6.412764549255371,
                0.04653644189238548
            ],
            "ori": [
                0.03474266827106476,
                0.03368668258190155,
                0.698798418045044,
                0.713679850101471
            ],
            "lin_vel": [
                0.0,
                0.0,
                0.0
            ],
            "ang_vel": [
                0.0,
                0.0,
                0.0
            ]
        },
        "non_kin": {
            "Temperature": {
                "temperature": 23.0
            }
        }
    },
    "log.n.01_3": {
        "is_asleep": false,
        "root_link": {
            "pos": [
                -13.642599105834961,
                3.0080623626708984,
                0.046618156135082245
            ],
            "ori": [
                0.00853536557406187,
                0.039573367685079575,
                0.9747966527938843,
                0.21939152479171753
            ],
            "lin_vel": [
                -0.0064827739261090755,
                -0.013542376458644867,
                0.005204280372709036
            ],
            "ang_vel": [
                0.27941107749938965,
                -0.12972122430801392,
                0.000517788459546864
            ]
        },
        "non_kin": {
            "Temperature": {
                "temperature": 23.0
            }
        }
    },
    "log.n.01_4": {
        "is_asleep": true,
        "root_link": {
            "pos": [
                -10.351515769958496,
                4.676991939544678,
                0.04653652757406235
            ],
            "ori": [
                0.04332518205046654,
                -0.02154003083705902,
                -0.4402605891227722,
                0.8965654373168945
            ],
            "lin_vel": [
                0.0,
                0.0,
                0.0
            ],
            "ang_vel": [
                0.0,
                0.0,
                0.0
            ]
        },
        "non_kin": {
            "Temperature": {
                "temperature": 23.0
            }
        }
    },
    "driveway.n.01_1": {
        "is_asleep": false,
        "root_link": {
            "pos": [
                -12.69985294342041,
                5.707181453704834,
                -0.15000006556510925
            ],
            "ori": [
                0.0,
                0.0,
                0.0,
                1.0
            ]
        },
        "non_kin": {}
    },
    "ax.n.01_1": {
        "is_asleep": true,
        "root_link": {
            "pos": [
                -14.4426908493042,
                5.333236217498779,
                0.01659633219242096
            ],
            "ori": [
                0.0009164749644696712,
                -0.00012868503108620644,
                -0.46656858921051025,
                0.8844847679138184
            ],
            "lin_vel": [
                0.0,
                0.0,
                0.0
            ],
            "ang_vel": [
                0.0,
                0.0,
                0.0
            ]
        },
        "non_kin": {
            "SlicerActive": {
                "value": true,
                "previously_touching": false,
                "delay_counter": 0
            }
        }
    },
    "chopping_block.n.01_1": {
        "is_asleep": true,
        "root_link": {
            "pos": [
                -13.073470115661621,
                4.540971755981445,
                0.04999099299311638
            ],
            "ori": [
                6.279849912971258e-06,
                -7.648302562301978e-05,
                -0.44872602820396423,
                0.8936693668365479
            ],
            "lin_vel": [
                0.0,
                0.0,
                0.0
            ],
            "ang_vel": [
                0.0,
                0.0,
                0.0
            ]
        },
        "non_kin": {}
    },
    "robot_poses": {
        "R1Pro": [
            {
                "position": [
                    -14.33493423461914,
                    3.8668861389160156,
                    0.003765106201171875
                ],
                "orientation": [
                    0.0,
                    0.0,
                    -0.04583370313048363,
                    0.9989491105079651
                ]
            }
        ],
        "Fetch": [
            {
                "position": [
                    -14.44079303741455,
                    2.4695024490356445,
                    0.0012933313846588135
                ],
                "orientation": [
                    0.002422153949737549,
                    -0.0016960017383098602,
                    0.8191543817520142,
                    0.5735657215118408
                ]
            }
        ],
        "R1": [
            {
                "position": [
                    -11.496293067932129,
                    3.836979389190674,
                    0.003765106201171875
                ],
                "orientation": [
                    -0.0007275678217411041,
                    0.005001417361199856,
                    0.9435256719589233,
                    0.33126068115234375
                ]
            }
        ],
        "Stretch": [
            {
                "position": [
                    -11.25300407409668,
                    3.4109137058258057,
                    -0.0007994472980499268
                ],
                "orientation": [
                    -0.0017544161528348923,
                    -0.0009501473396085203,
                    0.8791215419769287,
                    -0.47659361362457275
                ]
            }
        ],
        "Tiago": [
            {
                "position": [
                    -14.56899356842041,
                    4.1885175704956055,
                    0.00034427642822265625
                ],
                "orientation": [
                    -6.936472729535126e-09,
                    2.8277238328655585e-08,
                    -0.2514541447162628,
                    0.967869222164154
                ]
            }
        ]
    }
}