{
    "log.n.01_1": {
        "is_asleep": true,
        "root_link": {
            "pos": [
                -11.5935640335083,
                5.52547025680542,
                0.04647498577833176
            ],
            "ori": [
                0.030023589730262756,
                0.037805452942848206,
                0.7824413180351257,
                0.6208505034446716
            ],
            "lin_vel": [
                0.0,
                0.0,
                0.0
            ],
            "ang_vel": [
                0.0,
                0.0,
                0.0
            ]
        },
        "non_kin": {
            "Temperature": {
                "temperature": 23.0
            }
        }
    },
    "log.n.01_2": {
        "is_asleep": true,
        "root_link": {
            "pos": [
                -10.3881254196167,
                3.250250816345215,
                0.04653654620051384
            ],
            "ori": [
                -0.01934708096086979,
                0.04434172809123993,
                0.9135023951530457,
                -0.4039470851421356
            ],
            "lin_vel": [
                0.0,
                0.0,
                0.0
            ],
            "ang_vel": [
                0.0,
                0.0,
                0.0
            ]
        },
        "non_kin": {
            "Temperature": {
                "temperature": 23.0
            }
        }
    },
    "log.n.01_3": {
        "is_asleep": true,
        "root_link": {
            "pos": [
                -14.926405906677246,
                5.995560169219971,
                0.046536728739738464
            ],
            "ori": [
                0.02573397383093834,
                0.04098815843462944,
                0.8485143780708313,
                0.5269545316696167
            ],
            "lin_vel": [
                0.0,
                0.0,
                0.0
            ],
            "ang_vel": [
                0.0,
                0.0,
                0.0
            ]
        },
        "non_kin": {
            "Temperature": {
                "temperature": 23.0
            }
        }
    },
    "log.n.01_4": {
        "is_asleep": true,
        "root_link": {
            "pos": [
                -13.327771186828613,
                2.7522311210632324,
                0.04651563614606857
            ],
            "ori": [
                0.04109002649784088,
                0.014076032675802708,
                0.31530025601387024,
                0.947997510433197
            ],
            "lin_vel": [
                0.0,
                0.0,
                0.0
            ],
            "ang_vel": [
                0.0,
                0.0,
                0.0
            ]
        },
        "non_kin": {
            "Temperature": {
                "temperature": 23.0
            }
        }
    },
    "driveway.n.01_1": {
        "is_asleep": false,
        "root_link": {
            "pos": [
                -12.69985294342041,
                5.707181453704834,
                -0.15000006556510925
            ],
            "ori": [
                0.0,
                0.0,
                0.0,
                1.0
            ]
        },
        "non_kin": {}
    },
    "ax.n.01_1": {
        "is_asleep": true,
        "root_link": {
            "pos": [
                -12.988567352294922,
                3.4671506881713867,
                0.016596315428614616
            ],
            "ori": [
                0.0008442199905402958,
                0.00037922034971415997,
                0.07618585973978043,
                0.9970933794975281
            ],
            "lin_vel": [
                0.0,
                0.0,
                0.0
            ],
            "ang_vel": [
                0.0,
                0.0,
                0.0
            ]
        },
        "non_kin": {
            "SlicerActive": {
                "value": true,
                "previously_touching": false,
                "delay_counter": 0
            }
        }
    },
    "chopping_block.n.01_1": {
        "is_asleep": true,
        "root_link": {
            "pos": [
                -12.717666625976562,
                5.520509243011475,
                0.049990974366664886
            ],
            "ori": [
                7.371048559434712e-05,
                2.1338339138310403e-05,
                0.964808464050293,
                0.26295384764671326
            ],
            "lin_vel": [
                0.0,
                0.0,
                0.0
            ],
            "ang_vel": [
                0.0,
                0.0,
                0.0
            ]
        },
        "non_kin": {}
    },
    "robot_poses": {
        "R1Pro": [
            {
                "position": [
                    -13.586315155029297,
                    4.099941253662109,
                    0.003765106201171875
                ],
                "orientation": [
                    0.0,
                    0.0,
                    0.945955216884613,
                    0.3242972195148468
                ]
            }
        ],
        "Fetch": [
            {
                "position": [
                    -13.426746368408203,
                    5.183359622955322,
                    0.001293092966079712
                ],
                "orientation": [
                    0.0017570927739143372,
                    -0.0023722508922219276,
                    0.5955471992492676,
                    0.8033150434494019
                ]
            }
        ],
        "R1": [
            {
                "position": [
                    -11.888108253479004,
                    3.457651138305664,
                    0.003765106201171875
                ],
                "orientation": [
                    0.003564339131116867,
                    -0.0035832219291478395,
                    -0.9551571011543274,
                    0.2960566580295563
                ]
            }
        ],
        "Stretch": [
            {
                "position": [
                    -10.508020401000977,
                    8.712507247924805,
                    -0.0007996261119842529
                ],
                "orientation": [
                    0.00020418758504092693,
                    0.0019837692379951477,
                    -0.1024339571595192,
                    0.9947379231452942
                ]
            }
        ],
        "Tiago": [
            {
                "position": [
                    -13.921086311340332,
                    4.677757740020752,
                    0.00034427642822265625
                ],
                "orientation": [
                    1.9909798254502675e-09,
                    1.3171073121043264e-08,
                    -0.5071164965629578,
                    0.8618775010108948
                ]
            }
        ]
    }
}