{
    "agent.n.01_1": {
        "is_asleep": false,
        "root_link": {
            "pos": [
                -50.0,
                -50.0,
                -50.0
            ],
            "ori": [
                0.0,
                0.0,
                0.0,
                1.0
            ],
            "lin_vel": [
                0.0,
                0.0,
                0.0
            ],
            "ang_vel": [
                0.0,
                0.0,
                0.0
            ]
        },
        "joint_pos": [
            36.471920013427734,
            53.59758758544922,
            50.00376510620117,
            0.003174304496496916,
            0.00959704164415598,
            0.769163191318512,
            -7.02542529325001e-05,
            -0.00026035949122160673,
            0.0001114726546802558,
            4.584695034282049e-06,
            -6.423213108064374e-06,
            3.5369441320654005e-05,
            1.905990719795227,
            1.9060038328170776,
            -0.9909965395927429,
            -0.9909939765930176,
            1.5710004568099976,
            1.5710010528564453,
            0.9149947762489319,
            0.9150109887123108,
            -1.5709986686706543,
            -1.5710009336471558,
            0.05000000074505806,
            0.05000000074505806,
            0.04999988153576851,
            0.04999969154596329
        ],
        "joint_vel": [
            -3.136152736260556e-05,
            4.900128988083452e-05,
            -0.0010535094188526273,
            6.409650814021006e-05,
            -8.26159812277183e-05,
            9.411815699422732e-05,
            0.00045087269973009825,
            8.259157766588032e-06,
            0.0001538389187771827,
            0.00044344784691929817,
            0.0001693006488494575,
            0.0002387010317761451,
            -0.0006865693139843643,
            0.000629024172667414,
            -0.00019231454643886536,
            0.00014288240345194936,
            0.00020017828501295298,
            0.00034829461947083473,
            -0.0005676366854459047,
            0.0005113700171932578,
            -0.00024378980742767453,
            -0.00028173625469207764,
            2.2224048734642565e-05,
            8.257980880443938e-06,
            1.3286012290336657e-06,
            -2.023061824729666e-07
        ],
        "controllers": {
            "base": {
                "goal_is_valid": true,
                "goal": {
                    "target": [
                        0.0,
                        0.0,
                        0.0
                    ]
                }
            },
            "trunk": {
                "goal_is_valid": true,
                "goal": {
                    "target": [
                        -7.043722143862396e-05,
                        -0.0002607464848551899,
                        0.00011166380863869563,
                        3.287096660642419e-06
                    ]
                }
            },
            "arm_left": {
                "goal_is_valid": true,
                "goal": {
                    "target_pos": [
                        0.5446205139160156,
                        0.3968496322631836,
                        1.4467843770980835
                    ],
                    "target_ori_mat": [
                        [
                            -0.006778359413146973,
                            4.666775930672884e-05,
                            0.9999771118164062
                        ],
                        [
                            0.0031181443482637405,
                            -0.999995231628418,
                            6.780470721423626e-05
                        ],
                        [
                            0.9999722242355347,
                            0.003118532244116068,
                            0.006778061389923096
                        ]
                    ]
                },
                "control_filter": {
                    "past_samples": [
                        [
                            -6.00791463511996e-06,
                            1.9059921503067017,
                            -0.9909973740577698,
                            1.5710006952285767,
                            0.9149962663650513,
                            -1.5709995031356812
                        ],
                        [
                            -6.98414032740402e-06,
                            1.9059892892837524,
                            -0.9909995794296265,
                            1.5709997415542603,
                            0.914991557598114,
                            -1.570999026298523
                        ]
                    ],
                    "current_idx": 0,
                    "fully_filled": true
                }
            },
            "gripper_left": {
                "goal_is_valid": true,
                "goal": {
                    "target": [
                        1.0
                    ]
                },
                "vel_filter": {
                    "past_samples": [
                        [
                            1.162290482170647e-05,
                            8.493661880493164e-06
                        ],
                        [
                            -1.251697449333733e-05,
                            -1.5199183508229908e-05
                        ],
                        [
                            -1.0281800314260181e-05,
                            -1.3858079000783619e-05
                        ],
                        [
                            1.0281800314260181e-05,
                            1.3858079000783619e-05
                        ],
                        [
                            -1.162290482170647e-05,
                            -8.493661880493164e-06
                        ]
                    ],
                    "current_idx": 2,
                    "fully_filled": true
                }
            },
            "arm_right": {
                "goal_is_valid": true,
                "goal": {
                    "target_pos": [
                        0.5446243286132812,
                        -0.3968353271484375,
                        1.4439870119094849
                    ],
                    "target_ori_mat": [
                        [
                            0.0058501362800598145,
                            -3.815395757555962e-06,
                            0.9999827742576599
                        ],
                        [
                            -0.004663287661969662,
                            -0.9999889135360718,
                            2.3465370759367943e-05
                        ],
                        [
                            0.9999719262123108,
                            -0.004663344472646713,
                            -0.0058498382568359375
                        ]
                    ]
                },
                "control_filter": {
                    "past_samples": [
                        [
                            3.510266833472997e-05,
                            1.9060028791427612,
                            -0.9909940361976624,
                            1.5710004568099976,
                            0.9150086045265198,
                            -1.571000337600708
                        ],
                        [
                            3.546356310835108e-05,
                            1.9060074090957642,
                            -0.990993320941925,
                            1.5710009336471558,
                            0.9150137305259705,
                            -1.5710004568099976
                        ]
                    ],
                    "current_idx": 0,
                    "fully_filled": true
                }
            },
            "gripper_right": {
                "goal_is_valid": true,