{
    "agent.n.01_1": {
        "is_asleep": false,
        "root_link": {
            "pos": [
                -50.0,
                -50.0,
                -50.0
            ],
            "ori": [
                0.0,
                0.0,
                0.0,
                1.0
            ],
            "lin_vel": [
                0.0,
                0.0,
                0.0
            ],
            "ang_vel": [
                0.0,
                0.0,
                0.0
            ]
        },
        "joint_pos": [
            39.691864013671875,
            53.1973876953125,
            50.00376510620117,
            0.006708359811455011,
            0.007561508100479841,
            0.3628893494606018,
            -7.060953066684306e-05,
            -0.00026027552667073905,
            0.00011119402188342065,
            3.878625648212619e-06,
            -7.810040187905543e-06,
            3.436707265791483e-05,
            1.9059971570968628,
            1.906001329421997,
            -0.990993857383728,
            -0.9909995794296265,
            1.5709989070892334,
            1.5709989070892334,
            0.915002703666687,
            0.9150028824806213,
            -1.5709975957870483,
            -1.5709989070892334,
            0.04999997466802597,
            0.04999979957938194,
            0.049999918788671494,
            0.049999695271253586
        ],
        "joint_vel": [
            -3.528857632772997e-05,
            0.00011566908506210893,
            -0.0010177363874390721,
            0.00011294450087007135,
            -0.0001205437583848834,
            6.72120222589001e-05,
            0.0005799580831080675,
            -0.0004440028569661081,
            0.00010559303336776793,
            0.0009437844273634255,
            0.0004975546034984291,
            0.00041867964318953454,
            -0.001492587965913117,
            0.0013590811286121607,
            -0.0001503683306509629,
            0.00028863572515547276,
            0.0006493222899734974,
            0.0006200997740961611,
            -0.0009716425556689501,
            0.0008973525837063789,
            -0.00059277075342834,
            -0.0005769692943431437,
            2.4170411052182317e-05,
            1.4835326510365121e-05,
            -3.0224064175854437e-06,
            3.688900324050337e-05
        ],
        "controllers": {
            "base": {
                "goal_is_valid": true,
                "goal": {
                    "target": [
                        0.0,
                        0.0,
                        0.0
                    ]
                }
            },
            "trunk": {
                "goal_is_valid": true,
                "goal": {
                    "target": [
                        -7.038365583866835e-05,
                        -0.0002606361813377589,
                        0.00011165341857122257,
                        3.314363084427896e-06
                    ]
                }
            },
            "arm_left": {
                "goal_is_valid": true,
                "goal": {
                    "target_pos": [
                        0.544621467590332,
                        0.396848201751709,
                        1.446784496307373
                    ],
                    "target_ori_mat": [
                        [
                            -0.006778120994567871,
                            4.6443426981568336e-05,
                            0.9999769330024719
                        ],
                        [
                            0.0031174379400908947,
                            -0.9999948740005493,
                            6.757560186088085e-05
                        ],
                        [
                            0.9999720454216003,
                            0.00311782443895936,
                            0.006778240203857422
                        ]
                    ]
                },
                "control_filter": {
                    "past_samples": [
                        [
                            -8.166451152646914e-06,
                            1.9059991836547852,
                            -0.9909969568252563,
                            1.5709987878799438,
                            0.9150030016899109,
                            -1.5709975957870483
                        ],
                        [
                            -7.465464022970991e-06,
                            1.90599524974823,
                            -0.9909929633140564,
                            1.5709998607635498,
                            0.9150031208992004,
                            -1.570998191833496
                        ]
                    ],
                    "current_idx": 1,
                    "fully_filled": true
                }
            },
            "gripper_left": {
                "goal_is_valid": true,
                "goal": {
                    "target": [
                        1.0
                    ]
                },
                "vel_filter": {
                    "past_samples": [
                        [
                            0.0,
                            4.023313522338867e-06
                        ],
                        [
                            -1.3411043937594513e-06,
                            -3.576278459149762e-06
                        ],
                        [
                            -4.917382739222376e-06,
                            -8.046627044677734e-06
                        ],
                        [
                            2.235173951703473e-06,
                            6.7055220824840944e-06
                        ],
                        [
                            2.235173951703473e-06,
                            -6.258487246668665e-06
                        ]
                    ],
                    "current_idx": 2,
                    "fully_filled": true
                }
            },
            "arm_right": {
                "goal_is_valid": true,
                "goal": {
                    "target_pos": [
                        0.5446252822875977,
                        -0.3968372344970703,
                        1.4439862966537476
                    ],
                    "target_ori_mat": [
                        [
                            0.005850017070770264,
                            -3.925524652004242e-06,
                            0.9999828338623047
                        ],
                        [
                            -0.004663667641580105,
                            -0.9999890327453613,
                            2.3357104510068893e-05
                        ],
                        [
                            0.9999719858169556,
                            -0.004663724452257156,
                            -0.0058498382568359375
                        ]
                    ]
                },
                "control_filter": {
                    "past_samples": [
                        [
                            3.467445640126243e-05,
                            1.9060027599334717,
                            -0.9910006523132324,
                            1.570999264717102,
                            0.9150024056434631,
                            -1.570999264717102
                        ],
                        [
                            3.441846274654381e-05,
                            1.9060014486312866,
                            -0.9909988045692444,
                            1.5709986686706543,
                            0.9150028228759766,
                            -1.570999026298523
                        ]
                    ],
                    "current_idx": 1,
                    "fully_filled": true
                }
            },
            "gripper_right": {
                "goal_is_valid": true,