{
    "log.n.01_1": {
        "is_asleep": true,
        "root_link": {
            "pos": [
                -14.424796104431152,
                4.901128768920898,
                0.04653659462928772
            ],
            "ori": [
                0.04833173751831055,
                0.0022947811521589756,
                0.05226997286081314,
                0.9974601864814758
            ],
            "lin_vel": [
                0.0,
                0.0,
                0.0
            ],
            "ang_vel": [
                0.0,
                0.0,
                0.0
            ]
        },
        "non_kin": {
            "Temperature": {
                "temperature": 23.0
            }
        }
    },
    "log.n.01_2": {
        "is_asleep": true,
        "root_link": {
            "pos": [
                -13.3439302444458,
                5.11289119720459,
                0.04653633013367653
            ],
            "ori": [
                0.004707719199359417,
                0.048149291425943375,
                0.9945545792579651,
                0.09230847656726837
            ],
            "lin_vel": [
                0.0,
                0.0,
                0.0
            ],
            "ang_vel": [
                0.0,
                0.0,
                0.0
            ]
        },
        "non_kin": {
            "Temperature": {
                "temperature": 23.0
            }
        }
    },
    "log.n.01_3": {
        "is_asleep": true,
        "root_link": {
            "pos": [
                -13.775924682617188,
                3.068772315979004,
                0.046536609530448914
            ],
            "ori": [
                0.02858125977218151,
                -0.03905448690056801,
                -0.8031310439109802,
                0.5938336849212646
            ],
            "lin_vel": [
                0.0,
                0.0,
                0.0
            ],
            "ang_vel": [
                0.0,
                0.0,
                0.0
            ]
        },
        "non_kin": {
            "Temperature": {
                "temperature": 23.0
            }
        }
    },
    "log.n.01_4": {
        "is_asleep": false,
        "root_link": {
            "pos": [
                -11.394051551818848,
                5.245486259460449,
                0.04657609760761261
            ],
            "ori": [
                0.039000943303108215,
                -0.017190679907798767,
                -0.40878018736839294,
                0.9116370677947998
            ],
            "lin_vel": [
                0.0038275879342108965,
                0.002845499897375703,
                0.0003055869019590318
            ],
            "ang_vel": [
                -0.06085322052240372,
                0.08179149776697159,
                3.24677603202872e-05
            ]
        },
        "non_kin": {
            "Temperature": {
                "temperature": 23.0
            }
        }
    },
    "driveway.n.01_1": {
        "is_asleep": false,
        "root_link": {
            "pos": [
                -12.69985294342041,
                5.707181453704834,
                -0.15000006556510925
            ],
            "ori": [
                0.0,
                0.0,
                0.0,
                1.0
            ]
        },
        "non_kin": {}
    },
    "ax.n.01_1": {
        "is_asleep": true,
        "root_link": {
            "pos": [
                -14.097677230834961,
                2.795444965362549,
                0.01659630797803402
            ],
            "ori": [
                0.0003215838223695755,
                0.0008678023004904389,
                0.7643271088600159,
                0.6448283791542053
            ],
            "lin_vel": [
                0.0,
                0.0,
                0.0
            ],
            "ang_vel": [
                0.0,
                0.0,
                0.0
            ]
        },
        "non_kin": {
            "SlicerActive": {
                "value": true,
                "previously_touching": false,
                "delay_counter": 0
            }
        }
    },
    "chopping_block.n.01_1": {
        "is_asleep": true,
        "root_link": {
            "pos": [
                -9.782415390014648,
                5.496555328369141,
                0.04999423772096634
            ],
            "ori": [
                -0.0001077180786523968,
                2.254384344269056e-05,
                -0.8343150615692139,
                0.5512881875038147
            ],
            "lin_vel": [
                0.0,
                0.0,
                0.0
            ],
            "ang_vel": [
                0.0,
                0.0,
                0.0
            ]
        },
        "non_kin": {}
    },
    "robot_poses": {
        "R1Pro": [
            {
                "position": [
                    -12.173507690429688,
                    5.158550262451172,
                    0.003765106201171875
                ],
                "orientation": [
                    0.0,
                    0.0,
                    0.687402069568634,
                    0.7262771129608154
                ]
            }
        ],
        "Fetch": [
            {
                "position": [
                    -13.814811706542969,
                    4.361757755279541,
                    0.001293480396270752
                ],
                "orientation": [
                    0.0028198808431625366,
                    -0.0008865520358085632,
                    0.9540000557899475,
                    0.29979202151298523
                ]
            }
        ],
        "R1": [
            {
                "position": [
                    -11.481450080871582,
                    3.129680633544922,
                    0.003765106201171875
                ],
                "orientation": [
                    0.0046150521375238895,
                    0.0020600685384124517,
                    -0.062251389026641846,
                    0.9980477690696716
                ]
            }
        ],
        "Stretch": [
            {
                "position": [
                    -9.9884672164917,
                    2.0217177867889404,
                    -0.0007995665073394775
                ],
                "orientation": [
                    0.0016928669065237045,
                    0.0010537633206695318,
                    -0.8489797711372375,
                    0.5284217596054077
                ]
            }
        ],
        "Tiago": [
            {
                "position": [
                    -11.299416542053223,
                    2.5363054275512695,
                    0.00034427642822265625
                ],
                "orientation": [
                    3.2701883867503057e-08,
                    3.776713342062976e-08,
                    0.7806543111801147,
                    0.624963104724884
                ]
            }
        ]
    }
}