{
    "agent.n.01_1": {
        "is_asleep": false,
        "root_link": {
            "pos": [
                -50.0,
                -50.0,
                -50.0
            ],
            "ori": [
                0.0,
                0.0,
                0.0,
                1.0
            ],
            "lin_vel": [
                0.0,
                0.0,
                0.0
            ],
            "ang_vel": [
                0.0,
                0.0,
                0.0
            ]
        },
        "joint_pos": [
            34.49367904663086,
            55.814208984375,
            50.00376510620117,
            -0.004498541355133057,
            0.009052112698554993,
            1.5497967004776,
            -7.012056448729709e-05,
            -0.0002598550927359611,
            0.00011143155279569328,
            3.571187562556588e-06,
            -7.136434305721195e-06,
            3.489868686301634e-05,
            1.9060001373291016,
            1.9060009717941284,
            -0.990999162197113,
            -0.9909968376159668,
            1.5709999799728394,
            1.5710008144378662,
            0.9150010943412781,
            0.9150053858757019,
            -1.570999264717102,
            -1.571000337600708,
            0.049999918788671494,
            0.04999978840351105,
            0.0499996691942215,
            0.04999999701976776
        ],
        "joint_vel": [
            -0.0001114612678065896,
            1.1645334780041594e-05,
            -0.0011703330092132092,
            0.00020237268472556025,
            0.00016238645184785128,
            1.7063506675185636e-05,
            0.0006252675084397197,
            -0.00023017756757326424,
            0.0002106426836689934,
            0.0005074170767329633,
            0.00043849111534655094,
            0.0003773093339987099,
            -0.001282508485019207,
            0.0013287861365824938,
            -0.000297261169180274,
            0.00038942377432249486,
            0.0005889344029128551,
            0.000451382395112887,
            -0.0007719483110122383,
            0.0007891992572695017,
            -0.0004894750309176743,
            -0.0004473711014725268,
            7.445509254466742e-05,
            1.9992310626548715e-05,
            2.7424692234490067e-05,
            4.545129195321351e-05
        ],
        "controllers": {
            "base": {
                "goal_is_valid": true,
                "goal": {
                    "target": [
                        0.0,
                        0.0,
                        0.0
                    ]
                }
            },
            "trunk": {
                "goal_is_valid": true,
                "goal": {
                    "target": [
                        -7.034235750325024e-05,
                        -0.0002605491899885237,
                        0.00011164498573634773,
                        3.315236654088949e-06
                    ]
                }
            },
            "arm_left": {
                "goal_is_valid": true,
                "goal": {
                    "target_pos": [
                        0.544621467590332,
                        0.3968477249145508,
                        1.446784257888794
                    ],
                    "target_ori_mat": [
                        [
                            -0.006778120994567871,
                            4.655902739614248e-05,
                            0.9999771118164062
                        ],
                        [
                            0.0031176945194602013,
                            -0.999995231628418,
                            6.769236642867327e-05
                        ],
                        [
                            0.9999722242355347,
                            0.0031180819496512413,
                            0.0067778825759887695
                        ]
                    ]
                },
                "control_filter": {
                    "past_samples": [
                        [
                            -7.443075901392149e-06,
                            1.9059994220733643,
                            -0.9910003542900085,
                            1.5710004568099976,
                            0.9149996638298035,
                            -1.5709991455078125
                        ],
                        [
                            -6.681646937067853e-06,
                            1.905999779701233,
                            -0.9909989833831787,
                            1.5710012912750244,
                            0.9150019288063049,
                            -1.5709997415542603
                        ]
                    ],
                    "current_idx": 1,
                    "fully_filled": true
                }
            },
            "gripper_left": {
                "goal_is_valid": true,
                "goal": {
                    "target": [
                        1.0
                    ]
                },
                "vel_filter": {
                    "past_samples": [
                        [
                            6.884336471557617e-05,
                            -5.364417575037805e-06
                        ],
                        [
                            -7.063149678288028e-05,
                            1.3411043937594513e-06
                        ],
                        [
                            -8.359550702152774e-05,
                            2.190470513596665e-05
                        ],
                        [
                            8.046626317081973e-05,
                            -1.9669530956889503e-05
                        ],
                        [
                            -6.973743438720703e-05,
                            1.0281800314260181e-05
                        ]
                    ],
                    "current_idx": 2,
                    "fully_filled": true
                }
            },
            "arm_right": {
                "goal_is_valid": true,
                "goal": {
                    "target_pos": [
                        0.5446248054504395,
                        -0.3968362808227539,
                        1.443986415863037
                    ],
                    "target_ori_mat": [
                        [
                            0.005850672721862793,
                            -4.025408998131752e-06,
                            0.9999827742576599
                        ],
                        [
                            -0.004663332365453243,
                            -0.9999887943267822,
                            2.3257918655872345e-05
                        ],
                        [
                            0.9999719262123108,
                            -0.00466338824480772,
                            -0.005850315093994141
                        ]
                    ]
                },
                "control_filter": {
                    "past_samples": [
                        [
                            3.536740769050084e-05,
                            1.9060031175613403,
                            -0.9909951090812683,
                            1.571000576019287,
                            0.9150083661079407,
                            -1.5710006952285767
                        ],
                        [
                            3.444989488343708e-05,
                            1.9060012102127075,
                            -0.9909968376159668,
                            1.5709998607635498,
                            0.9150049686431885,
                            -1.5709997415542603
                        ]
                    ],
                    "current_idx": 1,
                    "fully_filled": true
                }
            },
            "gripper_right": {
                "goal_is_valid": true,