{
    "log.n.01_1": {
        "is_asleep": true,
        "root_link": {
            "pos": [
                -9.72171401977539,
                4.595720291137695,
                0.04653647914528847
            ],
            "ori": [
                0.03504669666290283,
                0.0333702526986599,
                0.6922991275787354,
                0.7199862003326416
            ],
            "lin_vel": [
                0.0,
                0.0,
                0.0
            ],
            "ang_vel": [
                0.0,
                0.0,
                0.0
            ]
        },
        "non_kin": {
            "Temperature": {
                "temperature": 23.0
            }
        }
    },
    "log.n.01_2": {
        "is_asleep": true,
        "root_link": {
            "pos": [
                -10.963152885437012,
                5.376987457275391,
                0.046536508947610855
            ],
            "ori": [
                0.023864369839429855,
                0.04209374263882637,
                0.8713113069534302,
                0.4883395731449127
            ],
            "lin_vel": [
                0.0,
                0.0,
                0.0
            ],
            "ang_vel": [
                0.0,
                0.0,
                0.0
            ]
        },
        "non_kin": {
            "Temperature": {
                "temperature": 23.0
            }
        }
    },
    "log.n.01_3": {
        "is_asleep": true,
        "root_link": {
            "pos": [
                -12.738972663879395,
                5.398297309875488,
                0.04653684049844742
            ],
            "ori": [
                0.03274541348218918,
                0.0356595404446125,
                0.7389816045761108,
                0.6719838380813599
            ],
            "lin_vel": [
                0.0,
                0.0,
                0.0
            ],
            "ang_vel": [
                0.0,
                0.0,
                0.0
            ]
        },
        "non_kin": {
            "Temperature": {
                "temperature": 23.0
            }
        }
    },
    "log.n.01_4": {
        "is_asleep": true,
        "root_link": {
            "pos": [
                -13.249429702758789,
                3.2576935291290283,
                0.046536531299352646
            ],
            "ori": [
                0.03455730527639389,
                -0.0338701531291008,
                -0.6956409811973572,
                0.7167582511901855
            ],
            "lin_vel": [
                0.0,
                0.0,
                0.0
            ],
            "ang_vel": [
                0.0,
                0.0,
                0.0
            ]
        },
        "non_kin": {
            "Temperature": {
                "temperature": 23.0
            }
        }
    },
    "driveway.n.01_1": {
        "is_asleep": false,
        "root_link": {
            "pos": [
                -12.69985294342041,
                5.707181453704834,
                -0.15000006556510925
            ],
            "ori": [
                0.0,
                0.0,
                0.0,
                1.0
            ]
        },
        "non_kin": {}
    },
    "ax.n.01_1": {
        "is_asleep": true,
        "root_link": {
            "pos": [
                -12.422471046447754,
                4.140621185302734,
                0.016596319153904915
            ],
            "ori": [
                0.0008228556253015995,
                -0.00042366236448287964,
                -0.7320786118507385,
                0.6812198758125305
            ],
            "lin_vel": [
                0.0,
                0.0,
                0.0
            ],
            "ang_vel": [
                0.0,
                0.0,
                0.0
            ]
        },
        "non_kin": {
            "SlicerActive": {
                "value": true,
                "previously_touching": false,
                "delay_counter": 0
            }
        }
    },
    "chopping_block.n.01_1": {
        "is_asleep": true,
        "root_link": {
            "pos": [
                -11.420072555541992,
                3.923790693283081,
                0.04999099671840668
            ],
            "ori": [
                -2.9774149879813194e-05,
                -7.080526847857982e-05,
                -0.8113061785697937,
                0.5846215486526489
            ],
            "lin_vel": [
                0.0,
                0.0,
                0.0
            ],
            "ang_vel": [
                0.0,
                0.0,
                0.0
            ]
        },
        "non_kin": {}
    },
    "robot_poses": {
        "R1Pro": [
            {
                "position": [
                    -11.96783447265625,
                    3.084667205810547,
                    0.003765106201171875
                ],
                "orientation": [
                    0.0,
                    0.0,
                    0.9882086515426636,
                    0.15311329066753387
                ]
            }
        ],
        "Fetch": [
            {
                "position": [
                    -13.095724105834961,
                    3.9091007709503174,
                    0.0012933611869812012
                ],
                "orientation": [
                    0.0024262964725494385,
                    -0.0016920939087867737,
                    0.8202710151672363,
                    0.5719675421714783
                ]
            }
        ],
        "R1": [
            {
                "position": [
                    -9.995553016662598,
                    2.442111015319824,
                    0.003765106201171875
                ],
                "orientation": [
                    0.0031678732484579086,
                    -0.003937677945941687,
                    -0.9809711575508118,
                    0.1940879374742508
                ]
            }
        ],
        "Stretch": [
            {
                "position": [
                    -11.321836471557617,
                    4.555571556091309,
                    -0.0007995665073394775
                ],
                "orientation": [
                    -0.0012944899499416351,
                    0.0015176002634689212,
                    0.6489782929420471,
                    0.760804295539856
                ]
            }
        ],
        "Tiago": [
            {
                "position": [
                    -10.212910652160645,
                    2.324502944946289,
                    0.00034427642822265625
                ],
                "orientation": [
                    -4.533411868123949e-08,
                    -1.0571778119583541e-07,
                    0.6028137803077698,
                    0.7978819012641907
                ]
            }
        ]
    }
}