{
    "log.n.01_1": {
        "is_asleep": true,
        "root_link": {
            "pos": [
                -12.208069801330566,
                5.648638725280762,
                0.04653630778193474
            ],
            "ori": [
                0.048365119844675064,
                -0.002336648525670171,
                -0.043250586837530136,
                0.9978901743888855
            ],
            "lin_vel": [
                0.0,
                0.0,
                0.0
            ],
            "ang_vel": [
                0.0,
                0.0,
                0.0
            ]
        },
        "non_kin": {
            "Temperature": {
                "temperature": 23.0
            }
        }
    },
    "log.n.01_2": {
        "is_asleep": true,
        "root_link": {
            "pos": [
                -10.820643424987793,
                3.2817375659942627,
                0.04648083075881004
            ],
            "ori": [
                0.019908592104911804,
                0.04398713260889053,
                0.9103236198425293,
                0.41107165813446045
            ],
            "lin_vel": [
                0.0,
                0.0,
                0.0
            ],
            "ang_vel": [
                0.0,
                0.0,
                0.0
            ]
        },
        "non_kin": {
            "Temperature": {
                "temperature": 23.0
            }
        }
    },
    "log.n.01_3": {
        "is_asleep": true,
        "root_link": {
            "pos": [
                -10.32608413696289,
                5.437013149261475,
                0.04652492329478264
            ],
            "ori": [
                0.04653997719287872,
                -0.011621031910181046,
                -0.2369164228439331,
                0.9703452587127686
            ],
            "lin_vel": [
                0.0,
                0.0,
                0.0
            ],
            "ang_vel": [
                0.0,
                0.0,
                0.0
            ]
        },
        "non_kin": {
            "Temperature": {
                "temperature": 23.0
            }
        }
    },
    "log.n.01_4": {
        "is_asleep": true,
        "root_link": {
            "pos": [
                -13.346986770629883,
                4.327775955200195,
                0.04653650149703026
            ],
            "ori": [
                0.028960246592760086,
                -0.038764894008636475,
                -0.797243058681488,
                0.6017162203788757
            ],
            "lin_vel": [
                0.0,
                0.0,
                0.0
            ],
            "ang_vel": [
                0.0,
                0.0,
                0.0
            ]
        },
        "non_kin": {
            "Temperature": {
                "temperature": 23.0
            }
        }
    },
    "driveway.n.01_1": {
        "is_asleep": false,
        "root_link": {
            "pos": [
                -12.69985294342041,
                5.707181453704834,
                -0.15000006556510925
            ],
            "ori": [
                0.0,
                0.0,
                0.0,
                1.0
            ]
        },
        "non_kin": {}
    },
    "ax.n.01_1": {
        "is_asleep": true,
        "root_link": {
            "pos": [
                -11.797074317932129,
                5.223950386047363,
                0.01659632846713066
            ],
            "ori": [
                0.0008106718305498362,
                -0.00044648745097219944,
                -0.7508490085601807,
                0.6604737639427185
            ],
            "lin_vel": [
                0.0,
                0.0,
                0.0
            ],
            "ang_vel": [
                0.0,
                0.0,
                0.0
            ]
        },
        "non_kin": {
            "SlicerActive": {
                "value": true,
                "previously_touching": false,
                "delay_counter": 0
            }
        }
    },
    "chopping_block.n.01_1": {
        "is_asleep": true,
        "root_link": {
            "pos": [
                -12.321223258972168,
                3.0737876892089844,
                0.049990177154541016
            ],
            "ori": [
                -0.0001708721974864602,
                -4.254228406352922e-05,
                -0.5602304339408875,
                0.8283368945121765
            ],
            "lin_vel": [
                0.0,
                0.0,
                0.0
            ],
            "ang_vel": [
                0.0,
                0.0,
                0.0
            ]
        },
        "non_kin": {}
    },
    "robot_poses": {
        "R1Pro": [
            {
                "position": [
                    -14.007255554199219,
                    3.41058349609375,
                    0.003765106201171875
                ],
                "orientation": [
                    0.0,
                    0.0,
                    -0.798469066619873,
                    0.6020358204841614
                ]
            }
        ],
        "Fetch": [
            {
                "position": [
                    -12.337801933288574,
                    4.900325775146484,
                    0.001293271780014038
                ],
                "orientation": [
                    -0.001304134726524353,
                    -0.0026534022763371468,
                    -0.44109272956848145,
                    0.8974568843841553
                ]
            }
        ],
        "R1": [
            {
                "position": [
                    -12.68309497833252,
                    3.1999971866607666,
                    0.003765106201171875
                ],
                "orientation": [
                    0.0046724858693778515,
                    0.0019265963928774,
                    -0.0909910574555397,
                    0.99583899974823
                ]
            }
        ],
        "Stretch": [
            {
                "position": [
                    -12.46026611328125,
                    8.602086067199707,
                    -0.0007994472980499268
                ],
                "orientation": [
                    -0.0019940808415412903,
                    2.194706758018583e-05,
                    0.9999357461929321,
                    0.011166556738317013
                ]
            }
        ],
        "Tiago": [
            {
                "position": [
                    -13.063813209533691,
                    3.30600643157959,
                    0.00034427642822265625
                ],
                "orientation": [
                    1.1032923907805525e-07,
                    6.619457337819767e-08,
                    -0.7529471516609192,
                    0.6580809950828552
                ]
            }
        ]
    }
}