{
    "agent.n.01_1": {
        "is_asleep": false,
        "root_link": {
            "pos": [
                -50.0,
                -50.0,
                -50.0
            ],
            "ori": [
                0.0,
                0.0,
                0.0,
                1.0
            ],
            "lin_vel": [
                0.0,
                0.0,
                0.0
            ],
            "ang_vel": [
                0.0,
                0.0,
                0.0
            ]
        },
        "joint_pos": [
            40.07024383544922,
            53.21776580810547,
            50.00376510620117,
            -0.004464295692741871,
            -0.009069391526281834,
            -2.510437250137329,
            -7.008743705227971e-05,
            -0.00025983931845985353,
            0.00011127346806460992,
            4.580696895573055e-06,
            -7.0246014729491435e-06,
            3.558811658876948e-05,
            1.9059950113296509,
            1.9060049057006836,
            -0.9909945130348206,
            -0.9910132884979248,
            1.5709991455078125,
            1.5710012912750244,
            0.9150004982948303,
            0.9149922132492065,
            -1.5709983110427856,
            -1.571000337600708,
            0.049999918788671494,
            0.04999976605176926,
            0.0499999113380909,
            0.0499999038875103
        ],
        "joint_vel": [
            3.9998376450967044e-05,
            -0.00015062233433127403,
            -0.0009927997598424554,
            -0.00038979973760433495,
            0.00019064464140683413,
            0.00025070528499782085,
            0.0007069985149428248,
            -0.0001098374996217899,
            -2.0812996808672324e-05,
            0.0006130019319243729,
            0.00042799528455361724,
            0.0005597196868620813,
            -0.001295067835599184,
            0.0008369624265469611,
            -2.2429856471717358e-05,
            0.00048423424595966935,
            0.0009113542619161308,
            0.0010810164967551827,
            -0.0009508065995760262,
            0.001018741400912404,
            -0.0008422714308835566,
            -0.0009531372925266623,
            1.751433956087567e-05,
            1.6623140254523605e-05,
            4.2065676097990945e-07,
            1.7550697521073744e-05
        ],
        "controllers": {
            "base": {
                "goal_is_valid": true,
                "goal": {
                    "target": [
                        0.0,
                        0.0,
                        0.0
                    ]
                }
            },
            "trunk": {
                "goal_is_valid": true,
                "goal": {
                    "target": [
                        -7.042818469926715e-05,
                        -0.0002607291389722377,
                        0.00011166200420120731,
                        3.297137482149992e-06
                    ]
                }
            },
            "arm_left": {
                "goal_is_valid": true,
                "goal": {
                    "target_pos": [
                        0.5446195602416992,
                        0.3968496322631836,
                        1.4467843770980835
                    ],
                    "target_ori_mat": [
                        [
                            -0.006777763366699219,
                            4.655309021472931e-05,
                            0.9999769330024719
                        ],
                        [
                            0.0031177238561213017,
                            -0.9999948740005493,
                            6.768619641661644e-05
                        ],
                        [
                            0.9999720454216003,
                            0.003118111053481698,
                            0.0067778825759887695
                        ]
                    ]
                },
                "control_filter": {
                    "past_samples": [
                        [
                            -7.075332177919336e-06,
                            1.9059916734695435,
                            -0.9909943342208862,
                            1.571000099182129,
                            0.9149987697601318,
                            -1.5709986686706543
                        ],
                        [
                            -7.002770871622488e-06,
                            1.9059950113296509,
                            -0.9909955263137817,
                            1.5709997415542603,
                            0.9150010347366333,
                            -1.5709987878799438
                        ]
                    ],
                    "current_idx": 1,
                    "fully_filled": true
                }
            },
            "gripper_left": {
                "goal_is_valid": true,
                "goal": {
                    "target": [
                        1.0
                    ]
                },
                "vel_filter": {
                    "past_samples": [
                        [
                            -1.3411043937594513e-06,
                            2.6822087875189027e-06
                        ],
                        [
                            1.3411043937594513e-06,
                            2.0563600628520362e-05
                        ],
                        [
                            3.1292436233343324e-06,
                            -2.235173997178208e-05
                        ],
                        [
                            -6.258487246668665e-06,
                            -3.576278459149762e-06
                        ],
                        [
                            6.258487246668665e-06,
                            -7.599591754114954e-06
                        ]
                    ],
                    "current_idx": 1,
                    "fully_filled": true
                }
            },
            "arm_right": {
                "goal_is_valid": true,
                "goal": {
                    "target_pos": [
                        0.5446257591247559,
                        -0.3968372344970703,
                        1.4439868927001953
                    ],
                    "target_ori_mat": [
                        [
                            0.0058498382568359375,
                            -3.6207493394613266e-06,
                            0.9999828338623047
                        ],
                        [
                            -0.004663337953388691,
                            -0.9999890327453613,
                            2.3659318685531616e-05
                        ],
                        [
                            0.9999719858169556,
                            -0.004663396626710892,
                            -0.005849719047546387
                        ]
                    ]
                },
                "control_filter": {
                    "past_samples": [
                        [
                            3.592265420593321e-05,
                            1.9060050249099731,
                            -0.991007924079895,
                            1.5710004568099976,
                            0.9149966835975647,
                            -1.5710002183914185
                        ],
                        [
                            3.5911867598770186e-05,
                            1.9060055017471313,
                            -0.9910135269165039,
                            1.5710008144378662,
                            0.9149912595748901,
                            -1.5710006952285767
                        ]
                    ],
                    "current_idx": 1,
                    "fully_filled": true
                }
            },