{
    "log.n.01_1": {
        "is_asleep": true,
        "root_link": {
            "pos": [
                -12.502104759216309,
                4.481640815734863,
                0.046536628156900406
            ],
            "ori": [
                0.012455864809453487,
                0.04679275304079056,
                0.9664715528488159,
                0.25216713547706604
            ],
            "lin_vel": [
                0.0,
                0.0,
                0.0
            ],
            "ang_vel": [
                0.0,
                0.0,
                0.0
            ]
        },
        "non_kin": {
            "Temperature": {
                "temperature": 23.0
            }
        }
    },
    "log.n.01_2": {
        "is_asleep": true,
        "root_link": {
            "pos": [
                -12.58085823059082,
                4.226495742797852,
                0.046536609530448914
            ],
            "ori": [
                0.04512656852602959,
                -0.01743786223232746,
                -0.3554247319698334,
                0.9334520697593689
            ],
            "lin_vel": [
                0.0,
                0.0,
                0.0
            ],
            "ang_vel": [
                0.0,
                0.0,
                0.0
            ]
        },
        "non_kin": {
            "Temperature": {
                "temperature": 23.0
            }
        }
    },
    "log.n.01_3": {
        "is_asleep": false,
        "root_link": {
            "pos": [
                -12.926691055297852,
                3.1127099990844727,
                0.04651051387190819
            ],
            "ori": [
                -0.010091959498822689,
                0.042394813150167465,
                0.9739243388175964,
                -0.22264845669269562
            ],
            "lin_vel": [
                5.939971288171364e-06,
                -1.832046291383449e-05,
                -2.6061072276206687e-05
            ],
            "ang_vel": [
                0.00024120346643030643,
                0.00018795508367475122,
                -5.142815098224673e-07
            ]
        },
        "non_kin": {
            "Temperature": {
                "temperature": 23.0
            }
        }
    },
    "log.n.01_4": {
        "is_asleep": false,
        "root_link": {
            "pos": [
                -12.139986038208008,
                3.9345178604125977,
                0.04653746634721756
            ],
            "ori": [
                0.043741945177316666,
                -0.020404847338795662,
                -0.417992502450943,
                0.9071673154830933
            ],
            "lin_vel": [
                -0.001271693967282772,
                -0.0010666189482435584,
                -0.00013957187184132636
            ],
            "ang_vel": [
                0.021140724420547485,
                -0.029474034905433655,
                2.784727985272184e-05
            ]
        },
        "non_kin": {
            "Temperature": {
                "temperature": 23.0
            }
        }
    },
    "driveway.n.01_1": {
        "is_asleep": false,
        "root_link": {
            "pos": [
                -12.69985294342041,
                5.707181453704834,
                -0.15000006556510925
            ],
            "ori": [
                0.0,
                0.0,
                0.0,
                1.0
            ]
        },
        "non_kin": {}
    },
    "ax.n.01_1": {
        "is_asleep": true,
        "root_link": {
            "pos": [
                -10.324772834777832,
                2.30469012260437,
                0.016596293076872826
            ],
            "ori": [
                4.326552152633667e-05,
                0.00092428078642115,
                0.9238700270652771,
                0.38270583748817444
            ],
            "lin_vel": [
                0.0,
                0.0,
                0.0
            ],
            "ang_vel": [
                0.0,
                0.0,
                0.0
            ]
        },
        "non_kin": {
            "SlicerActive": {
                "value": true,
                "previously_touching": false,
                "delay_counter": 0
            }
        }
    },
    "chopping_block.n.01_1": {
        "is_asleep": true,
        "root_link": {
            "pos": [
                -9.834809303283691,
                3.8948850631713867,
                0.04999099299311638
            ],
            "ori": [
                7.67790770623833e-05,
                -2.9996808734722435e-06,
                0.8323940634727478,
                0.5541843771934509
            ],
            "lin_vel": [
                0.0,
                0.0,
                0.0
            ],
            "ang_vel": [
                0.0,
                0.0,
                0.0
            ]
        },
        "non_kin": {}
    },
    "robot_poses": {
        "R1Pro": [
            {
                "position": [
                    -13.540630340576172,
                    3.3919334411621094,
                    0.003765106201171875
                ],
                "orientation": [
                    0.0,
                    0.0,
                    -0.7813535928726196,
                    0.6240886449813843
                ]
            }
        ],
        "Fetch": [
            {
                "position": [
                    -14.191573143005371,
                    4.176451683044434,
                    0.0012933611869812012
                ],
                "orientation": [
                    -0.002131253480911255,
                    -0.0020496752113103867,
                    -0.7207289934158325,
                    0.6932106018066406
                ]
            }
        ],
        "R1": [
            {
                "position": [
                    -11.536113739013672,
                    5.509187698364258,
                    0.003765106201171875
                ],
                "orientation": [
                    0.004901863634586334,
                    0.001231339992955327,
                    -0.23383183777332306,
                    0.9722640514373779
                ]
            }
        ],
        "Stretch": [
            {
                "position": [
                    -10.470648765563965,
                    4.83246374130249,
                    -0.0007994174957275391
                ],
                "orientation": [
                    -0.001992063596844673,
                    0.00010056321480078623,
                    0.9987376928329468,
                    0.050190992653369904
                ]
            }
        ],
        "Tiago": [
            {
                "position": [
                    -14.38094425201416,
                    5.102477550506592,
                    0.00034427642822265625
                ],
                "orientation": [
                    6.060471946511825e-08,
                    6.356798110118689e-08,
                    -0.8858808875083923,
                    0.4639127552509308
                ]
            }
        ]
    }
}