{
    "agent.n.01_1": {
        "is_asleep": false,
        "root_link": {
            "pos": [
                -50.0,
                -50.0,
                -50.0
            ],
            "ori": [
                0.0,
                0.0,
                0.0,
                1.0
            ],
            "lin_vel": [
                0.0,
                0.0,
                0.0
            ],
            "ang_vel": [
                0.0,
                0.0,
                0.0
            ]
        },
        "joint_pos": [
            36.163516998291016,
            53.42333221435547,
            50.00376510620117,
            0.0018945641350001097,
            -0.009929263032972813,
            -1.864470362663269,
            -7.170860044425353e-05,
            -0.0002605874033179134,
            0.00011055402137571946,
            3.1932304409565404e-06,
            -5.61923752684379e-06,
            3.330432446091436e-05,
            1.9060101509094238,
            1.9060050249099731,
            -0.9910053014755249,
            -0.9910102486610413,
            1.5709997415542603,
            1.5710002183914185,
            0.9150060415267944,
            0.9149953126907349,
            -1.5709987878799438,
            -1.571000099182129,
            0.049999918788671494,
            0.0499999076128006,
            0.049999531358480453,
            0.04999994486570358
        ],
        "joint_vel": [
            0.0001215632728417404,
            -2.937700082839001e-05,
            -0.0009189400007016957,
            -0.00023679606965743005,
            -0.0001613354543223977,
            9.30301466723904e-05,
            0.0005459225503727794,
            -0.0008895714418031275,
            0.0003765211149584502,
            0.00041605159640312195,
            0.0005239334423094988,
            0.00042813963955268264,
            -0.0013850743416696787,
            0.0015122119802981615,
            -0.00043012271635234356,
            0.0003592558787204325,
            0.0007324685575440526,
            0.00037651899037882686,
            -0.0007696706452406943,
            0.0006985466461628675,
            -0.0005898171802982688,
            -0.0004120910889469087,
            2.455861249472946e-05,
            9.497754945186898e-06,
            3.394134546397254e-05,
            1.8367531083640642e-05
        ],
        "controllers": {
            "base": {
                "goal_is_valid": true,
                "goal": {
                    "target": [
                        0.0,
                        0.0,
                        0.0
                    ]
                }
            },
            "trunk": {
                "goal_is_valid": true,
                "goal": {
                    "target": [
                        -7.037191244307905e-05,
                        -0.00026061030803248286,
                        0.00011165028263349086,
                        3.280339569755597e-06
                    ]
                }
            },
            "arm_left": {
                "goal_is_valid": true,
                "goal": {
                    "target_pos": [
                        0.5446218848228455,
                        0.3968486785888672,
                        1.4467841386795044
                    ],
                    "target_ori_mat": [
                        [
                            -0.006777644157409668,
                            4.7210720367729664e-05,
                            0.9999769330024719
                        ],
                        [
                            0.0031175799667835236,
                            -0.9999949932098389,
                            6.834231317043304e-05
                        ],
                        [
                            0.9999720454216003,
                            0.003117971820756793,
                            0.006777703762054443
                        ]
                    ]
                },
                "control_filter": {
                    "past_samples": [
                        [
                            -5.477592821989674e-06,
                            1.906009316444397,
                            -0.991003692150116,
                            1.571000576019287,
                            0.9150064587593079,
                            -1.5709987878799438
                        ],
                        [
                            -6.08704340265831e-06,
                            1.9060118198394775,
                            -0.9910081028938293,
                            1.5710002183914185,
                            0.915004551410675,
                            -1.5709986686706543
                        ]
                    ],
                    "current_idx": 0,
                    "fully_filled": true
                }
            },
            "gripper_left": {
                "goal_is_valid": true,
                "goal": {
                    "target": [
                        1.0
                    ]
                },
                "vel_filter": {
                    "past_samples": [
                        [
                            -1.5199183508229908e-05,
                            -1.65402889251709e-05
                        ],
                        [
                            1.3858079000783619e-05,
                            1.5199183508229908e-05
                        ],
                        [
                            -1.117586998589104e-05,
                            -1.117586998589104e-05
                        ],
                        [
                            -6.7055220824840944e-06,
                            -1.9222496121074073e-05
                        ],
                        [
                            1.072883515007561e-05,
                            1.8775461285258643e-05
                        ]
                    ],
                    "current_idx": 3,
                    "fully_filled": true
                }
            },
            "arm_right": {
                "goal_is_valid": true,
                "goal": {
                    "target_pos": [
                        0.5446256995201111,
                        -0.3968362808227539,
                        1.443986415863037
                    ],
                    "target_ori_mat": [
                        [
                            0.005850315093994141,
                            -3.495020791888237e-06,
                            0.9999828338623047
                        ],
                        [
                            -0.004663260653614998,
                            -0.9999890327453613,
                            2.3786909878253937e-05
                        ],
                        [
                            0.9999719858169556,
                            -0.004663320258259773,
                            -0.00585019588470459
                        ]
                    ]
                },
                "control_filter": {
                    "past_samples": [
                        [
                            3.358420144650154e-05,
                            1.906004548072815,
                            -0.9910082817077637,
                            1.570999264717102,
                            0.9149967432022095,
                            -1.5709996223449707
                        ],
                        [
                            3.395937164896168e-05,
                            1.9060057401657104,
                            -0.9910125136375427,
                            1.571000337600708,
                            0.9149940013885498,
                            -1.571000337600708
                        ]
                    ],
                    "current_idx": 0,
                    "fully_filled": true
                }
            },
            "gripper_right": {
                "goal_is_valid": true,