{
    "agent.n.01_1": {
        "is_asleep": false,
        "root_link": {
            "pos": [
                -50.0,
                -50.0,
                -50.0
            ],
            "ori": [
                0.0,
                0.0,
                0.0,
                1.0
            ],
            "lin_vel": [
                0.0,
                0.0,
                0.0
            ],
            "ang_vel": [
                0.0,
                0.0,
                0.0
            ]
        },
        "joint_pos": [
            71.6238021850586,
            56.506675720214844,
            50.003753662109375,
            -0.008393781259655952,
            -0.005633226130157709,
            -3.032773971557617,
            -7.001770427450538e-05,
            -0.00025986225227825344,
            0.00011124656884931028,
            5.31978457729565e-06,
            -5.445471742859809e-06,
            3.560948607628234e-05,
            1.9059841632843018,
            1.9060107469558716,
            -0.9909948110580444,
            -0.9910024404525757,
            1.5710020065307617,
            1.5710006952285767,
            0.9149976372718811,
            0.9150038957595825,
            -1.5709999799728394,
            -1.571000576019287,
            0.04999980330467224,
            0.05000000074505806,
            0.049999840557575226,
            0.04999981448054314
        ],
        "joint_vel": [
            -0.0007061917567625642,
            0.00011966636520810425,
            0.0012464735191315413,
            -0.0011232784017920494,
            0.0029046419076621532,
            0.0005129011115059257,
            0.0031453538686037064,
            -1.8997088773176074e-05,
            0.0003330873150844127,
            -0.0037837657146155834,
            -0.0065465159714221954,
            0.0043866620399057865,
            0.0037863648030906916,
            -0.0016329719219356775,
            -0.0012854860397055745,
            -0.0003115076688118279,
            -0.013111076317727566,
            0.008919494226574898,
            0.0032731564715504646,
            -0.0030949003994464874,
            0.008749405853450298,
            -0.00490977568551898,
            -1.2344717106316239e-06,
            2.009728632401675e-05,
            8.021787652978674e-05,
            -6.985101208556443e-08
        ],
        "controllers": {
            "base": {
                "goal_is_valid": true,
                "goal": {
                    "target": [
                        0.0,
                        0.0,
                        0.0
                    ]
                }
            },
            "trunk": {
                "goal_is_valid": true,
                "goal": {
                    "target": [
                        -7.034673035377637e-05,
                        -0.0002605588233564049,
                        0.00011164582247147337,
                        3.3178382636833703e-06
                    ]
                }
            },
            "arm_left": {
                "goal_is_valid": true,
                "goal": {
                    "target_pos": [
                        0.5446186065673828,
                        0.3968498706817627,
                        1.4467841386795044
                    ],
                    "target_ori_mat": [
                        [
                            -0.00677800178527832,
                            4.695681855082512e-05,
                            0.9999769330024719
                        ],
                        [
                            0.00311779766343534,
                            -0.9999949932098389,
                            6.809097249060869e-05
                        ],
                        [
                            0.9999720454216003,
                            0.00311818765476346,
                            0.006778061389923096
                        ]
                    ]
                },
                "control_filter": {
                    "past_samples": [
                        [
                            -6.088027930672979e-06,
                            1.90598726272583,
                            -0.9909939765930176,
                            1.5710026025772095,
                            0.9149959087371826,
                            -1.5710004568099976
                        ],
                        [
                            -6.6089032770833e-06,
                            1.9059922695159912,
                            -0.9909980893135071,
                            1.5710018873214722,
                            0.9149969220161438,
                            -1.5709999799728394
                        ]
                    ],
                    "current_idx": 0,
                    "fully_filled": true
                }
            },
            "gripper_left": {
                "goal_is_valid": true,
                "goal": {
                    "target": [
                        1.0
                    ]
                },
                "vel_filter": {
                    "past_samples": [
                        [
                            2.6822087875189027e-06,
                            8.940696147874405e-07
                        ],
                        [
                            -3.576278459149762e-06,
                            -3.1292436233343324e-06
                        ],
                        [
                            4.4703480739372026e-07,
                            -1.3411043937594513e-06
                        ],
                        [
                            4.470347903406946e-06,
                            -5.364417575037805e-06
                        ],
                        [
                            -5.811452410853235e-06,
                            5.364417575037805e-06
                        ]
                    ],
                    "current_idx": 2,
                    "fully_filled": true
                }
            },
            "arm_right": {
                "goal_is_valid": true,
                "goal": {
                    "target_pos": [
                        0.5446243286132812,
                        -0.3968362808227539,
                        1.4439865350723267
                    ],
                    "target_ori_mat": [
                        [
                            0.005850315093994141,
                            -3.7371646612882614e-06,
                            0.9999827742576599
                        ],
                        [
                            -0.004663239233195782,
                            -0.9999887943267822,
                            2.3544300347566605e-05
                        ],
                        [
                            0.9999719262123108,
                            -0.004663297440856695,
                            -0.005849957466125488
                        ]
                    ]
                },
                "control_filter": {
                    "past_samples": [
                        [
                            3.5469161957735196e-05,
                            1.906012773513794,
                            -0.9910116195678711,
                            1.5709998607635498,
                            0.9149997234344482,
                            -1.5710004568099976
                        ],
                        [
                            3.554646536940709e-05,
                            1.906002402305603,
                            -0.990990161895752,
                            1.5709998607635498,
                            0.9150109887123108,
                            -1.5709999799728394
                        ]
                    ],
                    "current_idx": 0,
                    "fully_filled": true
                }
            },
            "gripper_right": {
                "goal_is_valid": true,