{
    "die.n.01_1": {
        "is_asleep": true,
        "root_link": {
            "pos": [
                22.37285804748535,
                7.6803669929504395,
                0.44421884417533875
            ],
            "ori": [
                -0.00039954669773578644,
                0.000338919460773468,
                -0.14574500918388367,
                0.9893222451210022
            ],
            "lin_vel": [
                0.0,
                0.0,
                0.0
            ],
            "ang_vel": [
                0.0,
                0.0,
                0.0
            ]
        },
        "non_kin": {}
    },
    "die.n.01_2": {
        "is_asleep": true,
        "root_link": {
            "pos": [
                22.798147201538086,
                7.653529644012451,
                0.4440940022468567
            ],
            "ori": [
                8.910708129405975e-05,
                0.0004984596744179726,
                0.9983149170875549,
                0.05802719295024872
            ],
            "lin_vel": [
                0.0,
                0.0,
                0.0
            ],
            "ang_vel": [
                0.0,
                0.0,
                0.0
            ]
        },
        "non_kin": {}
    },
    "floor.n.01_1": {
        "is_asleep": false,
        "root_link": {
            "pos": [
                22.338796615600586,
                6.954677581787109,
                -0.1388092190027237
            ],
            "ori": [
                0.0,
                0.0,
                0.0,
                1.0
            ]
        },
        "non_kin": {}
    },
    "teddy.n.01_1": {
        "is_asleep": false,
        "root_link": {
            "pos": [
                21.54733657836914,
                6.338792324066162,
                0.041113950312137604
            ],
            "ori": [
                -0.011226614005863667,
                -0.013871335424482822,
                0.42372947931289673,
                0.9056131839752197
            ],
            "lin_vel": [
                0.0018434348748996854,
                -0.0004079806967638433,
                0.0002710666158236563
            ],
            "ang_vel": [
                0.010265585966408253,
                0.044708769768476486,
                -0.0002418890071567148
            ]
        },
        "non_kin": {
            "ModifiedParticles": {
                "n_systems": 0
            },
            "Saturated": {
                "n_systems": 0,
                "default_visual_particle_limit": 200,
                "default_physical_particle_limit": 400
            },
            "ParticleRemover": {
                "current_step": 0
            }
        }
    },
    "teddy.n.01_2": {
        "is_asleep": false,
        "root_link": {
            "pos": [
                23.13878631591797,
                6.619113445281982,
                0.04567953944206238
            ],
            "ori": [
                -0.010098920203745365,
                -0.015195357613265514,
                0.506415605545044,
                0.8620966076850891
            ],
            "lin_vel": [
                0.00011759058543248102,
                -2.5479834221187048e-05,
                -5.445824058369908e-08
            ],
            "ang_vel": [
                0.0003140032640658319,
                0.0021089829970151186,
                0.00018987659132108092
            ]
        },
        "non_kin": {
            "ModifiedParticles": {
                "n_systems": 0
            },
            "Saturated": {
                "n_systems": 0,
                "default_visual_particle_limit": 200,
                "default_physical_particle_limit": 400
            },
            "ParticleRemover": {
                "current_step": 0
            }
        }
    },
    "train_set.n.01_1": {
        "is_asleep": true,
        "root_link": {
            "pos": [
                23.93185043334961,
                7.426008224487305,
                0.5766732692718506
            ],
            "ori": [
                -0.00012182758655399084,
                -0.004345307592302561,
                0.9976608753204346,
                -0.06822144240140915
            ],
            "lin_vel": [
                0.0,
                0.0,
                0.0
            ],
            "ang_vel": [
                0.0,
                0.0,
                0.0
            ]
        },
        "non_kin": {}
    },
    "board_game.n.01_1": {
        "is_asleep": true,
        "root_link": {
            "pos": [
                23.788963317871094,
                7.915792942047119,
                0.5714996457099915
            ],
            "ori": [
                2.7491740183904767e-05,
                -5.064400284027215e-06,
                0.9632490873336792,
                0.26860982179641724
            ],
            "lin_vel": [
                0.0,
                0.0,
                0.0
            ],
            "ang_vel": [
                0.0,
                0.0,
                0.0
            ]
        },
        "non_kin": {}
    },
    "board_game.n.01_2": {
        "is_asleep": true,
        "root_link": {
            "pos": [
                22.197044372558594,
                7.532787799835205,
                0.44625020027160645
            ],
            "ori": [
                1.753385959091247e-06,
                0.00012074982078047469,
                -0.7802497148513794,
                0.6254681944847107
            ],
            "lin_vel": [
                0.0,
                0.0,
                0.0
            ],
            "ang_vel": [
                0.0,
                0.0,
                0.0
            ]
        },
        "non_kin": {}
    },
    "desk.n.01_1": {
        "is_asleep": false,
        "root_link": {
            "pos": [
                23.955400466918945,
                7.669084548950195,
                0.4257984161376953
            ],
            "ori": [
                0.0,
                0.0,
                0.9999991655349731,
                0.001271800952963531
            ]
        },
        "non_kin": {}
    },
    "bed.n.01_1": {
        "is_asleep": false,
        "root_link": {
            "pos": [
                22.27996826171875,
                7.785693645477295,
                0.33833593130111694
            ],
            "ori": [
                0.0,
                0.0,
                1.0,
                -4.331257628109597e-07
            ]
        },
        "non_kin": {}
    },
    "bookcase.n.01_1": {
        "is_asleep": false,
        "root_link": {
            "pos": [
                20.439529418945312,
                6.925741672515869,
                0.7794622182846069
            ],
            "ori": [
                0.0,
                0.0,
                0.0,
                1.0
            ]
        },
        "non_kin": {
            "Temperature": {
                "temperature": 23.0
            }
        }
    },
    "bookcase.n.01_2": {
        "is_asleep": false,
        "root_link": {
            "pos": [
                20.439529418945312,
                7.795680522918701,
                0.7794621586799622
            ],
            "ori": [
                0.0,
                0.0,
                0.0,
                1.0
            ]
        },
        "non_kin": {
            "Temperature": {
                "temperature": 23.0
            }
        }
    },
    "robot_poses": {
        "R1Pro": [
            {
                "position": [
                    22.455039978027344,
                    6.439079284667969,
                    0.003753662109375
                ],
                "orientation": [
                    0.0,
                    0.0,
                    0.7980944514274597,
                    0.6025323867797852
                ]
            }
        ],