{
    "agent.n.01_1": {
        "is_asleep": false,
        "root_link": {
            "pos": [
                -50.0,
                -50.0,
                -50.0
            ],
            "ori": [
                0.0,
                0.0,
                0.0,
                1.0
            ],
            "lin_vel": [
                0.0,
                0.0,
                0.0
            ],
            "ang_vel": [
                0.0,
                0.0,
                0.0
            ]
        },
        "joint_pos": [
            72.01441955566406,
            56.59152603149414,
            50.003753662109375,
            0.0005555774550884962,
            -0.010092256590723991,
            -1.9981472492218018,
            -7.076020119711757e-05,
            -0.00026138091925531626,
            0.00011170428479090333,
            8.6911304606474e-06,
            -3.5517341530066915e-06,
            3.240069418097846e-05,
            1.9059797525405884,
            1.9060202836990356,
            -0.9909958243370056,
            -0.9909960031509399,
            1.5710006952285767,
            1.5709996223449707,
            0.9149937629699707,
            0.9150187373161316,
            -1.5709993839263916,
            -1.5709997415542603,
            0.049999773502349854,
            0.049999333918094635,
            0.04999954253435135,
            0.049999579787254333
        ],
        "joint_vel": [
            -0.00042834377381950617,
            -0.0005048261373303831,
            0.0010736065451055765,
            -0.0027120448648929596,
            0.0006053254473954439,
            -0.00012313455226831138,
            0.0030519748106598854,
            -0.00023294749553315341,
            0.00045334044261835515,
            -0.004372391849756241,
            -0.005436894483864307,
            0.0038424294907599688,
            0.0013680519768968225,
            -1.0167714208364487e-05,
            -0.0013740474823862314,
            -9.90005792118609e-05,
            -0.0118761220946908,
            0.00735780643299222,
            0.0033747688867151737,
            -0.002999738324433565,
            0.008115226402878761,
            -0.003935647197067738,
            -1.5082405298016965e-06,
            5.3860319894738495e-05,
            0.00010734456736827269,
            2.606468478916213e-05
        ],
        "controllers": {
            "base": {
                "goal_is_valid": true,
                "goal": {
                    "target": [
                        0.0,
                        0.0,
                        0.0
                    ]
                }
            },
            "trunk": {
                "goal_is_valid": true,
                "goal": {
                    "target": [
                        -7.039627962512895e-05,
                        -0.0002606622292660177,
                        0.0001116546627599746,
                        3.272349204053171e-06
                    ]
                }
            },
            "arm_left": {
                "goal_is_valid": true,
                "goal": {
                    "target_pos": [
                        0.5446205139160156,
                        0.3968505859375,
                        1.4467841386795044
                    ],
                    "target_ori_mat": [
                        [
                            -0.00677800178527832,
                            4.69541409984231e-05,
                            0.9999769330024719
                        ],
                        [
                            0.0031177480705082417,
                            -0.9999949932098389,
                            6.808794569224119e-05
                        ],
                        [
                            0.9999720454216003,
                            0.0031181382946670055,
                            0.006778061389923096
                        ]
                    ]
                },
                "control_filter": {
                    "past_samples": [
                        [
                            -3.893715074809734e-06,
                            1.9059897661209106,
                            -0.9910012483596802,
                            1.5710009336471558,
                            0.9149945378303528,
                            -1.5709991455078125
                        ],
                        [
                            -4.8981819418258965e-06,
                            1.9059817790985107,
                            -0.9909946322441101,
                            1.571000576019287,
                            0.914993166923523,
                            -1.5709991455078125
                        ]
                    ],
                    "current_idx": 0,
                    "fully_filled": true
                }
            },
            "gripper_left": {
                "goal_is_valid": true,
                "goal": {
                    "target": [
                        1.0
                    ]
                },
                "vel_filter": {
                    "past_samples": [
                        [
                            1.117586998589104e-05,
                            2.41398793150438e-05
                        ],
                        [
                            -1.3858079000783619e-05,
                            -2.458691415085923e-05
                        ],
                        [
                            1.251697449333733e-05,
                            2.324580964341294e-05
                        ],
                        [
                            1.4752148672414478e-05,
                            8.046627044677734e-06
                        ],
                        [
                            -1.162290482170647e-05,
                            -3.1292436233343324e-06
                        ]
                    ],
                    "current_idx": 3,
                    "fully_filled": true
                }
            },
            "arm_right": {
                "goal_is_valid": true,
                "goal": {
                    "target_pos": [
                        0.5446233749389648,
                        -0.3968353271484375,
                        1.4439862966537476
                    ],
                    "target_ori_mat": [
                        [
                            0.0058501362800598145,
                            -3.5974662750959396e-06,
                            0.9999829530715942
                        ],
                        [
                            -0.004663337953388691,
                            -0.9999892711639404,
                            2.3684697225689888e-05
                        ],
                        [
                            0.9999721050262451,
                            -0.004663396626710892,
                            -0.00585019588470459
                        ]
                    ]
                },
                "control_filter": {
                    "past_samples": [
                        [
                            3.186201865901239e-05,
                            1.906020164489746,
                            -0.990997850894928,
                            1.570999264717102,
                            0.9150174260139465,
                            -1.5709993839263916
                        ],
                        [
                            3.301744436612353e-05,
                            1.90601646900177,
                            -0.9909905195236206,
                            1.5709997415542603,
                            0.9150208234786987,
                            -1.5709998607635498
                        ]
                    ],
                    "current_idx": 0,
                    "fully_filled": true
                }
            },
            "gripper_right": {
                "goal_is_valid": true,