{
    "agent.n.01_1": {
        "is_asleep": false,
        "root_link": {
            "pos": [
                -50.0,
                -50.0,
                -50.0
            ],
            "ori": [
                0.0,
                0.0,
                0.0,
                1.0
            ],
            "lin_vel": [
                0.0,
                0.0,
                0.0
            ],
            "ang_vel": [
                0.0,
                0.0,
                0.0
            ]
        },
        "joint_pos": [
            71.6413803100586,
            56.481014251708984,
            50.00375747680664,
            -0.009165733121335506,
            -0.00426397193223238,
            3.094817876815796,
            -6.518168083857745e-05,
            -0.00026521197287365794,
            0.00012262728705536574,
            2.429682353977114e-06,
            3.908402050001314e-06,
            2.7014672014047392e-05,
            1.9060026407241821,
            1.9059969186782837,
            -0.9909968376159668,
            -0.9909981489181519,
            1.571000337600708,
            1.5709995031356812,
            0.915005624294281,
            0.9150011539459229,
            -1.5709997415542603,
            -1.571000576019287,
            0.04999985545873642,
            0.04999985918402672,
            0.04999995231628418,
            0.04999998211860657
        ],
        "joint_vel": [
            -0.00010948591807391495,
            -0.00045120049617253244,
            -0.00700597045943141,
            -1.687894473434426e-05,
            0.001192503608763218,
            -0.0008050523465499282,
            0.002784082433208823,
            -0.001236796728335321,
            0.001207333873026073,
            -0.001432103686966002,
            -0.0004641094128601253,
            0.000675779243465513,
            0.001915745553560555,
            -0.0010645696893334389,
            -0.0003164020599797368,
            -0.00010374472185503691,
            -0.00023260041780304164,
            0.0002027820301009342,
            0.0007738971617072821,
            -0.0008247350342571735,
            0.00021286036644596606,
            -9.752798359841108e-05,
            -2.015585960180033e-05,
            2.845416747732088e-05,
            4.6540772018488497e-05,
            1.6472531569888815e-06
        ],
        "controllers": {
            "base": {
                "goal_is_valid": true,
                "goal": {
                    "target": [
                        0.0,
                        0.0,
                        0.0
                    ]
                }
            },
            "trunk": {
                "goal_is_valid": true,
                "goal": {
                    "target": [
                        -7.034304144326597e-05,
                        -0.000260551372775808,
                        0.00011164494208060205,
                        3.318411017971812e-06
                    ]
                }
            },
            "arm_left": {
                "goal_is_valid": true,
                "goal": {
                    "target_pos": [
                        0.5446186065673828,
                        0.3968477249145508,
                        1.4467840194702148
                    ],
                    "target_ori_mat": [
                        [
                            -0.006777405738830566,
                            4.643865395337343e-05,
                            0.9999771118164062
                        ],
                        [
                            0.003117922693490982,
                            -0.999995231628418,
                            6.757141090929508e-05
                        ],
                        [
                            0.9999722242355347,
                            0.0031183091923594475,
                            0.00677722692489624
                        ]
                    ]
                },
                "control_filter": {
                    "past_samples": [
                        [
                            4.628413989848923e-06,
                            1.9060016870498657,
                            -0.9909965395927429,
                            1.5710006952285767,
                            0.915004551410675,
                            -1.5709995031356812
                        ],
                        [
                            5.419909484771779e-06,
                            1.9059984683990479,
                            -0.9909908175468445,
                            1.5710009336471558,
                            0.9150071144104004,
                            -1.5709998607635498
                        ]
                    ],
                    "current_idx": 0,
                    "fully_filled": true
                }
            },
            "gripper_left": {
                "goal_is_valid": true,
                "goal": {
                    "target": [
                        1.0
                    ]
                },
                "vel_filter": {
                    "past_samples": [
                        [
                            3.576278459149762e-06,
                            2.235173951703473e-06
                        ],
                        [
                            0.0,
                            -7.152556918299524e-06
                        ],
                        [
                            -1.3411043937594513e-06,
                            7.599591754114954e-06
                        ],
                        [
                            -2.6822087875189027e-06,
                            -3.576278459149762e-06
                        ],
                        [
                            4.023313522338867e-06,
                            4.023313522338867e-06
                        ]
                    ],
                    "current_idx": 0,
                    "fully_filled": true
                }
            },
            "arm_right": {
                "goal_is_valid": true,
                "goal": {
                    "target_pos": [
                        0.5446224212646484,
                        -0.3968377113342285,
                        1.443986415863037
                    ],
                    "target_ori_mat": [
                        [
                            0.005850017070770264,
                            -4.0978193283081055e-06,
                            0.9999827742576599
                        ],
                        [
                            -0.004662923980504274,
                            -0.9999889135360718,
                            2.3180153220891953e-05
                        ],
                        [
                            0.9999719262123108,
                            -0.004662979859858751,
                            -0.005849719047546387
                        ]
                    ]
                },
                "control_filter": {
                    "past_samples": [
                        [
                            2.3222339223138988e-05,
                            1.905998706817627,
                            -0.991000235080719,
                            1.5709989070892334,
                            0.9150003790855408,
                            -1.5709996223449707
                        ],
                        [
                            2.323068110854365e-05,
                            1.9059935808181763,
                            -0.9909931421279907,
                            1.5709996223449707,
                            0.9150022268295288,
                            -1.5709996223449707
                        ]
                    ],
                    "current_idx": 0,
                    "fully_filled": true
                }
            },
            "gripper_right": {
                "goal_is_valid": true,