{
    "agent.n.01_1": {
        "is_asleep": false,
        "root_link": {
            "pos": [
                -50.0,
                -50.0,
                -50.0
            ],
            "ori": [
                0.0,
                0.0,
                0.0,
                1.0
            ],
            "lin_vel": [
                0.0,
                0.0,
                0.0
            ],
            "ang_vel": [
                0.0,
                0.0,
                0.0
            ]
        },
        "joint_pos": [
            72.48035430908203,
            56.81806182861328,
            50.003753662109375,
            0.003925241529941559,
            -0.009314950555562973,
            -1.6541718244552612,
            -6.897916318848729e-05,
            -0.00025467824889346957,
            0.00010855396249098703,
            5.729348231398035e-06,
            -5.30067211457208e-07,
            2.7377829610486515e-05,
            1.9060008525848389,
            1.9060102701187134,
            -0.991011381149292,
            -0.9910135269165039,
            1.5709984302520752,
            1.5709999799728394,
            0.914995014667511,
            0.9149951338768005,
            -1.570997953414917,
            -1.5709993839263916,
            0.049999888986349106,
            0.049998678267002106,
            0.05000000074505806,
            0.0499986857175827
        ],
        "joint_vel": [
            -0.00020395309547893703,
            -0.0012387493625283241,
            0.0012114424025639892,
            -0.003100775182247162,
            -0.00024189695250242949,
            0.0005304621299728751,
            0.0032816326711326838,
            0.00017385947285220027,
            0.00042459776159375906,
            -0.002446309430524707,
            -0.006202320568263531,
            0.004817579872906208,
            0.0027594170533120632,
            -0.0006407591281458735,
            -0.001257538329809904,
            -0.0005339345661923289,
            -0.013366824015974998,
            0.009180211462080479,
            0.002671837341040373,
            -0.0025671510957181454,
            0.008814845234155655,
            -0.005101428367197514,
            3.2038708468462573e-06,
            1.7476646462455392e-05,
            0.00011107610771432519,
            -9.853044957708335e-08
        ],
        "controllers": {
            "base": {
                "goal_is_valid": true,
                "goal": {
                    "target": [
                        0.0,
                        0.0,
                        0.0
                    ]
                }
            },
            "trunk": {
                "goal_is_valid": true,
                "goal": {
                    "target": [
                        -7.034518785076216e-05,
                        -0.0002605549234431237,
                        0.00011164528405060992,
                        3.3077915304602357e-06
                    ]
                }
            },
            "arm_left": {
                "goal_is_valid": true,
                "goal": {
                    "target_pos": [
                        0.544621467590332,
                        0.3968467712402344,
                        1.446784496307373
                    ],
                    "target_ori_mat": [
                        [
                            -0.006777286529541016,
                            4.741759039461613e-05,
                            0.9999769330024719
                        ],
                        [
                            0.0031172619201242924,
                            -0.9999949932098389,
                            6.854592356830835e-05
                        ],
                        [
                            0.9999720454216003,
                            0.00311765493825078,
                            0.006777346134185791
                        ]
                    ]
                },
                "control_filter": {
                    "past_samples": [
                        [
                            -3.841714715235867e-06,
                            1.9060068130493164,
                            -0.9910120368003845,
                            1.570999264717102,
                            0.9149956107139587,
                            -1.570998191833496
                        ],
                        [
                            2.420725309093541e-08,
                            1.9060043096542358,
                            -0.9910157322883606,
                            1.5709983110427856,
                            0.91499263048172,
                            -1.5709975957870483
                        ]
                    ],
                    "current_idx": 1,
                    "fully_filled": true
                }
            },
            "gripper_left": {
                "goal_is_valid": true,
                "goal": {
                    "target": [
                        1.0
                    ]
                },
                "vel_filter": {
                    "past_samples": [
                        [
                            -3.1292436233343324e-06,
                            0.00011041759717045352
                        ],
                        [
                            1.3858079000783619e-05,
                            -0.00014528630708809942
                        ],
                        [
                            -2.9504297344828956e-05,
                            0.00014528630708809942
                        ],
                        [
                            4.470347994356416e-05,
                            -0.00013813376426696777
                        ],
                        [
                            -5.185603731661104e-05,
                            0.00013500452041625977
                        ]
                    ],
                    "current_idx": 0,
                    "fully_filled": true
                }
            },
            "arm_right": {
                "goal_is_valid": true,
                "goal": {
                    "target_pos": [
                        0.5446252822875977,
                        -0.39684104919433594,
                        1.443986415863037
                    ],
                    "target_ori_mat": [
                        [
                            0.0058501362800598145,
                            -3.7192367017269135e-06,
                            0.9999828338623047
                        ],
                        [
                            -0.0046636308543384075,
                            -0.9999890327453613,
                            2.3564090952277184e-05
                        ],
                        [
                            0.9999719858169556,
                            -0.004663689061999321,
                            -0.005849957466125488
                        ]
                    ]
                },
                "control_filter": {
                    "past_samples": [
                        [
                            3.115160870947875e-05,
                            1.9060022830963135,
                            -0.9910073280334473,
                            1.5709997415542603,
                            0.9149953722953796,
                            -1.5709997415542603
                        ],
                        [
                            2.665541978785768e-05,
                            1.9060180187225342,
                            -0.9910197257995605,
                            1.5709996223449707,
                            0.9149956703186035,
                            -1.5709996223449707
                        ]
                    ],
                    "current_idx": 1,
                    "fully_filled": true
                }
            },
            "gripper_right": {
                "goal_is_valid": true,