{
    "die.n.01_1": {
        "is_asleep": true,
        "root_link": {
            "pos": [
                21.579870223999023,
                7.740663051605225,
                0.4442806541919708
            ],
            "ori": [
                0.00014299526810646057,
                -9.860843420028687e-05,
                -0.5028460025787354,
                0.8643760085105896
            ],
            "lin_vel": [
                0.0,
                0.0,
                0.0
            ],
            "ang_vel": [
                0.0,
                0.0,
                0.0
            ]
        },
        "non_kin": {}
    },
    "die.n.01_2": {
        "is_asleep": true,
        "root_link": {
            "pos": [
                22.315635681152344,
                7.609447956085205,
                0.4442206621170044
            ],
            "ori": [
                -0.0005340147763490677,
                0.0020301491022109985,
                0.967987596988678,
                -0.2509894371032715
            ],
            "lin_vel": [
                0.0,
                0.0,
                0.0
            ],
            "ang_vel": [
                0.0,
                0.0,
                0.0
            ]
        },
        "non_kin": {}
    },
    "floor.n.01_1": {
        "is_asleep": false,
        "root_link": {
            "pos": [
                22.338796615600586,
                6.954677581787109,
                -0.1388092190027237
            ],
            "ori": [
                0.0,
                0.0,
                0.0,
                1.0
            ]
        },
        "non_kin": {}
    },
    "teddy.n.01_1": {
        "is_asleep": true,
        "root_link": {
            "pos": [
                21.277090072631836,
                6.59540319442749,
                0.04567953944206238
            ],
            "ori": [
                0.006233975291252136,
                -0.017147734761238098,
                0.9943897724151611,
                0.10419434309005737
            ],
            "lin_vel": [
                0.0,
                0.0,
                0.0
            ],
            "ang_vel": [
                0.0,
                0.0,
                0.0
            ]
        },
        "non_kin": {
            "ModifiedParticles": {
                "n_systems": 0
            },
            "Saturated": {
                "n_systems": 0,
                "default_visual_particle_limit": 200,
                "default_physical_particle_limit": 400
            },
            "ParticleRemover": {
                "current_step": 0
            }
        }
    },
    "teddy.n.01_2": {
        "is_asleep": true,
        "root_link": {
            "pos": [
                22.65894317626953,
                6.552004337310791,
                0.045679498463869095
            ],
            "ori": [
                0.011030135676264763,
                -0.014531590044498444,
                0.9806604385375977,
                -0.19486498832702637
            ],
            "lin_vel": [
                0.0,
                0.0,
                0.0
            ],
            "ang_vel": [
                0.0,
                0.0,
                0.0
            ]
        },
        "non_kin": {
            "ModifiedParticles": {
                "n_systems": 0
            },
            "Saturated": {
                "n_systems": 0,
                "default_visual_particle_limit": 200,
                "default_physical_particle_limit": 400
            },
            "ParticleRemover": {
                "current_step": 0
            }
        }
    },
    "train_set.n.01_1": {
        "is_asleep": true,
        "root_link": {
            "pos": [
                23.883121490478516,
                7.561820030212402,
                0.5766724944114685
            ],
            "ori": [
                -0.002547651994973421,
                0.003524749306961894,
                -0.750762403011322,
                0.6605582237243652
            ],
            "lin_vel": [
                0.0,
                0.0,
                0.0
            ],
            "ang_vel": [
                0.0,
                0.0,
                0.0
            ]
        },
        "non_kin": {}
    },
    "board_game.n.01_1": {
        "is_asleep": true,
        "root_link": {
            "pos": [
                23.772281646728516,
                7.7823805809021,
                0.5714994668960571
            ],
            "ori": [
                2.390087274761754e-07,
                2.188591315643862e-05,
                -0.116902656853199,
                0.9931434392929077
            ],
            "lin_vel": [
                0.0,
                0.0,
                0.0
            ],
            "ang_vel": [
                0.0,
                0.0,
                0.0
            ]
        },
        "non_kin": {}
    },
    "board_game.n.01_2": {
        "is_asleep": true,
        "root_link": {
            "pos": [
                22.20871925354004,
                7.696601390838623,
                0.446298211812973
            ],
            "ori": [
                0.00011553722288226709,
                -0.00012635035091079772,
                0.9582871794700623,
                0.2858075201511383
            ],
            "lin_vel": [
                0.0,
                0.0,
                0.0
            ],
            "ang_vel": [
                0.0,
                0.0,
                0.0
            ]
        },
        "non_kin": {}
    },
    "desk.n.01_1": {
        "is_asleep": false,
        "root_link": {
            "pos": [
                23.955394744873047,
                7.669084548950195,
                0.4257984161376953
            ],
            "ori": [
                0.0,
                0.0,
                0.9999991655349731,
                0.001271800952963531
            ]
        },
        "non_kin": {}
    },
    "bed.n.01_1": {
        "is_asleep": false,
        "root_link": {
            "pos": [
                22.27996826171875,
                7.785693645477295,
                0.33833593130111694
            ],
            "ori": [
                0.0,
                0.0,
                1.0,
                -4.331257628109597e-07
            ]
        },
        "non_kin": {}
    },
    "bookcase.n.01_1": {
        "is_asleep": false,
        "root_link": {
            "pos": [
                20.439529418945312,
                6.925741672515869,
                0.7794622182846069
            ],
            "ori": [
                0.0,
                0.0,
                0.0,
                1.0
            ]
        },
        "non_kin": {
            "Temperature": {
                "temperature": 23.0
            }
        }
    },
    "bookcase.n.01_2": {
        "is_asleep": false,
        "root_link": {
            "pos": [
                20.439529418945312,
                7.795680522918701,
                0.7794621586799622
            ],
            "ori": [
                0.0,
                0.0,
                0.0,
                1.0
            ]
        },
        "non_kin": {
            "Temperature": {
                "temperature": 23.0
            }
        }
    },
    "robot_poses": {
        "R1Pro": [
            {
                "position": [
                    21.66352081298828,
                    6.52740478515625,
                    0.003753662109375
                ],
                "orientation": [
                    0.0,
                    0.0,
                    0.9958465099334717,
                    0.09104817360639572
                ]
            }
        ],
        "Fetch": [
            {
                "position": [
                    21.080276489257812,
                    6.199963569641113,
                    0.0012841224670410156
                ],