{
    "die.n.01_1": {
        "is_asleep": true,
        "root_link": {
            "pos": [
                22.45077133178711,
                7.631381034851074,
                0.44422709941864014
            ],
            "ori": [
                -0.0002332497388124466,
                1.3031065464019775e-05,
                -0.6125952005386353,
                0.7903969287872314
            ],
            "lin_vel": [
                0.0,
                0.0,
                0.0
            ],
            "ang_vel": [
                0.0,
                0.0,
                0.0
            ]
        },
        "non_kin": {}
    },
    "die.n.01_2": {
        "is_asleep": true,
        "root_link": {
            "pos": [
                21.484569549560547,
                7.593947887420654,
                0.4442583918571472
            ],
            "ori": [
                -0.0008322317153215408,
                6.879866123199463e-05,
                0.9857603907585144,
                0.16815470159053802
            ],
            "lin_vel": [
                0.0,
                0.0,
                0.0
            ],
            "ang_vel": [
                0.0,
                0.0,
                0.0
            ]
        },
        "non_kin": {}
    },
    "floor.n.01_1": {
        "is_asleep": false,
        "root_link": {
            "pos": [
                22.338796615600586,
                6.954677581787109,
                -0.1388092190027237
            ],
            "ori": [
                0.0,
                0.0,
                0.0,
                1.0
            ]
        },
        "non_kin": {}
    },
    "teddy.n.01_1": {
        "is_asleep": false,
        "root_link": {
            "pos": [
                21.76058006286621,
                6.334366798400879,
                0.041114721447229385
            ],
            "ori": [
                -0.01785137876868248,
                -0.0009930399246513844,
                -0.3904082775115967,
                0.9204683899879456
            ],
            "lin_vel": [
                -0.0020401685032993555,
                -0.0036149490624666214,
                0.0006498711882159114
            ],
            "ang_vel": [
                0.08395682275295258,
                -0.0480031780898571,
                -0.0013405857607722282
            ]
        },
        "non_kin": {
            "ModifiedParticles": {
                "n_systems": 0
            },
            "Saturated": {
                "n_systems": 0,
                "default_visual_particle_limit": 200,
                "default_physical_particle_limit": 400
            },
            "ParticleRemover": {
                "current_step": 0
            }
        }
    },
    "teddy.n.01_2": {
        "is_asleep": false,
        "root_link": {
            "pos": [
                22.28228187561035,
                6.548950672149658,
                0.04568096250295639
            ],
            "ori": [
                -0.01668946072459221,
                -0.006969934795051813,
                -0.0573367103934288,
                0.998191237449646
            ],
            "lin_vel": [
                -4.427160456543788e-05,
                0.00013795650738757104,
                -2.0857483832514845e-05
            ],
            "ang_vel": [
                -0.002973207039758563,
                -0.0010026448871940374,
                0.00047036417527124286
            ]
        },
        "non_kin": {
            "ModifiedParticles": {
                "n_systems": 0
            },
            "Saturated": {
                "n_systems": 0,
                "default_visual_particle_limit": 200,
                "default_physical_particle_limit": 400
            },
            "ParticleRemover": {
                "current_step": 0
            }
        }
    },
    "train_set.n.01_1": {
        "is_asleep": true,
        "root_link": {
            "pos": [
                23.805709838867188,
                7.420867919921875,
                0.576673150062561
            ],
            "ori": [
                -0.003387383185327053,
                -0.002729233121499419,
                0.6998261213302612,
                0.714300274848938
            ],
            "lin_vel": [
                0.0,
                0.0,
                0.0
            ],
            "ang_vel": [
                0.0,
                0.0,
                0.0
            ]
        },
        "non_kin": {}
    },
    "board_game.n.01_1": {
        "is_asleep": true,
        "root_link": {
            "pos": [
                23.97806739807129,
                7.881723880767822,
                0.5714958310127258
            ],
            "ori": [
                -2.200493781856494e-06,
                1.0475826002220856e-06,
                0.42192211747169495,
                0.9066321849822998
            ],
            "lin_vel": [
                0.0,
                0.0,
                0.0
            ],
            "ang_vel": [
                0.0,
                0.0,
                0.0
            ]
        },
        "non_kin": {}
    },
    "board_game.n.01_2": {
        "is_asleep": true,
        "root_link": {
            "pos": [
                21.50773811340332,
                7.792017936706543,
                0.44684478640556335
            ],
            "ori": [
                -0.00012303669063840061,
                -0.0029290805105119944,
                0.9992069005966187,
                0.039713650941848755
            ],
            "lin_vel": [
                0.0,
                0.0,
                0.0
            ],
            "ang_vel": [
                0.0,
                0.0,
                0.0
            ]
        },
        "non_kin": {}
    },
    "desk.n.01_1": {
        "is_asleep": false,
        "root_link": {
            "pos": [
                23.955398559570312,
                7.669084548950195,
                0.4257984161376953
            ],
            "ori": [
                0.0,
                0.0,
                0.9999991655349731,
                0.001271800952963531
            ]
        },
        "non_kin": {}
    },
    "bed.n.01_1": {
        "is_asleep": false,
        "root_link": {
            "pos": [
                22.27996826171875,
                7.785693645477295,
                0.33833593130111694
            ],
            "ori": [
                0.0,
                0.0,
                1.0,
                -4.331257628109597e-07
            ]
        },
        "non_kin": {}
    },
    "bookcase.n.01_1": {
        "is_asleep": false,
        "root_link": {
            "pos": [
                20.439529418945312,
                6.925741672515869,
                0.7794622182846069
            ],
            "ori": [
                0.0,
                0.0,
                0.0,
                1.0
            ]
        },
        "non_kin": {
            "Temperature": {
                "temperature": 23.0
            }
        }
    },
    "bookcase.n.01_2": {
        "is_asleep": false,
        "root_link": {
            "pos": [
                20.439529418945312,
                7.795680522918701,
                0.7794621586799622
            ],
            "ori": [
                0.0,
                0.0,
                0.0,
                1.0
            ]
        },
        "non_kin": {
            "Temperature": {
                "temperature": 23.0
            }
        }
    },
    "robot_poses": {
        "R1Pro": [
            {
                "position": [
                    21.307106018066406,
                    6.312305450439453,
                    0.0060882568359375
                ],
                "orientation": [
                    0.0,
                    0.0,
                    -0.7735167145729065,
                    0.6337758898735046
                ]
            }
        ],