{
    "agent.n.01_1": {
        "is_asleep": false,
        "root_link": {
            "pos": [
                -50.0,
                -50.0,
                -50.0
            ],
            "ori": [
                0.0,
                0.0,
                0.0,
                1.0
            ],
            "lin_vel": [
                0.0,
                0.0,
                0.0
            ],
            "ang_vel": [
                0.0,
                0.0,
                0.0
            ]
        },
        "joint_pos": [
            73.46354675292969,
            56.34021759033203,
            50.003753662109375,
            -0.002371005015447736,
            -0.00982539914548397,
            -2.2899222373962402,
            -7.069634011713788e-05,
            -0.00026071074535138905,
            0.00011123353033326566,
            7.427826858474873e-06,
            -6.348636816255748e-06,
            3.473808101261966e-05,
            1.9059940576553345,
            1.9060088396072388,
            -0.9909921884536743,
            -0.9910232424736023,
            1.5709995031356812,
            1.5710009336471558,
            0.915011465549469,
            0.9149811267852783,
            -1.5709986686706543,
            -1.5710004568099976,
            0.04999949783086777,
            0.049999602138996124,
            0.049999598413705826,
            0.04999912157654762
        ],
        "joint_vel": [
            -0.0006161697674542665,
            -5.8369943872094154e-05,
            0.001139253145083785,
            -0.0030135782435536385,
            0.0014202678576111794,
            2.5941699277609587e-05,
            0.003175798337906599,
            -0.0003411190409678966,
            6.240562652237713e-05,
            -0.004502836149185896,
            -0.005271406844258308,
            0.004216400440782309,
            0.0021949915681034327,
            -0.00024576857686042786,
            -0.0017323034116998315,
            -0.000172246596775949,
            -0.010799198411405087,
            0.008765392936766148,
            0.0025117683690041304,
            -0.0025059878826141357,
            0.007071035914123058,
            -0.00511446176096797,
            -8.734714356251061e-07,
            2.0271418179618195e-05,
            5.4356514738174155e-05,
            3.4776290704030544e-05
        ],
        "controllers": {
            "base": {
                "goal_is_valid": true,
                "goal": {
                    "target": [
                        0.0,
                        0.0,
                        0.0
                    ]
                }
            },
            "trunk": {
                "goal_is_valid": true,
                "goal": {
                    "target": [
                        -7.043622463243082e-05,
                        -0.0002607439237181097,
                        0.00011166246986249462,
                        3.281028057244839e-06
                    ]
                }
            },
            "arm_left": {
                "goal_is_valid": true,
                "goal": {
                    "target_pos": [
                        0.5446205139160156,
                        0.3968467712402344,
                        1.4467841386795044
                    ],
                    "target_ori_mat": [
                        [
                            -0.006777644157409668,
                            4.6449131332337856e-05,
                            0.9999769330024719
                        ],
                        [
                            0.0031175711192190647,
                            -0.9999949932098389,
                            6.758072413504124e-05
                        ],
                        [
                            0.9999720454216003,
                            0.00311795761808753,
                            0.006777703762054443
                        ]
                    ]
                },
                "control_filter": {
                    "past_samples": [
                        [
                            -6.425115770980483e-06,
                            1.9060015678405762,
                            -0.9909958839416504,
                            1.571000337600708,
                            0.9150095582008362,
                            -1.5709987878799438
                        ],
                        [
                            -7.910004569566809e-06,
                            1.9059995412826538,
                            -0.9909933805465698,
                            1.570999026298523,
                            0.9150103330612183,
                            -1.570997953414917
                        ]
                    ],
                    "current_idx": 1,
                    "fully_filled": true
                }
            },
            "gripper_left": {
                "goal_is_valid": true,
                "goal": {
                    "target": [
                        1.0
                    ]
                },
                "vel_filter": {
                    "past_samples": [
                        [
                            -1.9222496121074073e-05,
                            4.693865412264131e-05
                        ],
                        [
                            -1.7881391613627784e-05,
                            3.531574839144014e-05
                        ],
                        [
                            1.609325408935547e-05,
                            -2.279877480759751e-05
                        ],
                        [
                            -3.263354301452637e-05,
                            2.8163192837382667e-05
                        ],
                        [
                            1.0281800314260181e-05,
                            -4.693865412264131e-05
                        ]
                    ],
                    "current_idx": 1,
                    "fully_filled": true
                }
            },
            "arm_right": {
                "goal_is_valid": true,
                "goal": {
                    "target_pos": [
                        0.5446262359619141,
                        -0.3968391418457031,
                        1.4439862966537476
                    ],
                    "target_ori_mat": [
                        [
                            0.005850017070770264,
                            -3.770226612687111e-06,
                            0.9999828338623047
                        ],
                        [
                            -0.004663204774260521,
                            -0.9999890327453613,
                            2.3510074242949486e-05
                        ],
                        [
                            0.9999719858169556,
                            -0.004663262516260147,
                            -0.0058498382568359375
                        ]
                    ]
                },
                "control_filter": {
                    "past_samples": [
                        [
                            3.458913852227852e-05,
                            1.9060063362121582,
                            -0.9910246133804321,
                            1.571000337600708,
                            0.9149788618087769,
                            -1.571000099182129
                        ],
                        [
                            3.467097849352285e-05,
                            1.9060068130493164,
                            -0.9910227060317993,
                            1.5709998607635498,
                            0.9149812459945679,
                            -1.5709996223449707
                        ]
                    ],
                    "current_idx": 1,
                    "fully_filled": true
                }
            },
            "gripper_right": {
                "goal_is_valid": true,