{
    "die.n.01_1": {
        "is_asleep": true,
        "root_link": {
            "pos": [
                22.08626365661621,
                7.697458267211914,
                0.44425666332244873
            ],
            "ori": [
                0.0001719798892736435,
                8.53314995765686e-05,
                0.42101094126701355,
                0.9070555567741394
            ],
            "lin_vel": [
                0.0,
                0.0,
                0.0
            ],
            "ang_vel": [
                0.0,
                0.0,
                0.0
            ]
        },
        "non_kin": {}
    },
    "die.n.01_2": {
        "is_asleep": true,
        "root_link": {
            "pos": [
                22.163253784179688,
                7.654262065887451,
                0.44426673650741577
            ],
            "ori": [
                -0.00041321106255054474,
                0.00015091150999069214,
                0.9058085680007935,
                -0.42368707060813904
            ],
            "lin_vel": [
                0.0,
                0.0,
                0.0
            ],
            "ang_vel": [
                0.0,
                0.0,
                0.0
            ]
        },
        "non_kin": {}
    },
    "floor.n.01_1": {
        "is_asleep": false,
        "root_link": {
            "pos": [
                22.338796615600586,
                6.954677581787109,
                -0.1388092190027237
            ],
            "ori": [
                0.0,
                0.0,
                0.0,
                1.0
            ]
        },
        "non_kin": {}
    },
    "teddy.n.01_1": {
        "is_asleep": false,
        "root_link": {
            "pos": [
                21.204437255859375,
                6.09742546081543,
                0.04569785296916962
            ],
            "ori": [
                -0.015922434628009796,
                0.0030657127499580383,
                -0.5981521010398865,
                0.8012187480926514
            ],
            "lin_vel": [
                0.0074629089795053005,
                0.007001406978815794,
                -0.0014173629460856318
            ],
            "ang_vel": [
                -0.1549730747938156,
                0.16406171023845673,
                -0.0028635200578719378
            ]
        },
        "non_kin": {
            "ModifiedParticles": {
                "n_systems": 0
            },
            "Saturated": {
                "n_systems": 0,
                "default_visual_particle_limit": 200,
                "default_physical_particle_limit": 400
            },
            "ParticleRemover": {
                "current_step": 0
            }
        }
    },
    "teddy.n.01_2": {
        "is_asleep": false,
        "root_link": {
            "pos": [
                21.249908447265625,
                6.85448694229126,
                0.04567951709032059
            ],
            "ori": [
                0.0048325080424547195,
                -0.017592860385775566,
                0.9827663898468018,
                0.18394973874092102
            ],
            "lin_vel": [
                -6.145438874227693e-06,
                -4.3501011532498524e-05,
                1.857738880062243e-06
            ],
            "ang_vel": [
                0.0008696980657987297,
                -0.0002578865096438676,
                -4.7883753722999245e-05
            ]
        },
        "non_kin": {
            "ModifiedParticles": {
                "n_systems": 0
            },
            "Saturated": {
                "n_systems": 0,
                "default_visual_particle_limit": 200,
                "default_physical_particle_limit": 400
            },
            "ParticleRemover": {
                "current_step": 0
            }
        }
    },
    "train_set.n.01_1": {
        "is_asleep": true,
        "root_link": {
            "pos": [
                23.95450782775879,
                7.408098220825195,
                0.5766733884811401
            ],
            "ori": [
                -0.004282819107174873,
                0.0007749074138700962,
                -0.08274076879024506,
                0.9965617060661316
            ],
            "lin_vel": [
                0.0,
                0.0,
                0.0
            ],
            "ang_vel": [
                0.0,
                0.0,
                0.0
            ]
        },
        "non_kin": {}
    },
    "board_game.n.01_1": {
        "is_asleep": true,
        "root_link": {
            "pos": [
                23.891067504882812,
                7.978809833526611,
                0.5714952349662781
            ],
            "ori": [
                1.3048279470240232e-06,
                2.9583789000753313e-06,
                0.9093028903007507,
                -0.41613510251045227
            ],
            "lin_vel": [
                0.0,
                0.0,
                0.0
            ],
            "ang_vel": [
                0.0,
                0.0,
                0.0
            ]
        },
        "non_kin": {}
    },
    "board_game.n.01_2": {
        "is_asleep": true,
        "root_link": {
            "pos": [
                21.769399642944336,
                7.601308822631836,
                0.44623446464538574
            ],
            "ori": [
                0.00011265951616223902,
                -0.00012833451910410076,
                0.7515094876289368,
                0.6597222685813904
            ],
            "lin_vel": [
                0.0,
                0.0,
                0.0
            ],
            "ang_vel": [
                0.0,
                0.0,
                0.0
            ]
        },
        "non_kin": {}
    },
    "desk.n.01_1": {
        "is_asleep": false,
        "root_link": {
            "pos": [
                23.955398559570312,
                7.669084548950195,
                0.4257984161376953
            ],
            "ori": [
                0.0,
                0.0,
                0.9999991655349731,
                0.001271800952963531
            ]
        },
        "non_kin": {}
    },
    "bed.n.01_1": {
        "is_asleep": false,
        "root_link": {
            "pos": [
                22.27996826171875,
                7.785693645477295,
                0.33833593130111694
            ],
            "ori": [
                0.0,
                0.0,
                1.0,
                -4.331257628109597e-07
            ]
        },
        "non_kin": {}
    },
    "bookcase.n.01_1": {
        "is_asleep": false,
        "root_link": {
            "pos": [
                20.439529418945312,
                6.925741672515869,
                0.7794622182846069
            ],
            "ori": [
                0.0,
                0.0,
                0.0,
                1.0
            ]
        },
        "non_kin": {
            "Temperature": {
                "temperature": 23.0
            }
        }
    },
    "bookcase.n.01_2": {
        "is_asleep": false,
        "root_link": {
            "pos": [
                20.439529418945312,
                7.795680522918701,
                0.7794621586799622
            ],
            "ori": [
                0.0,
                0.0,
                0.0,
                1.0
            ]
        },
        "non_kin": {
            "Temperature": {
                "temperature": 23.0
            }
        }
    },
    "robot_poses": {
        "R1Pro": [
            {
                "position": [
                    22.072547912597656,
                    6.833072662353516,
                    0.003753662109375
                ],
                "orientation": [
                    0.0,
                    0.0,
                    -0.7706431746482849,
                    0.6372669339179993
                ]
            }
        ],