{
    "die.n.01_1": {
        "is_asleep": true,
        "root_link": {
            "pos": [
                22.760435104370117,
                7.478033542633057,
                0.4442165493965149
            ],
            "ori": [
                -0.0002302415668964386,
                3.4897588193416595e-05,
                0.9999955892562866,
                -0.002956569194793701
            ],
            "lin_vel": [
                0.0,
                0.0,
                0.0
            ],
            "ang_vel": [
                0.0,
                0.0,
                0.0
            ]
        },
        "non_kin": {}
    },
    "die.n.01_2": {
        "is_asleep": true,
        "root_link": {
            "pos": [
                21.89051055908203,
                7.4030866622924805,
                0.4438045620918274
            ],
            "ori": [
                0.02263578213751316,
                -0.0018014684319496155,
                0.0903567522764206,
                0.9956508278846741
            ],
            "lin_vel": [
                0.0,
                0.0,
                0.0
            ],
            "ang_vel": [
                0.0,
                0.0,
                0.0
            ]
        },
        "non_kin": {}
    },
    "floor.n.01_1": {
        "is_asleep": false,
        "root_link": {
            "pos": [
                22.338796615600586,
                6.954677581787109,
                -0.1388092190027237
            ],
            "ori": [
                0.0,
                0.0,
                0.0,
                1.0
            ]
        },
        "non_kin": {}
    },
    "teddy.n.01_1": {
        "is_asleep": false,
        "root_link": {
            "pos": [
                21.415128707885742,
                6.075690746307373,
                0.04114774614572525
            ],
            "ori": [
                -0.017244193702936172,
                -0.00919803325086832,
                0.048823293298482895,
                0.9986163973808289
            ],
            "lin_vel": [
                -0.0010025717783719301,
                -0.0002831713354680687,
                0.00023683716426603496
            ],
            "ang_vel": [
                -0.018416795879602432,
                -0.007206302136182785,
                0.010057526640594006
            ]
        },
        "non_kin": {
            "ModifiedParticles": {
                "n_systems": 0
            },
            "Saturated": {
                "n_systems": 0,
                "default_visual_particle_limit": 200,
                "default_physical_particle_limit": 400
            },
            "ParticleRemover": {
                "current_step": 0
            }
        }
    },
    "teddy.n.01_2": {
        "is_asleep": false,
        "root_link": {
            "pos": [
                22.403783798217773,
                6.873110294342041,
                0.04568096622824669
            ],
            "ori": [
                -0.01783743128180504,
                -0.0030049432534724474,
                -0.28214162588119507,
                0.9592024683952332
            ],
            "lin_vel": [
                -4.651217022910714e-05,
                -0.0004878646577708423,
                7.122747774701566e-05
            ],
            "ang_vel": [
                0.010853523388504982,
                -0.0011090151965618134,
                -0.0014149814378470182
            ]
        },
        "non_kin": {
            "ModifiedParticles": {
                "n_systems": 0
            },
            "Saturated": {
                "n_systems": 0,
                "default_visual_particle_limit": 200,
                "default_physical_particle_limit": 400
            },
            "ParticleRemover": {
                "current_step": 0
            }
        }
    },
    "train_set.n.01_1": {
        "is_asleep": true,
        "root_link": {
            "pos": [
                23.886985778808594,
                7.740231513977051,
                0.576673686504364
            ],
            "ori": [
                0.0009141667396761477,
                -0.0042110891081392765,
                0.9519909620285034,
                -0.3060961961746216
            ],
            "lin_vel": [
                0.0,
                0.0,
                0.0
            ],
            "ang_vel": [
                0.0,
                0.0,
                0.0
            ]
        },
        "non_kin": {}
    },
    "board_game.n.01_1": {
        "is_asleep": true,
        "root_link": {
            "pos": [
                23.870710372924805,
                7.282386302947998,
                0.5715018510818481
            ],
            "ori": [
                -3.7421900742629077e-06,
                -1.01112918855506e-05,
                0.9684500098228455,
                0.24920815229415894
            ],
            "lin_vel": [
                0.0,
                0.0,
                0.0
            ],
            "ang_vel": [
                0.0,
                0.0,
                0.0
            ]
        },
        "non_kin": {}
    },
    "board_game.n.01_2": {
        "is_asleep": true,
        "root_link": {
            "pos": [
                22.082162857055664,
                7.6437554359436035,
                0.4462665617465973
            ],
            "ori": [
                1.0234114597551525e-05,
                -0.0001103148897527717,
                0.8147713541984558,
                0.5797825455665588
            ],
            "lin_vel": [
                0.0,
                0.0,
                0.0
            ],
            "ang_vel": [
                0.0,
                0.0,
                0.0
            ]
        },
        "non_kin": {}
    },
    "desk.n.01_1": {
        "is_asleep": false,
        "root_link": {
            "pos": [
                23.95539665222168,
                7.669084548950195,
                0.4257984161376953
            ],
            "ori": [
                0.0,
                0.0,
                0.9999991655349731,
                0.001271800952963531
            ]
        },
        "non_kin": {}
    },
    "bed.n.01_1": {
        "is_asleep": false,
        "root_link": {
            "pos": [
                22.27996826171875,
                7.785693645477295,
                0.33833593130111694
            ],
            "ori": [
                0.0,
                0.0,
                1.0,
                -4.331257628109597e-07
            ]
        },
        "non_kin": {}
    },
    "bookcase.n.01_1": {
        "is_asleep": false,
        "root_link": {
            "pos": [
                20.439529418945312,
                6.925741672515869,
                0.7794622182846069
            ],
            "ori": [
                0.0,
                0.0,
                0.0,
                1.0
            ]
        },
        "non_kin": {
            "Temperature": {
                "temperature": 23.0
            }
        }
    },
    "bookcase.n.01_2": {
        "is_asleep": false,
        "root_link": {
            "pos": [
                20.439529418945312,
                7.795680522918701,
                0.7794621586799622
            ],
            "ori": [
                0.0,
                0.0,
                0.0,
                1.0
            ]
        },
        "non_kin": {
            "Temperature": {
                "temperature": 23.0
            }
        }
    },
    "robot_poses": {
        "R1Pro": [
            {
                "position": [
                    21.99542236328125,
                    6.534564971923828,
                    0.003753662109375
                ],
                "orientation": [
                    0.0,
                    0.0,
                    -0.8223198652267456,
                    0.5690255165100098
                ]
            }
        ],