{
    "die.n.01_1": {
        "is_asleep": true,
        "root_link": {
            "pos": [
                22.73006248474121,
                7.4032301902771,
                0.44375720620155334
            ],
            "ori": [
                0.026885753497481346,
                -0.012266851961612701,
                0.42073577642440796,
                0.9067018628120422
            ],
            "lin_vel": [
                0.0,
                0.0,
                0.0
            ],
            "ang_vel": [
                0.0,
                0.0,
                0.0
            ]
        },
        "non_kin": {}
    },
    "die.n.01_2": {
        "is_asleep": true,
        "root_link": {
            "pos": [
                22.784042358398438,
                7.535562038421631,
                0.44419580698013306
            ],
            "ori": [
                -2.5950372219085693e-05,
                0.0005305670201778412,
                0.9176569581031799,
                0.39737313985824585
            ],
            "lin_vel": [
                0.0,
                0.0,
                0.0
            ],
            "ang_vel": [
                0.0,
                0.0,
                0.0
            ]
        },
        "non_kin": {}
    },
    "floor.n.01_1": {
        "is_asleep": false,
        "root_link": {
            "pos": [
                22.338796615600586,
                6.954677581787109,
                -0.1388092190027237
            ],
            "ori": [
                0.0,
                0.0,
                0.0,
                1.0
            ]
        },
        "non_kin": {}
    },
    "teddy.n.01_1": {
        "is_asleep": false,
        "root_link": {
            "pos": [
                21.642393112182617,
                6.847207069396973,
                0.04569578170776367
            ],
            "ori": [
                -0.015842709690332413,
                -0.004393486771732569,
                -0.17977148294448853,
                0.9835711121559143
            ],
            "lin_vel": [
                -0.0011762083740904927,
                0.01048098411411047,
                -0.0014673974364995956
            ],
            "ang_vel": [
                -0.22968481481075287,
                -0.024879364296793938,
                0.002232910366728902
            ]
        },
        "non_kin": {
            "ModifiedParticles": {
                "n_systems": 0
            },
            "Saturated": {
                "n_systems": 0,
                "default_visual_particle_limit": 200,
                "default_physical_particle_limit": 400
            },
            "ParticleRemover": {
                "current_step": 0
            }
        }
    },
    "teddy.n.01_2": {
        "is_asleep": false,
        "root_link": {
            "pos": [
                23.635587692260742,
                6.32493257522583,
                0.04567952826619148
            ],
            "ori": [
                -0.009874566458165646,
                -0.015341347083449364,
                0.5190021395683289,
                0.85457843542099
            ],
            "lin_vel": [
                -5.604714169749059e-05,
                1.4153965821606107e-05,
                5.798976303594827e-07
            ],
            "ang_vel": [
                -0.0004934536991640925,
                -0.0010924708331003785,
                -6.179288902785629e-05
            ]
        },
        "non_kin": {
            "ModifiedParticles": {
                "n_systems": 0
            },
            "Saturated": {
                "n_systems": 0,
                "default_visual_particle_limit": 200,
                "default_physical_particle_limit": 400
            },
            "ParticleRemover": {
                "current_step": 0
            }
        }
    },
    "train_set.n.01_1": {
        "is_asleep": true,
        "root_link": {
            "pos": [
                23.969932556152344,
                7.346132278442383,
                0.5766749382019043
            ],
            "ori": [
                -0.004313284531235695,
                -0.00014821189688518643,
                0.13045987486839294,
                0.9914442300796509
            ],
            "lin_vel": [
                0.0,
                0.0,
                0.0
            ],
            "ang_vel": [
                0.0,
                0.0,
                0.0
            ]
        },
        "non_kin": {}
    },
    "board_game.n.01_1": {
        "is_asleep": true,
        "root_link": {
            "pos": [
                23.937292098999023,
                8.082466125488281,
                0.5715027451515198
            ],
            "ori": [
                -2.9172098948038183e-05,
                1.7075206415029243e-05,
                0.8860101699829102,
                -0.46366602182388306
            ],
            "lin_vel": [
                0.0,
                0.0,
                0.0
            ],
            "ang_vel": [
                0.0,
                0.0,
                0.0
            ]
        },
        "non_kin": {}
    },
    "board_game.n.01_2": {
        "is_asleep": true,
        "root_link": {
            "pos": [
                21.736419677734375,
                7.681965351104736,
                0.446262001991272
            ],
            "ori": [
                0.00013115607725922018,
                -0.00010935805039480329,
                0.639850914478302,
                0.7684991359710693
            ],
            "lin_vel": [
                0.0,
                0.0,
                0.0
            ],
            "ang_vel": [
                0.0,
                0.0,
                0.0
            ]
        },
        "non_kin": {}
    },
    "desk.n.01_1": {
        "is_asleep": false,
        "root_link": {
            "pos": [
                23.955400466918945,
                7.669084548950195,
                0.4257984161376953
            ],
            "ori": [
                0.0,
                0.0,
                0.9999991655349731,
                0.001271800952963531
            ]
        },
        "non_kin": {}
    },
    "bed.n.01_1": {
        "is_asleep": false,
        "root_link": {
            "pos": [
                22.27996826171875,
                7.785693645477295,
                0.33833593130111694
            ],
            "ori": [
                0.0,
                0.0,
                1.0,
                -4.331257628109597e-07
            ]
        },
        "non_kin": {}
    },
    "bookcase.n.01_1": {
        "is_asleep": false,
        "root_link": {
            "pos": [
                20.439529418945312,
                6.925741672515869,
                0.7794622182846069
            ],
            "ori": [
                0.0,
                0.0,
                0.0,
                1.0
            ]
        },
        "non_kin": {
            "Temperature": {
                "temperature": 23.0
            }
        }
    },
    "bookcase.n.01_2": {
        "is_asleep": false,
        "root_link": {
            "pos": [
                20.439529418945312,
                7.795680522918701,
                0.7794621586799622
            ],
            "ori": [
                0.0,
                0.0,
                0.0,
                1.0
            ]
        },
        "non_kin": {
            "Temperature": {
                "temperature": 23.0
            }
        }
    },
    "robot_poses": {
        "R1Pro": [
            {
                "position": [
                    22.408676147460938,
                    6.42633056640625,
                    0.003757476806640625
                ],
                "orientation": [
                    0.0,
                    0.0,
                    -0.9843696355819702,
                    0.17611491680145264
                ]
            }
        ],