{
    "die.n.01_1": {
        "is_asleep": true,
        "root_link": {
            "pos": [
                21.640323638916016,
                7.69149923324585,
                0.4442543387413025
            ],
            "ori": [
                0.0002289721742272377,
                0.0001241043210029602,
                0.133937269449234,
                0.9909899234771729
            ],
            "lin_vel": [
                0.0,
                0.0,
                0.0
            ],
            "ang_vel": [
                0.0,
                0.0,
                0.0
            ]
        },
        "non_kin": {}
    },
    "die.n.01_2": {
        "is_asleep": true,
        "root_link": {
            "pos": [
                21.48067283630371,
                8.049517631530762,
                0.445001482963562
            ],
            "ori": [
                -0.010054830461740494,
                0.0046422407031059265,
                0.9175649285316467,
                -0.3974319100379944
            ],
            "lin_vel": [
                0.0,
                0.0,
                0.0
            ],
            "ang_vel": [
                0.0,
                0.0,
                0.0
            ]
        },
        "non_kin": {}
    },
    "floor.n.01_1": {
        "is_asleep": false,
        "root_link": {
            "pos": [
                22.338796615600586,
                6.954677581787109,
                -0.1388092190027237
            ],
            "ori": [
                0.0,
                0.0,
                0.0,
                1.0
            ]
        },
        "non_kin": {}
    },
    "teddy.n.01_1": {
        "is_asleep": false,
        "root_link": {
            "pos": [
                22.29525375366211,
                6.411000728607178,
                0.04111706092953682
            ],
            "ori": [
                -0.01595206931233406,
                -0.007266873028129339,
                -0.026827476918697357,
                0.9994866251945496
            ],
            "lin_vel": [
                0.00160141137894243,
                -0.0029359112959355116,
                0.0004521303344517946
            ],
            "ang_vel": [
                0.07194741070270538,
                0.03909274935722351,
                -0.0026224120520055294
            ]
        },
        "non_kin": {
            "ModifiedParticles": {
                "n_systems": 0
            },
            "Saturated": {
                "n_systems": 0,
                "default_visual_particle_limit": 200,
                "default_physical_particle_limit": 400
            },
            "ParticleRemover": {
                "current_step": 0
            }
        }
    },
    "teddy.n.01_2": {
        "is_asleep": false,
        "root_link": {
            "pos": [
                21.51302719116211,
                6.401534557342529,
                0.04569153115153313
            ],
            "ori": [
                0.014776986092329025,
                -0.011329391039907932,
                0.892670750617981,
                -0.4503248333930969
            ],
            "lin_vel": [
                0.004061887506395578,
                -0.0015720519004389644,
                0.0013664530124515295
            ],
            "ang_vel": [
                0.033857762813568115,
                0.08955944329500198,
                0.0002375434123678133
            ]
        },
        "non_kin": {
            "ModifiedParticles": {
                "n_systems": 0
            },
            "Saturated": {
                "n_systems": 0,
                "default_visual_particle_limit": 200,
                "default_physical_particle_limit": 400
            },
            "ParticleRemover": {
                "current_step": 0
            }
        }
    },
    "train_set.n.01_1": {
        "is_asleep": true,
        "root_link": {
            "pos": [
                23.85165786743164,
                7.59974479675293,
                0.5766721963882446
            ],
            "ori": [
                -0.0003455014666542411,
                -0.004333186894655228,
                0.9998494982719421,
                -0.01680835708975792
            ],
            "lin_vel": [
                0.0,
                0.0,
                0.0
            ],
            "ang_vel": [
                0.0,
                0.0,
                0.0
            ]
        },
        "non_kin": {}
    },
    "board_game.n.01_1": {
        "is_asleep": true,
        "root_link": {
            "pos": [
                24.082881927490234,
                7.289241313934326,
                0.5714991688728333
            ],
            "ori": [
                -9.018588116305182e-07,
                2.644581627464504e-06,
                0.8955382108688354,
                0.4449846148490906
            ],
            "lin_vel": [
                0.0,
                0.0,
                0.0
            ],
            "ang_vel": [
                0.0,
                0.0,
                0.0
            ]
        },
        "non_kin": {}
    },
    "board_game.n.01_2": {
        "is_asleep": true,
        "root_link": {
            "pos": [
                22.02124786376953,
                7.6098246574401855,
                0.4462531507015228
            ],
            "ori": [
                0.00019317011174280196,
                0.0001518577482784167,
                -0.21675844490528107,
                0.9762253165245056
            ],
            "lin_vel": [
                0.0,
                0.0,
                0.0
            ],
            "ang_vel": [
                0.0,
                0.0,
                0.0
            ]
        },
        "non_kin": {}
    },
    "desk.n.01_1": {
        "is_asleep": false,
        "root_link": {
            "pos": [
                23.955394744873047,
                7.669084548950195,
                0.4257984161376953
            ],
            "ori": [
                0.0,
                0.0,
                0.9999991655349731,
                0.001271800952963531
            ]
        },
        "non_kin": {}
    },
    "bed.n.01_1": {
        "is_asleep": false,
        "root_link": {
            "pos": [
                22.27996826171875,
                7.785693645477295,
                0.33833593130111694
            ],
            "ori": [
                0.0,
                0.0,
                1.0,
                -4.331257628109597e-07
            ]
        },
        "non_kin": {}
    },
    "bookcase.n.01_1": {
        "is_asleep": false,
        "root_link": {
            "pos": [
                20.439529418945312,
                6.925741672515869,
                0.7794622182846069
            ],
            "ori": [
                0.0,
                0.0,
                0.0,
                1.0
            ]
        },
        "non_kin": {
            "Temperature": {
                "temperature": 23.0
            }
        }
    },
    "bookcase.n.01_2": {
        "is_asleep": false,
        "root_link": {
            "pos": [
                20.439529418945312,
                7.795680522918701,
                0.7794621586799622
            ],
            "ori": [
                0.0,
                0.0,
                0.0,
                1.0
            ]
        },
        "non_kin": {
            "Temperature": {
                "temperature": 23.0
            }
        }
    },
    "robot_poses": {
        "R1Pro": [
            {
                "position": [
                    23.04332733154297,
                    6.8216705322265625,
                    0.003753662109375
                ],
                "orientation": [
                    0.0,
                    0.0,
                    -0.7359967231750488,
                    0.6769850850105286
                ]
            }
        ],