{
    "agent.n.01_1": {
        "is_asleep": false,
        "root_link": {
            "pos": [
                -50.0,
                -50.0,
                -50.0
            ],
            "ori": [
                0.0,
                0.0,
                0.0,
                1.0
            ],
            "lin_vel": [
                0.0,
                0.0,
                0.0
            ],
            "ang_vel": [
                0.0,
                0.0,
                0.0
            ]
        },
        "joint_pos": [
            55.18192672729492,
            49.35600280761719,
            50.003780364990234,
            0.003964619245380163,
            0.009298313409090042,
            0.6855549812316895,
            -7.029551488813013e-05,
            -0.00025984933017753065,
            0.0001115360064432025,
            4.154003363510128e-06,
            -8.373513992410153e-06,
            3.57226308551617e-05,
            1.906002402305603,
            1.9060008525848389,
            -0.9909989833831787,
            -0.9910025596618652,
            1.5709984302520752,
            1.5710010528564453,
            0.9150030612945557,
            0.9149994254112244,
            -1.5709972381591797,
            -1.5710002183914185,
            0.04999992996454239,
            0.049999918788671494,
            0.04999992251396179,
            0.04999987781047821
        ],
        "joint_vel": [
            0.00035949103767052293,
            1.40810152515769e-05,
            -0.0006346082082018256,
            5.41569315828383e-05,
            -0.0005274467403069139,
            0.00025383022148162127,
            0.001142788678407669,
            -0.00045184590271674097,
            0.0007200464606285095,
            0.0009905219776555896,
            0.0003283487749285996,
            -0.00010915924212895334,
            -0.0005599085707217455,
            0.00045926336315460503,
            -5.326409882400185e-05,
            0.00010103737440658733,
            0.00037981351488269866,
            -0.0006785036530345678,
            -0.0006464125472120941,
            0.0005993741215206683,
            -0.0002490261977072805,
            0.0004452406137716025,
            2.8629747248487547e-05,
            3.062147925447789e-06,
            -3.554052682375186e-06,
            1.3834316632710397e-05
        ],
        "controllers": {
            "base": {
                "goal_is_valid": true,
                "goal": {
                    "target": [
                        0.0,
                        0.0,
                        0.0
                    ]
                }
            },
            "trunk": {
                "goal_is_valid": true,
                "goal": {
                    "target": [
                        -7.04332924215123e-05,
                        -0.0002607389469631016,
                        0.0001116626153816469,
                        3.293885583843803e-06
                    ]
                }
            },
            "arm_left": {
                "goal_is_valid": true,
                "goal": {
                    "target_pos": [
                        0.5446212291717529,
                        0.3968479633331299,
                        1.4467846155166626
                    ],
                    "target_ori_mat": [
                        [
                            -0.006778120994567871,
                            4.6454486437141895e-05,
                            0.9999769330024719
                        ],
                        [
                            0.003117686603218317,
                            -0.9999948740005493,
                            6.758840754628181e-05
                        ],
                        [
                            0.9999720454216003,
                            0.003118073334917426,
                            0.006778240203857422
                        ]
                    ]
                },
                "control_filter": {
                    "past_samples": [
                        [
                            -8.354122655873653e-06,
                            1.9060007333755493,
                            -0.9909980893135071,
                            1.5709985494613647,
                            0.9150042533874512,
                            -1.570997953414917
                        ],
                        [
                            -8.734386028663721e-06,
                            1.9060026407241821,
                            -0.9910019040107727,
                            1.5709984302520752,
                            0.9150022268295288,
                            -1.5709975957870483
                        ]
                    ],
                    "current_idx": 0,
                    "fully_filled": true
                }
            },
            "gripper_left": {
                "goal_is_valid": true,
                "goal": {
                    "target": [
                        1.0
                    ]
                },
                "vel_filter": {
                    "past_samples": [
                        [
                            -4.023313522338867e-06,
                            2.235173951703473e-06
                        ],
                        [
                            2.6822087875189027e-06,
                            -1.3411043937594513e-06
                        ],
                        [
                            -4.4703480739372026e-07,
                            1.3411043937594513e-06
                        ],
                        [
                            4.4703480739372026e-07,
                            -6.258487246668665e-06
                        ],
                        [
                            -8.940696147874405e-07,
                            3.1292436233343324e-06
                        ]
                    ],
                    "current_idx": 0,
                    "fully_filled": true
                }
            },
            "arm_right": {
                "goal_is_valid": true,
                "goal": {
                    "target_pos": [
                        0.5446250438690186,
                        -0.3968377113342285,
                        1.4439867734909058
                    ],
                    "target_ori_mat": [
                        [
                            0.0058498382568359375,
                            -3.7383288145065308e-06,
                            0.9999829530715942
                        ],
                        [
                            -0.004663597326725721,
                            -0.9999892711639404,
                            2.3543834686279297e-05
                        ],
                        [
                            0.9999721050262451,
                            -0.0046636550687253475,
                            -0.0058498382568359375
                        ]
                    ]
                },
                "control_filter": {
                    "past_samples": [
                        [
                            3.6212324630469084e-05,
                            1.906001091003418,
                            -0.9910009503364563,
                            1.5710012912750244,
                            0.914999783039093,
                            -1.5710009336471558
                        ],
                        [
                            3.576244489522651e-05,
                            1.9060018062591553,
                            -0.9910030961036682,
                            1.571000576019287,
                            0.9149985909461975,
                            -1.5709999799728394
                        ]
                    ],
                    "current_idx": 0,
                    "fully_filled": true
                }
            },