{
    "agent.n.01_1": {
        "is_asleep": false,
        "root_link": {
            "pos": [
                -50.0,
                -50.0,
                -50.0
            ],
            "ori": [
                0.0,
                0.0,
                0.0,
                1.0
            ],
            "lin_vel": [
                0.0,
                0.0,
                0.0
            ],
            "ang_vel": [
                0.0,
                0.0,
                0.0
            ]
        },
        "joint_pos": [
            55.179840087890625,
            49.32514572143555,
            50.003780364990234,
            0.009924426674842834,
            -0.001919667236506939,
            -0.6732825636863708,
            -7.11900502210483e-05,
            -0.000261429202510044,
            0.00011163784074597061,
            4.395616997499019e-06,
            -4.64876802652725e-06,
            3.3004223951138556e-05,
            1.906003475189209,
            1.9060066938400269,
            -0.9910047650337219,
            -0.9910085201263428,
            1.571000337600708,
            1.5710006952285767,
            0.914998471736908,
            0.9149996042251587,
            -1.5709985494613647,
            -1.571000576019287,
            0.04999995604157448,
            0.04999993368983269,
            0.04999981448054314,
            0.04999994486570358
        ],
        "joint_vel": [
            -0.00039070757338777184,
            -0.0002096494717989117,
            -0.0005378431524150074,
            -0.0008165260078385472,
            -0.00029563962016254663,
            -0.00045977579429745674,
            0.002255626255646348,
            -0.0019318549893796444,
            -1.0473966540303081e-05,
            0.00041114696068689227,
            -6.997212040005252e-05,
            0.0005148292402736843,
            -0.0010311088990420103,
            0.0006942431209608912,
            8.40400462038815e-05,
            0.00016786587366368622,
            0.00037517669261433184,
            0.0013354483526200056,
            -0.0013892672723159194,
            0.0012240973301231861,
            -0.0004949710564687848,
            -0.0010139497462660074,
            4.105034895474091e-05,
            -7.622406883456279e-08,
            -1.0512235348869581e-07,
            1.782973231456708e-05
        ],
        "controllers": {
            "base": {
                "goal_is_valid": true,
                "goal": {
                    "target": [
                        0.0,
                        0.0,
                        0.0
                    ]
                }
            },
            "trunk": {
                "goal_is_valid": true,
                "goal": {
                    "target": [
                        -7.043204823276028e-05,
                        -0.000260736356722191,
                        0.00011166335025336593,
                        3.3492149213998346e-06
                    ]
                }
            },
            "arm_left": {
                "goal_is_valid": true,
                "goal": {
                    "target_pos": [
                        0.5446209907531738,
                        0.3968484401702881,
                        1.4467846155166626
                    ],
                    "target_ori_mat": [
                        [
                            -0.0067784786224365234,
                            4.6664150431752205e-05,
                            0.9999769330024719
                        ],
                        [
                            0.003117769956588745,
                            -0.9999949932098389,
                            6.779958494007587e-05
                        ],
                        [
                            0.9999720454216003,
                            0.0031181578524410725,
                            0.006778538227081299
                        ]
                    ]
                },
                "control_filter": {
                    "past_samples": [
                        [
                            -5.246421551419189e-06,
                            1.9060031175613403,
                            -0.9910076856613159,
                            1.5709999799728394,
                            0.9149968028068542,
                            -1.5709986686706543
                        ],
                        [
                            -3.4917147786472924e-06,
                            1.9060039520263672,
                            -0.991006076335907,
                            1.5710010528564453,
                            0.9149994254112244,
                            -1.5709993839263916
                        ]
                    ],
                    "current_idx": 1,
                    "fully_filled": true
                }
            },
            "gripper_left": {
                "goal_is_valid": true,
                "goal": {
                    "target": [
                        1.0
                    ]
                },
                "vel_filter": {
                    "past_samples": [
                        [
                            4.4703480739372026e-07,
                            1.3411043937594513e-06
                        ],
                        [
                            8.940696147874405e-07,
                            4.023313522338867e-06
                        ],
                        [
                            2.235173951703473e-06,
                            -1.788139229574881e-06
                        ],
                        [
                            5.811452410853235e-06,
                            7.599591754114954e-06
                        ],
                        [
                            -6.258487246668665e-06,
                            -7.599591754114954e-06
                        ]
                    ],
                    "current_idx": 3,
                    "fully_filled": true
                }
            },
            "arm_right": {
                "goal_is_valid": true,
                "goal": {
                    "target_pos": [
                        0.5446248054504395,
                        -0.3968374729156494,
                        1.4439868927001953
                    ],
                    "target_ori_mat": [
                        [
                            0.0058498382568359375,
                            -4.074769094586372e-06,
                            0.9999828338623047
                        ],
                        [
                            -0.004663196392357349,
                            -0.9999890327453613,
                            2.320460043847561e-05
                        ],
                        [
                            0.9999719858169556,
                            -0.004663252271711826,
                            -0.005849719047546387
                        ]
                    ]
                },
                "control_filter": {
                    "past_samples": [
                        [
                            3.330756226205267e-05,
                            1.9060076475143433,
                            -0.9910063743591309,
                            1.5709999799728394,
                            0.9150013327598572,
                            -1.5710004568099976
                        ],
                        [
                            3.2428237318526953e-05,
                            1.9060088396072388,
                            -0.991011381149292,
                            1.571000576019287,
                            0.9149972200393677,
                            -1.5710006952285767
                        ]
                    ],
                    "current_idx": 1,
                    "fully_filled": true
                }
            },
            "gripper_right": {
                "goal_is_valid": true,