{
    "steak.n.01_1": {
        "is_asleep": true,
        "root_link": {
            "pos": [
                7.742576599121094,
                -1.865277886390686,
                0.9059423804283142
            ],
            "ori": [
                -0.016642862930893898,
                -0.021728117018938065,
                0.9945335984230042,
                -0.1007666364312172
            ],
            "lin_vel": [
                0.0,
                0.0,
                0.0
            ],
            "ang_vel": [
                0.0,
                0.0,
                0.0
            ]
        },
        "non_kin": {
            "Temperature": {
                "temperature": -3.5566351413726807
            },
            "MaxTemperature": {
                "max_temperature": 23.0
            }
        }
    },
    "pineapple.n.02_1": {
        "is_asleep": true,
        "root_link": {
            "pos": [
                7.878990173339844,
                -1.8349511623382568,
                1.3372480869293213
            ],
            "ori": [
                -0.008944488130509853,
                0.038958314806222916,
                0.9749460816383362,
                -0.21882084012031555
            ],
            "lin_vel": [
                0.0,
                0.0,
                0.0
            ],
            "ang_vel": [
                0.0,
                0.0,
                0.0
            ]
        },
        "non_kin": {
            "Temperature": {
                "temperature": -3.5566351413726807
            },
            "MaxTemperature": {
                "max_temperature": 23.0
            }
        }
    },
    "electric_refrigerator.n.01_1": {
        "is_asleep": true,
        "root_link": {
            "pos": [
                7.81859016418457,
                -1.9658963680267334,
                0.9844352602958679
            ],
            "ori": [
                0.0006650146096944809,
                0.007770730182528496,
                0.6905918121337891,
                0.7232030630111694
            ],
            "lin_vel": [
                0.0,
                0.0,
                0.0
            ],
            "ang_vel": [
                0.0,
                0.0,
                0.0
            ]
        },
        "joint_pos": [
            -1.8573169354206164e-21
        ],
        "joint_vel": [
            -2.0954137661606163e-20
        ],
        "non_kin": {
            "Temperature": {
                "temperature": 23.0
            }
        }
    },
    "bowl.n.01_1": {
        "is_asleep": true,
        "root_link": {
            "pos": [
                9.038347244262695,
                -1.7771672010421753,
                0.9206264615058899
            ],
            "ori": [
                3.7710415199398994e-06,
                -1.9339757272973657e-05,
                0.9857128262519836,
                -0.16843484342098236
            ],
            "lin_vel": [
                0.0,
                0.0,
                0.0
            ],
            "ang_vel": [
                0.0,
                0.0,
                0.0
            ]
        },
        "non_kin": {
            "Temperature": {
                "temperature": 23.0
            }
        }
    },
    "bowl.n.01_2": {
        "is_asleep": true,
        "root_link": {
            "pos": [
                9.141286849975586,
                -1.8984822034835815,
                1.2332909107208252
            ],
            "ori": [
                -1.11687695607543e-05,
                -1.554889604449272e-05,
                0.8463537693023682,
                0.5326212644577026
            ],
            "lin_vel": [
                0.0,
                0.0,
                0.0
            ],
            "ang_vel": [
                0.0,
                0.0,
                0.0
            ]
        },
        "non_kin": {
            "Temperature": {
                "temperature": 23.0
            }
        }
    },
    "cabinet.n.01_1": {
        "is_asleep": true,
        "root_link": {
            "pos": [
                8.73906135559082,
                -1.9643160104751587,
                1.117382526397705
            ],
            "ori": [
                2.7939677238464355e-09,
                5.192305252421647e-09,
                0.7071062326431274,
                0.707107663154602
            ],
            "lin_vel": [
                0.0,
                0.0,
                0.0
            ],
            "ang_vel": [
                0.0,
                0.0,
                0.0
            ]
        },
        "joint_pos": [
            5.908894901152095e-11,
            -2.0394065301073872e-21,
            7.6613028421324e-11
        ],
        "joint_vel": [
            4.1714837405057393e-17,
            -5.1176834086869e-20,
            -1.3904945801685798e-17
        ],
        "non_kin": {
            "Temperature": {
                "temperature": 23.0
            }
        }
    },
    "chopping_board.n.01_1": {
        "is_asleep": true,
        "root_link": {
            "pos": [
                7.117037773132324,
                -1.708417534828186,
                0.8975335955619812
            ],
            "ori": [
                1.4537292372551747e-05,
                2.3071672785590636e-06,
                0.9748390316963196,
                -0.22291015088558197
            ],
            "lin_vel": [
                0.0,
                0.0,
                0.0
            ],
            "ang_vel": [
                0.0,
                0.0,
                0.0
            ]
        },
        "non_kin": {}
    },
    "countertop.n.01_1": {
        "is_asleep": false,
        "root_link": {
            "pos": [
                6.0294647216796875,
                -1.9837117195129395,
                0.8694865107536316
            ],
            "ori": [
                7.628954412641775e-11,
                6.869142060716982e-11,
                0.6691306829452515,
                0.7431447505950928
            ]
        },
        "non_kin": {}
    },
    "carving_knife.n.01_1": {
        "is_asleep": true,
        "root_link": {
            "pos": [
                7.106002330780029,
                -1.7160378694534302,
                0.9135501980781555
            ],
            "ori": [
                0.00020589306950569153,
                5.5820331908762455e-05,
                0.9767858386039734,
                -0.21421881020069122
            ],
            "lin_vel": [
                0.0,
                0.0,
                0.0
            ],
            "ang_vel": [
                0.0,
                0.0,
                0.0
            ]
        },
        "non_kin": {
            "SlicerActive": {
                "value": true,
                "previously_touching": false,
                "delay_counter": 0
            }
        }
    },
    "floor.n.01_1": {
        "is_asleep": false,
        "root_link": {
            "pos": [
                6.593125820159912,
                -0.258637011051178,
                -0.13868464529514313
            ],
            "ori": [
                0.0,
                0.0,
                0.0,
                1.0
            ]
        },
        "non_kin": {}
    },
    "robot_poses": {
        "R1Pro": [
            {
                "position": [
                    5.046497344970703,
                    -0.493621826171875,
                    0.003780364990234375
                ],
                "orientation": [
                    0.0,
                    0.0,
                    -0.16286277770996094,
                    0.9866487383842468
                ]
            }
        ],
        "Fetch": [
            {
                "position": [
                    5.4933881759643555,
                    -0.8137264847755432,
                    0.0013086497783660889
                ],