{
    "agent.n.01_1": {
        "is_asleep": false,
        "root_link": {
            "pos": [
                -50.0,
                -50.0,
                -50.0
            ],
            "ori": [
                0.0,
                0.0,
                0.0,
                1.0
            ],
            "lin_vel": [
                0.0,
                0.0,
                0.0
            ],
            "ang_vel": [
                0.0,
                0.0,
                0.0
            ]
        },
        "joint_pos": [
            55.172664642333984,
            50.265419006347656,
            50.003780364990234,
            0.009053553454577923,
            0.004495470318943262,
            -0.021345900371670723,
            -7.004841609159485e-05,
            -0.00025899606407620013,
            0.00011097604146925732,
            3.5534055768948747e-06,
            -7.598490356031107e-06,
            3.5007742553716525e-05,
            1.9060004949569702,
            1.905997395515442,
            -0.9909986257553101,
            -0.9909955859184265,
            1.5710012912750244,
            1.5709984302520752,
            0.9150015711784363,
            0.9150038957595825,
            -1.5709995031356812,
            -1.5709993839263916,
            0.04999990016222,
            0.04999999329447746,
            0.0499998964369297,
            0.049999967217445374
        ],
        "joint_vel": [
            -3.5689481592271477e-06,
            0.0001579727977514267,
            -0.0008672061376273632,
            7.044096128083766e-05,
            -6.993801798671484e-05,
            6.522629701066762e-05,
            0.0005381650989875197,
            -0.00025626466958783567,
            0.0003087697841692716,
            0.0009012456284835935,
            0.0004480353672988713,
            0.000587917398661375,
            -0.0015790126053616405,
            0.0014909068122506142,
            -0.0002545436145737767,
            0.00038738976581953466,
            0.0006154469447210431,
            0.0008746456587687135,
            -0.0010670942720025778,
            0.0009936755523085594,
            -0.0006066255737096071,
            -0.0007371468818746507,
            2.8001071768812835e-05,
            -6.306498107733205e-06,
            -1.7688080333755352e-06,
            1.6078611224656925e-05
        ],
        "controllers": {
            "base": {
                "goal_is_valid": true,
                "goal": {
                    "target": [
                        0.0,
                        0.0,
                        0.0
                    ]
                }
            },
            "trunk": {
                "goal_is_valid": true,
                "goal": {
                    "target": [
                        -7.034249574644491e-05,
                        -0.00026054936461150646,
                        0.00011164503666805103,
                        3.3192670798598556e-06
                    ]
                }
            },
            "arm_left": {
                "goal_is_valid": true,
                "goal": {
                    "target_pos": [
                        0.5446219444274902,
                        0.39684832096099854,
                        1.4467840194702148
                    ],
                    "target_ori_mat": [
                        [
                            -0.006778120994567871,
                            4.647241439670324e-05,
                            0.9999771118164062
                        ],
                        [
                            0.0031176754273474216,
                            -0.999995231628418,
                            6.760575342923403e-05
                        ],
                        [
                            0.9999722242355347,
                            0.0031180623918771744,
                            0.0067778825759887695
                        ]
                    ]
                },
                "control_filter": {
                    "past_samples": [
                        [
                            -7.866736268624663e-06,
                            1.906001091003418,
                            -0.9910005927085876,
                            1.5710012912750244,
                            0.9150011539459229,
                            -1.5709995031356812
                        ],
                        [
                            -7.500968877138803e-06,
                            1.9059995412826538,
                            -0.9909980893135071,
                            1.571001648902893,
                            0.9150021076202393,
                            -1.5709996223449707
                        ]
                    ],
                    "current_idx": 1,
                    "fully_filled": true
                }
            },
            "gripper_left": {
                "goal_is_valid": true,
                "goal": {
                    "target": [
                        1.0
                    ]
                },
                "vel_filter": {
                    "past_samples": [
                        [
                            -5.811452410853235e-06,
                            2.235173951703473e-06
                        ],
                        [
                            4.470347903406946e-06,
                            0.0
                        ],
                        [
                            -3.576278459149762e-06,
                            1.788139229574881e-06
                        ],
                        [
                            5.364417575037805e-06,
                            -6.258487246668665e-06
                        ],
                        [
                            0.0,
                            3.1292436233343324e-06
                        ]
                    ],
                    "current_idx": 2,
                    "fully_filled": true
                }
            },
            "arm_right": {
                "goal_is_valid": true,
                "goal": {
                    "target_pos": [
                        0.5446248054504395,
                        -0.3968372642993927,
                        1.443986177444458
                    ],
                    "target_ori_mat": [
                        [
                            0.005850315093994141,
                            -4.1013117879629135e-06,
                            0.9999828338623047
                        ],
                        [
                            -0.004663489758968353,
                            -0.9999890327453613,
                            2.3182015866041183e-05
                        ],
                        [
                            0.9999719858169556,
                            -0.00466354563832283,
                            -0.00585019588470459
                        ]
                    ]
                },
                "control_filter": {
                    "past_samples": [
                        [
                            3.56628188455943e-05,
                            1.9059983491897583,
                            -0.9909951686859131,
                            1.5709989070892334,
                            0.9150038361549377,
                            -1.5709991455078125
                        ],
                        [
                            3.498405931168236e-05,
                            1.9059985876083374,
                            -0.9909954071044922,
                            1.5709980726242065,
                            0.9150035977363586,
                            -1.5709985494613647
                        ]
                    ],
                    "current_idx": 1,
                    "fully_filled": true
                }
            },
            "gripper_right": {
                "goal_is_valid": true,