{
    "agent.n.01_1": {
        "is_asleep": false,
        "root_link": {
            "pos": [
                -50.0,
                -50.0,
                -50.0
            ],
            "ori": [
                0.0,
                0.0,
                0.0,
                1.0
            ],
            "lin_vel": [
                0.0,
                0.0,
                0.0
            ],
            "ang_vel": [
                0.0,
                0.0,
                0.0
            ]
        },
        "joint_pos": [
            55.11768341064453,
            51.1918830871582,
            50.003780364990234,
            -0.00838017463684082,
            -0.0056527648121118546,
            -3.0303897857666016,
            -7.349611405516043e-05,
            -0.0002635799755807966,
            0.00011026459105778486,
            3.845193077722797e-06,
            -3.5598275189840933e-06,
            3.096481304964982e-05,
            1.9060091972351074,
            1.9060114622116089,
            -0.9910134077072144,
            -0.9910162091255188,
            1.571000099182129,
            1.5709996223449707,
            0.9149966835975647,
            0.9149961471557617,
            -1.570999026298523,
            -1.5709999799728394,
            0.04999990016222,
            0.04999995231628418,
            0.04999985918402672,
            0.05000000074505806
        ],
        "joint_vel": [
            -0.0002455196517985314,
            -0.0002633816620800644,
            -0.0004182567063253373,
            -0.00018651352729648352,
            -0.0001024206867441535,
            0.00027360444073565304,
            0.0012632297584787011,
            -0.001726360060274601,
            -0.00012844629236496985,
            0.0008848007419146597,
            0.0006175623275339603,
            0.0001626796438358724,
            -0.0012423581210896373,
            0.0020270871464163065,
            -0.000959872268140316,
            -0.0004489872371777892,
            0.00022410799283534288,
            0.0007280793506652117,
            -0.0009227848495356739,
            0.0002564606547821313,
            -0.0002904431021306664,
            -0.0006053090910427272,
            1.8633509171195328e-05,
            -1.778016667230986e-08,
            1.422497552994173e-05,
            1.675337989581749e-05
        ],
        "controllers": {
            "base": {
                "goal_is_valid": true,
                "goal": {
                    "target": [
                        0.0,
                        0.0,
                        0.0
                    ]
                }
            },
            "trunk": {
                "goal_is_valid": true,
                "goal": {
                    "target": [
                        -7.034665759420022e-05,
                        -0.00026055885246023536,
                        0.00011164623720105737,
                        3.318991730338894e-06
                    ]
                }
            },
            "arm_left": {
                "goal_is_valid": true,
                "goal": {
                    "target_pos": [
                        0.5446219444274902,
                        0.3968486189842224,
                        1.446784257888794
                    ],
                    "target_ori_mat": [
                        [
                            -0.006777644157409668,
                            4.6893954277038574e-05,
                            0.9999769330024719
                        ],
                        [
                            0.003117534564808011,
                            -0.9999949932098389,
                            6.802519783377647e-05
                        ],
                        [
                            0.9999720454216003,
                            0.003117924090474844,
                            0.006777703762054443
                        ]
                    ]
                },
                "control_filter": {
                    "past_samples": [
                        [
                            1.4817815099377185e-06,
                            1.9060195684432983,
                            -0.9910302758216858,
                            1.571000576019287,
                            0.9149904251098633,
                            -1.5709995031356812
                        ],
                        [
                            -3.040489445993444e-06,
                            1.9060099124908447,
                            -0.9910145401954651,
                            1.5710010528564453,
                            0.9149963855743408,
                            -1.5709996223449707
                        ]
                    ],
                    "current_idx": 1,
                    "fully_filled": true
                }
            },
            "gripper_left": {
                "goal_is_valid": true,
                "goal": {
                    "target": [
                        1.0
                    ]
                },
                "vel_filter": {
                    "past_samples": [
                        [
                            5.364417575037805e-06,
                            -1.788139229574881e-06
                        ],
                        [
                            -1.788139229574881e-06,
                            -8.940696147874405e-07
                        ],
                        [
                            0.0,
                            1.788139229574881e-06
                        ],
                        [
                            0.0,
                            -1.3411043937594513e-06
                        ],
                        [
                            -6.258487246668665e-06,
                            2.6822087875189027e-06
                        ]
                    ],
                    "current_idx": 4,
                    "fully_filled": true
                }
            },
            "arm_right": {
                "goal_is_valid": true,
                "goal": {
                    "target_pos": [
                        0.5446257591247559,
                        -0.39683711528778076,
                        1.4439862966537476
                    ],
                    "target_ori_mat": [
                        [
                            0.005850315093994141,
                            -3.924127668142319e-06,
                            0.9999827742576599
                        ],
                        [
                            -0.004663424100726843,
                            -0.9999887943267822,
                            2.3358501493930817e-05
                        ],
                        [
                            0.9999719262123108,
                            -0.004663480911403894,
                            -0.005849957466125488
                        ]
                    ]
                },
                "control_filter": {
                    "past_samples": [
                        [
                            2.6142683054786175e-05,
                            1.9060211181640625,
                            -0.9910306930541992,
                            1.570999026298523,
                            0.9149909019470215,
                            -1.5709996223449707
                        ],
                        [
                            3.106382064288482e-05,
                            1.9060120582580566,
                            -0.9910175204277039,
                            1.5709995031356812,
                            0.9149949550628662,
                            -1.571000099182129
                        ]
                    ],
                    "current_idx": 1,
                    "fully_filled": true
                }
            },
            "gripper_right": {
                "goal_is_valid": true,