{
    "agent.n.01_1": {
        "is_asleep": false,
        "root_link": {
            "pos": [
                -50.0,
                -50.0,
                -50.0
            ],
            "ori": [
                0.0,
                0.0,
                0.0,
                1.0
            ],
            "lin_vel": [
                0.0,
                0.0,
                0.0
            ],
            "ang_vel": [
                0.0,
                0.0,
                0.0
            ]
        },
        "joint_pos": [
            55.31975173950195,
            51.478538513183594,
            50.003780364990234,
            0.009826036170125008,
            0.002371914219111204,
            -0.24536573886871338,
            -7.191684562712908e-05,
            -0.000259879365330562,
            0.00010988784197252244,
            3.6055150758329546e-06,
            -6.032846613379661e-06,
            3.444618050707504e-05,
            1.9060035943984985,
            1.906004786491394,
            -0.9910008311271667,
            -0.9910061359405518,
            1.5710010528564453,
            1.5710006952285767,
            0.9150018692016602,
            0.9150002598762512,
            -1.5709993839263916,
            -1.5710004568099976,
            0.0499998964369297,
            0.04999988153576851,
            0.049999892711639404,
            0.04999999329447746
        ],
        "joint_vel": [
            3.2832926081027836e-05,
            0.00026763888308778405,
            -0.0007411446422338486,
            4.820156027562916e-05,
            -0.0002952332724817097,
            -9.601240890333429e-05,
            0.0007237595855258405,
            -0.0008578237611800432,
            0.0006236275075934827,
            0.0009100048337131739,
            0.0005961575079709291,
            0.0006695500342175364,
            -0.001694024889729917,
            0.0014928728342056274,
            -0.00012164581858087331,
            0.00029111726325936615,
            0.0008824776741676033,
            0.0007470286800526083,
            -0.0010387293295934796,
            0.0009699507500045002,
            -0.0007963664247654378,
            -0.0007065222016535699,
            3.383803414180875e-05,
            7.0043588493717834e-06,
            -1.0816211215569638e-07,
            1.3738302186538931e-05
        ],
        "controllers": {
            "base": {
                "goal_is_valid": true,
                "goal": {
                    "target": [
                        0.0,
                        0.0,
                        0.0
                    ]
                }
            },
            "trunk": {
                "goal_is_valid": true,
                "goal": {
                    "target": [
                        -7.036337046884e-05,
                        -0.00026059290394186974,
                        0.00011164928582729772,
                        3.3217397685803007e-06
                    ]
                }
            },
            "arm_left": {
                "goal_is_valid": true,
                "goal": {
                    "target_pos": [
                        0.544621467590332,
                        0.396848201751709,
                        1.446784257888794
                    ],
                    "target_ori_mat": [
                        [
                            -0.006778359413146973,
                            4.658394027501345e-05,
                            0.9999771118164062
                        ],
                        [
                            0.0031176749616861343,
                            -0.999995231628418,
                            6.771786138415337e-05
                        ],
                        [
                            0.9999722242355347,
                            0.0031180623918771744,
                            0.006778061389923096
                        ]
                    ]
                },
                "control_filter": {
                    "past_samples": [
                        [
                            -6.0757533901778515e-06,
                            1.9060039520263672,
                            -0.9910017848014832,
                            1.5710017681121826,
                            0.915002703666687,
                            -1.5709999799728394
                        ],
                        [
                            -6.188447969179833e-06,
                            1.906002163887024,
                            -0.9910002946853638,
                            1.5710017681121826,
                            0.9150022864341736,
                            -1.5709998607635498
                        ]
                    ],
                    "current_idx": 0,
                    "fully_filled": true
                }
            },
            "gripper_left": {
                "goal_is_valid": true,
                "goal": {
                    "target": [
                        1.0
                    ]
                },
                "vel_filter": {
                    "past_samples": [
                        [
                            2.235173951703473e-06,
                            8.493661880493164e-06
                        ],
                        [
                            0.0,
                            5.364417575037805e-06
                        ],
                        [
                            0.0,
                            -6.7055220824840944e-06
                        ],
                        [
                            3.576278459149762e-06,
                            8.046627044677734e-06
                        ],
                        [
                            -5.811452410853235e-06,
                            -8.493661880493164e-06
                        ]
                    ],
                    "current_idx": 1,
                    "fully_filled": true
                }
            },
            "arm_right": {
                "goal_is_valid": true,
                "goal": {
                    "target_pos": [
                        0.5446252822875977,
                        -0.3968372344970703,
                        1.4439866542816162
                    ],
                    "target_ori_mat": [
                        [
                            0.005850315093994141,
                            -3.7767458707094193e-06,
                            0.9999828338623047
                        ],
                        [
                            -0.004663433879613876,
                            -0.9999890327453613,
                            2.350611612200737e-05
                        ],
                        [
                            0.9999719858169556,
                            -0.004663491155952215,
                            -0.00585019588470459
                        ]
                    ]
                },
                "control_filter": {
                    "past_samples": [
                        [
                            3.49025649484247e-05,
                            1.906004786491394,
                            -0.991006076335907,
                            1.5709999799728394,
                            0.9149994254112244,
                            -1.571000576019287
                        ],
                        [
                            3.5272783861728385e-05,
                            1.9060062170028687,
                            -0.9910069704055786,
                            1.5710004568099976,
                            0.9149996638298035,
                            -1.571000576019287
                        ]
                    ],
                    "current_idx": 0,
                    "fully_filled": true
                }
            },
            "gripper_right": {
                "goal_is_valid": true,