{
    "christmas_tree.n.05_1": {
        "is_asleep": true,
        "root_link": {
            "pos": [
                15.54075813293457,
                2.7196192741394043,
                0.8301469087600708
            ],
            "ori": [
                -2.545944880694151e-06,
                1.1916272342205048e-06,
                0.10752851516008377,
                0.9942020177841187
            ],
            "lin_vel": [
                0.0,
                0.0,
                0.0
            ],
            "ang_vel": [
                0.0,
                0.0,
                0.0
            ]
        },
        "non_kin": {}
    },
    "wreath.n.01_1": {
        "is_asleep": false,
        "root_link": {
            "pos": [
                12.943077087402344,
                2.2784008979797363,
                0.08732396364212036
            ],
            "ori": [
                -0.3248648941516876,
                0.12892422080039978,
                0.7921223640441895,
                0.5003839731216431
            ],
            "lin_vel": [
                -0.0008528640028089285,
                3.758358798222616e-05,
                -3.269279841333628e-05
            ],
            "ang_vel": [
                -0.005705482326447964,
                0.004109748639166355,
                -0.010822342708706856
            ]
        },
        "non_kin": {
            "AttachedTo": {
                "attached_obj_uuid": -1
            }
        }
    },
    "candy_cane.n.01_1": {
        "is_asleep": false,
        "root_link": {
            "pos": [
                12.862809181213379,
                2.316556692123413,
                0.05961626023054123
            ],
            "ori": [
                -0.27930793166160583,
                0.6054720878601074,
                -0.7213516235351562,
                0.1871965229511261
            ],
            "lin_vel": [
                0.0001538745709694922,
                -0.0008717088494449854,
                2.7822146876133047e-05
            ],
            "ang_vel": [
                0.06678456813097,
                0.050692878663539886,
                -0.008919290266931057
            ]
        },
        "non_kin": {}
    },
    "candy_cane.n.01_2": {
        "is_asleep": false,
        "root_link": {
            "pos": [
                12.96091079711914,
                2.2972230911254883,
                0.12420456111431122
            ],
            "ori": [
                -0.4507428705692291,
                0.17454971373081207,
                -0.7590231895446777,
                0.43617331981658936
            ],
            "lin_vel": [
                0.00022402522154152393,
                -0.0006225029937922955,
                0.00025697160162962973
            ],
            "ang_vel": [
                -0.004278864711523056,
                0.024984776973724365,
                -0.008554997853934765
            ]
        },
        "non_kin": {}
    },
    "candy_cane.n.01_3": {
        "is_asleep": false,
        "root_link": {
            "pos": [
                12.915669441223145,
                2.2982683181762695,
                0.09305264055728912
            ],
            "ori": [
                -0.16180545091629028,
                -0.4863860309123993,
                0.8585397601127625,
                0.012534305453300476
            ],
            "lin_vel": [
                0.0006386433960869908,
                -4.783652184414677e-05,
                0.0003080388705711812
            ],
            "ang_vel": [
                -0.022454719990491867,
                0.006463801953941584,
                -0.02208615280687809
            ]
        },
        "non_kin": {}
    },
    "pillar_candle.n.01_1": {
        "is_asleep": false,
        "root_link": {
            "pos": [
                12.926371574401855,
                2.3378918170928955,
                0.10050728172063828
            ],
            "ori": [
                -0.28680112957954407,
                -0.7792653441429138,
                0.12301849573850632,
                0.54346764087677
            ],
            "lin_vel": [
                0.00013700351701118052,
                0.00013359682634472847,
                0.0007176115177571774
            ],
            "ang_vel": [
                -0.05371001362800598,
                0.03145819529891014,
                -0.0016570969019085169
            ]
        },
        "non_kin": {}
    },
    "pillar_candle.n.01_2": {
        "is_asleep": false,
        "root_link": {
            "pos": [
                12.855844497680664,
                2.28015398979187,
                0.1046825721859932
            ],
            "ori": [
                -0.8635592460632324,
                0.07158757746219635,
                -0.003224927932024002,
                0.49912962317466736
            ],
            "lin_vel": [
                -0.00029501260723918676,
                4.175775029580109e-05,
                0.0013183524133637547
            ],
            "ang_vel": [
                0.02651255764067173,
                0.03431714326143265,
                -0.01694493740797043
            ]
        },
        "non_kin": {}
    },
    "gift_box.n.01_1": {
        "is_asleep": true,
        "root_link": {
            "pos": [
                15.2565279006958,
                2.0824317932128906,
                0.08124541491270065
            ],
            "ori": [
                -0.0006879733991809189,
                0.0002459501556586474,
                0.791487455368042,
                0.6111851334571838
            ],
            "lin_vel": [
                0.0,
                0.0,
                0.0
            ],
            "ang_vel": [
                0.0,
                0.0,
                0.0
            ]
        },
        "non_kin": {
            "Temperature": {
                "temperature": 23.0
            }
        }
    },
    "gift_box.n.01_2": {
        "is_asleep": true,
        "root_link": {
            "pos": [
                15.889002799987793,
                2.0198447704315186,
                0.08124535530805588
            ],
            "ori": [
                -0.0007175954524427652,
                0.00013763179595116526,
                0.8761141300201416,
                0.4821034073829651
            ],
            "lin_vel": [
                0.0,
                0.0,
                0.0
            ],
            "ang_vel": [
                0.0,
                0.0,
                0.0
            ]
        },
        "non_kin": {
            "Temperature": {
                "temperature": 23.0
            }
        }
    },
    "gift_box.n.01_3": {
        "is_asleep": true,
        "root_link": {
            "pos": [
                14.242311477661133,
                2.829456090927124,
                0.08124541491270065
            ],
            "ori": [
                -0.0005624478799290955,
                0.0004648410831578076,
                0.5304943323135376,
                0.8476882576942444
            ],
            "lin_vel": [
                0.0,
                0.0,
                0.0
            ],
            "ang_vel": [
                0.0,
                0.0,
                0.0
            ]
        },
        "non_kin": {
            "Temperature": {
                "temperature": 23.0
            }
        }
    },
    "wicker_basket.n.01_1": {
        "is_asleep": false,
        "root_link": {
            "pos": [
                12.942319869995117,
                2.2813310623168945,
                0.08716102689504623
            ],
            "ori": [
                -0.00042478565592318773,
                -0.0005746314418502152,
                -0.42945700883865356,
                0.903087317943573
            ],