{
    "christmas_tree.n.05_1": {
        "is_asleep": true,
        "root_link": {
            "pos": [
                15.78479290008545,
                2.3551652431488037,
                0.8301466107368469
            ],
            "ori": [
                -6.975606083869934e-07,
                9.567011147737503e-07,
                0.7941410541534424,
                0.6077335476875305
            ],
            "lin_vel": [
                0.0,
                0.0,
                0.0
            ],
            "ang_vel": [
                0.0,
                0.0,
                0.0
            ]
        },
        "non_kin": {}
    },
    "wreath.n.01_1": {
        "is_asleep": true,
        "root_link": {
            "pos": [
                15.170265197753906,
                1.2653350830078125,
                0.08875765651464462
            ],
            "ori": [
                -0.17214787006378174,
                -0.2724142372608185,
                0.7831554412841797,
                0.5318117141723633
            ],
            "lin_vel": [
                0.0,
                0.0,
                0.0
            ],
            "ang_vel": [
                0.0,
                0.0,
                0.0
            ]
        },
        "non_kin": {
            "AttachedTo": {
                "attached_obj_uuid": -1
            }
        }
    },
    "candy_cane.n.01_1": {
        "is_asleep": true,
        "root_link": {
            "pos": [
                15.132126808166504,
                1.263256311416626,
                0.09703738242387772
            ],
            "ori": [
                -0.08068695664405823,
                -0.056337177753448486,
                -0.4362494647502899,
                0.8944284915924072
            ],
            "lin_vel": [
                0.0,
                0.0,
                0.0
            ],
            "ang_vel": [
                0.0,
                0.0,
                0.0
            ]
        },
        "non_kin": {}
    },
    "candy_cane.n.01_2": {
        "is_asleep": true,
        "root_link": {
            "pos": [
                15.118819236755371,
                1.3621618747711182,
                0.028000591322779655
            ],
            "ori": [
                0.005560870282351971,
                -0.005672508385032415,
                -0.17615318298339844,
                0.9843307733535767
            ],
            "lin_vel": [
                0.0,
                0.0,
                0.0
            ],
            "ang_vel": [
                0.0,
                0.0,
                0.0
            ]
        },
        "non_kin": {}
    },
    "candy_cane.n.01_3": {
        "is_asleep": true,
        "root_link": {
            "pos": [
                15.112603187561035,
                1.2728036642074585,
                0.09105846285820007
            ],
            "ori": [
                -0.3115556538105011,
                -0.6973511576652527,
                0.6210541129112244,
                0.17585837841033936
            ],
            "lin_vel": [
                0.0,
                0.0,
                0.0
            ],
            "ang_vel": [
                0.0,
                0.0,
                0.0
            ]
        },
        "non_kin": {}
    },
    "pillar_candle.n.01_1": {
        "is_asleep": true,
        "root_link": {
            "pos": [
                15.115202903747559,
                1.225309133529663,
                0.10208038240671158
            ],
            "ori": [
                -0.936885416507721,
                -0.3393145799636841,
                -0.07101995497941971,
                0.045474208891391754
            ],
            "lin_vel": [
                0.0,
                0.0,
                0.0
            ],
            "ang_vel": [
                0.0,
                0.0,
                0.0
            ]
        },
        "non_kin": {}
    },
    "pillar_candle.n.01_2": {
        "is_asleep": true,
        "root_link": {
            "pos": [
                15.151022911071777,
                1.396519660949707,
                0.04859832301735878
            ],
            "ori": [
                0.020073270425200462,
                0.010863238014280796,
                0.9981678128242493,
                -0.05603981018066406
            ],
            "lin_vel": [
                0.0,
                0.0,
                0.0
            ],
            "ang_vel": [
                0.0,
                0.0,
                0.0
            ]
        },
        "non_kin": {}
    },
    "gift_box.n.01_1": {
        "is_asleep": true,
        "root_link": {
            "pos": [
                16.059978485107422,
                3.171748638153076,
                0.08123672008514404
            ],
            "ori": [
                -0.0015651378780603409,
                0.003899491159245372,
                0.2879844903945923,
                0.9576258659362793
            ],
            "lin_vel": [
                0.0,
                0.0,
                0.0
            ],
            "ang_vel": [
                0.0,
                0.0,
                0.0
            ]
        },
        "non_kin": {
            "Temperature": {
                "temperature": 23.0
            }
        }
    },
    "gift_box.n.01_2": {
        "is_asleep": true,
        "root_link": {
            "pos": [
                13.668710708618164,
                3.418600082397461,
                0.08124536275863647
            ],
            "ori": [
                -0.0007290907669812441,
                2.5037315936060622e-05,
                0.937199592590332,
                0.34879270195961
            ],
            "lin_vel": [
                0.0,
                0.0,
                0.0
            ],
            "ang_vel": [
                0.0,
                0.0,
                0.0
            ]
        },
        "non_kin": {
            "Temperature": {
                "temperature": 23.0
            }
        }
    },
    "gift_box.n.01_3": {
        "is_asleep": true,
        "root_link": {
            "pos": [
                16.738018035888672,
                3.12863826751709,
                0.08124538511037827
            ],
            "ori": [
                -0.0006084740161895752,
                0.0004044447559863329,
                0.621236264705658,
                0.7836230397224426
            ],
            "lin_vel": [
                0.0,
                0.0,
                0.0
            ],
            "ang_vel": [
                0.0,
                0.0,
                0.0
            ]
        },
        "non_kin": {
            "Temperature": {
                "temperature": 23.0
            }
        }
    },
    "wicker_basket.n.01_1": {
        "is_asleep": true,
        "root_link": {
            "pos": [
                15.160122871398926,
                1.2832539081573486,
                0.08716083317995071
            ],
            "ori": [
                2.0642182789742947e-06,
                -0.0007134969928301871,
                0.1923576444387436,
                0.9813247323036194
            ],
            "lin_vel": [
                0.0,
                0.0,
                0.0
            ],
            "ang_vel": [
                0.0,
                0.0,
                0.0
            ]
        },
        "non_kin": {
            "Temperature": {
                "temperature": 23.0
            }
        }
    },
    "floor.n.01_1": {
        "is_asleep": false,
        "root_link": {
            "pos": [
                13.494917869567871,
                0.7989608645439148,
                -0.13880740106105804
            ],
            "ori": [
                0.0,
                0.0,
                0.0,
                1.0
            ]
        },
        "non_kin": {}
    },
    "table.n.02_1": {
        "is_asleep": true,