{
    "christmas_tree.n.05_1": {
        "is_asleep": true,
        "root_link": {
            "pos": [
                10.15633487701416,
                2.710141897201538,
                0.8301476240158081
            ],
            "ori": [
                4.885951057076454e-07,
                1.7674174159765244e-06,
                -0.033737726509571075,
                0.999430775642395
            ],
            "lin_vel": [
                0.0,
                0.0,
                0.0
            ],
            "ang_vel": [
                0.0,
                0.0,
                0.0
            ]
        },
        "non_kin": {}
    },
    "wreath.n.01_1": {
        "is_asleep": false,
        "root_link": {
            "pos": [
                13.724303245544434,
                0.2324649840593338,
                0.07757437974214554
            ],
            "ori": [
                0.23214302957057953,
                0.15674014389514923,
                0.1473436802625656,
                0.9485949873924255
            ],
            "lin_vel": [
                -5.078572576167062e-05,
                0.00013009925896767527,
                -0.0019059913465753198
            ],
            "ang_vel": [
                0.006936082150787115,
                -0.00479041738435626,
                -0.003246166044846177
            ]
        },
        "non_kin": {
            "AttachedTo": {
                "attached_obj_uuid": -1
            }
        }
    },
    "candy_cane.n.01_1": {
        "is_asleep": false,
        "root_link": {
            "pos": [
                13.823683738708496,
                0.22387614846229553,
                0.04044603183865547
            ],
            "ori": [
                0.1570565551519394,
                0.03425031155347824,
                0.9273062944412231,
                -0.3380287289619446
            ],
            "lin_vel": [
                -0.0007684449083171785,
                0.00015527837967965752,
                -0.0009600193588994443
            ],
            "ang_vel": [
                -0.008266248740255833,
                -0.047994453459978104,
                0.02244715765118599
            ]
        },
        "non_kin": {}
    },
    "candy_cane.n.01_2": {
        "is_asleep": false,
        "root_link": {
            "pos": [
                13.719533920288086,
                0.22224575281143188,
                0.12447816133499146
            ],
            "ori": [
                -0.18037094175815582,
                0.12713828682899475,
                -0.34338054060935974,
                0.9129031896591187
            ],
            "lin_vel": [
                -4.3224146793363616e-05,
                9.61681071203202e-05,
                -0.0025571046862751245
            ],
            "ang_vel": [
                0.07942670583724976,
                -0.05015157163143158,
                0.004113589413464069
            ]
        },
        "non_kin": {}
    },
    "candy_cane.n.01_3": {
        "is_asleep": false,
        "root_link": {
            "pos": [
                13.720134735107422,
                0.20943909883499146,
                0.09895390272140503
            ],
            "ori": [
                0.13585083186626434,
                -0.2193485051393509,
                0.9159868359565735,
                -0.30724430084228516
            ],
            "lin_vel": [
                0.0004592656041495502,
                -0.00025529603590257466,
                -0.0023252537939697504
            ],
            "ang_vel": [
                0.006936154793947935,
                -0.02359444461762905,
                0.013190760277211666
            ]
        },
        "non_kin": {}
    },
    "pillar_candle.n.01_1": {
        "is_asleep": false,
        "root_link": {
            "pos": [
                13.735301971435547,
                0.170439675450325,
                0.09755227714776993
            ],
            "ori": [
                0.48643359541893005,
                0.16981542110443115,
                -0.8358587026596069,
                0.18943488597869873
            ],
            "lin_vel": [
                -0.0003771297342609614,
                1.0099130122398492e-05,
                -0.0024458556436002254
            ],
            "ang_vel": [
                -0.013164512813091278,
                -0.016000378876924515,
                0.006415104493498802
            ]
        },
        "non_kin": {}
    },
    "pillar_candle.n.01_2": {
        "is_asleep": false,
        "root_link": {
            "pos": [
                13.78881549835205,
                0.21192094683647156,
                0.09457077831029892
            ],
            "ori": [
                0.7966177463531494,
                0.3457230031490326,
                0.281598299741745,
                0.40814030170440674
            ],
            "lin_vel": [
                -0.0005105368327349424,
                -3.607071266742423e-05,
                -0.0015139549504965544
            ],
            "ang_vel": [
                0.029672274366021156,
                0.01272070873528719,
                0.012800334021449089
            ]
        },
        "non_kin": {}
    },
    "gift_box.n.01_1": {
        "is_asleep": true,
        "root_link": {
            "pos": [
                16.484888076782227,
                2.6231091022491455,
                0.08124534040689468
            ],
            "ori": [
                -0.0005511471536010504,
                0.0004795361601281911,
                0.5144707560539246,
                0.8575078248977661
            ],
            "lin_vel": [
                0.0,
                0.0,
                0.0
            ],
            "ang_vel": [
                0.0,
                0.0,
                0.0
            ]
        },
        "non_kin": {
            "Temperature": {
                "temperature": 23.0
            }
        }
    },
    "gift_box.n.01_2": {
        "is_asleep": true,
        "root_link": {
            "pos": [
                12.021201133728027,
                2.749553918838501,
                0.08124537020921707
            ],
            "ori": [
                0.0003086179494857788,
                0.0006610912969335914,
                -0.687601625919342,
                0.7260878682136536
            ],
            "lin_vel": [
                0.0,
                0.0,
                0.0
            ],
            "ang_vel": [
                0.0,
                0.0,
                0.0
            ]
        },
        "non_kin": {
            "Temperature": {
                "temperature": 23.0
            }
        }
    },
    "gift_box.n.01_3": {
        "is_asleep": true,
        "root_link": {
            "pos": [
                10.518075942993164,
                3.4202702045440674,
                0.08124536275863647
            ],
            "ori": [
                -0.0007295592222362757,
                -4.199502291157842e-05,
                0.9675512313842773,
                0.2526744604110718
            ],
            "lin_vel": [
                0.0,
                0.0,
                0.0
            ],
            "ang_vel": [
                0.0,
                0.0,
                0.0
            ]
        },
        "non_kin": {
            "Temperature": {
                "temperature": 23.0
            }
        }
    },
    "wicker_basket.n.01_1": {
        "is_asleep": false,
        "root_link": {
            "pos": [
                13.710522651672363,
                0.22393864393234253,
                0.08716095983982086
            ],
            "ori": [
                -0.0004835342988371849,
                -0.0005266368389129639,
                -0.5230825543403625,
                0.852281928062439
            ],