{
    "christmas_tree.n.05_1": {
        "is_asleep": true,
        "root_link": {
            "pos": [
                16.23299217224121,
                2.626997470855713,
                0.8301467299461365
            ],
            "ori": [
                -5.986657924950123e-07,
                -8.35862010717392e-08,
                -0.7182250022888184,
                0.6958109140396118
            ],
            "lin_vel": [
                0.0,
                0.0,
                0.0
            ],
            "ang_vel": [
                0.0,
                0.0,
                0.0
            ]
        },
        "non_kin": {}
    },
    "wreath.n.01_1": {
        "is_asleep": false,
        "root_link": {
            "pos": [
                13.24660587310791,
                3.209467649459839,
                0.09547965973615646
            ],
            "ori": [
                0.2597869336605072,
                -0.2625259757041931,
                0.8391342759132385,
                0.39930540323257446
            ],
            "lin_vel": [
                0.0008869419107213616,
                0.0001533926697447896,
                -0.0005248679663054645
            ],
            "ang_vel": [
                -0.0023075342178344727,
                -0.012354455888271332,
                0.0015055955154821277
            ]
        },
        "non_kin": {
            "AttachedTo": {
                "attached_obj_uuid": -1
            }
        }
    },
    "candy_cane.n.01_1": {
        "is_asleep": false,
        "root_link": {
            "pos": [
                13.328598976135254,
                3.1483020782470703,
                0.05225999280810356
            ],
            "ori": [
                0.7769551873207092,
                0.17877745628356934,
                0.1825072318315506,
                0.5753873586654663
            ],
            "lin_vel": [
                0.0005198887083679438,
                0.0002004146808758378,
                -1.9827350115519948e-05
            ],
            "ang_vel": [
                0.008310000412166119,
                0.0023164201993495226,
                0.0004991409950889647
            ]
        },
        "non_kin": {}
    },
    "candy_cane.n.01_2": {
        "is_asleep": false,
        "root_link": {
            "pos": [
                13.251443862915039,
                3.17661452293396,
                0.11487119644880295
            ],
            "ori": [
                0.13465842604637146,
                -0.9848597645759583,
                0.10829298198223114,
                0.013830596581101418
            ],
            "lin_vel": [
                0.0001521789818070829,
                0.0005185356130823493,
                0.0002883036504499614
            ],
            "ang_vel": [
                -0.061947114765644073,
                -0.00891966000199318,
                -0.015710799023509026
            ]
        },
        "non_kin": {}
    },
    "candy_cane.n.01_3": {
        "is_asleep": false,
        "root_link": {
            "pos": [
                13.243080139160156,
                3.180025815963745,
                0.10798532515764236
            ],
            "ori": [
                0.08485124260187149,
                -0.8941234350204468,
                0.3725971281528473,
                0.23348475992679596
            ],
            "lin_vel": [
                0.0011530224001035094,
                0.00018309475854039192,
                -0.0005150210345163941
            ],
            "ang_vel": [
                0.03630436584353447,
                -0.017371194437146187,
                -0.014541007578372955
            ]
        },
        "non_kin": {}
    },
    "pillar_candle.n.01_1": {
        "is_asleep": false,
        "root_link": {
            "pos": [
                13.241622924804688,
                3.1420629024505615,
                0.10200603306293488
            ],
            "ori": [
                0.5276447534561157,
                -0.5875124335289001,
                0.612943708896637,
                -0.02684210240840912
            ],
            "lin_vel": [
                0.0001016155511024408,
                0.00014451344031840563,
                -0.0006287504220381379
            ],
            "ang_vel": [
                -0.0055008274503052235,
                -0.019262995570898056,
                -0.010685908608138561
            ]
        },
        "non_kin": {}
    },
    "pillar_candle.n.01_2": {
        "is_asleep": false,
        "root_link": {
            "pos": [
                13.314359664916992,
                3.1558663845062256,
                0.09466695785522461
            ],
            "ori": [
                0.3756446838378906,
                -0.035965584218502045,
                0.39231303334236145,
                0.8388612866401672
            ],
            "lin_vel": [
                0.0004996912903152406,
                0.0003309648600406945,
                0.0008601793670095503
            ],
            "ang_vel": [
                0.01775505207479,
                -0.027503488585352898,
                -0.004810856189578772
            ]
        },
        "non_kin": {}
    },
    "gift_box.n.01_1": {
        "is_asleep": true,
        "root_link": {
            "pos": [
                10.51476764678955,
                3.084496021270752,
                0.08124542236328125
            ],
            "ori": [
                -0.0005594686372205615,
                0.0004696158866863698,
                0.5286397933959961,
                0.8488460183143616
            ],
            "lin_vel": [
                0.0,
                0.0,
                0.0
            ],
            "ang_vel": [
                0.0,
                0.0,
                0.0
            ]
        },
        "non_kin": {
            "Temperature": {
                "temperature": 23.0
            }
        }
    },
    "gift_box.n.01_2": {
        "is_asleep": true,
        "root_link": {
            "pos": [
                14.25528621673584,
                0.05276753380894661,
                0.08124536275863647
            ],
            "ori": [
                -3.5688746720552444e-05,
                0.0007287724874913692,
                -0.26872438192367554,
                0.9632168412208557
            ],
            "lin_vel": [
                0.0,
                0.0,
                0.0
            ],
            "ang_vel": [
                0.0,
                0.0,
                0.0
            ]
        },
        "non_kin": {
            "Temperature": {
                "temperature": 23.0
            }
        }
    },
    "gift_box.n.01_3": {
        "is_asleep": true,
        "root_link": {
            "pos": [
                16.736473083496094,
                3.1892476081848145,
                0.08124540746212006
            ],
            "ori": [
                -0.0005803406238555908,
                -0.0004437887400854379,
                0.9432817101478577,
                -0.3319926857948303
            ],
            "lin_vel": [
                0.0,
                0.0,
                0.0
            ],
            "ang_vel": [
                0.0,
                0.0,
                0.0
            ]
        },
        "non_kin": {
            "Temperature": {
                "temperature": 23.0
            }
        }
    },
    "wicker_basket.n.01_1": {
        "is_asleep": false,
        "root_link": {
            "pos": [
                13.243377685546875,
                3.1967504024505615,
                0.08716093003749847
            ],
            "ori": [
                0.00045569357462227345,
                -0.000550289754755795,
                0.7721843123435974,
                0.6353984475135803
            ],