{
    "christmas_tree.n.05_1": {
        "is_asleep": true,
        "root_link": {
            "pos": [
                14.008646011352539,
                1.6058117151260376,
                0.8301470875740051
            ],
            "ori": [
                4.0372833609580994e-07,
                1.932494342327118e-08,
                0.9732455611228943,
                -0.22976765036582947
            ],
            "lin_vel": [
                0.0,
                0.0,
                0.0
            ],
            "ang_vel": [
                0.0,
                0.0,
                0.0
            ]
        },
        "non_kin": {}
    },
    "wreath.n.01_1": {
        "is_asleep": false,
        "root_link": {
            "pos": [
                15.189265251159668,
                1.859364628791809,
                0.09910590946674347
            ],
            "ori": [
                -0.36633455753326416,
                0.14739778637886047,
                -0.37269091606140137,
                0.83974689245224
            ],
            "lin_vel": [
                0.0002144060708815232,
                -0.0001041238137986511,
                0.0013756082626059651
            ],
            "ang_vel": [
                0.04813351482152939,
                0.008587540127336979,
                -0.027909807860851288
            ]
        },
        "non_kin": {
            "AttachedTo": {
                "attached_obj_uuid": -1
            }
        }
    },
    "candy_cane.n.01_1": {
        "is_asleep": false,
        "root_link": {
            "pos": [
                15.294053077697754,
                1.861109733581543,
                0.04606810212135315
            ],
            "ori": [
                -0.6848666667938232,
                0.26878777146339417,
                -0.38861867785453796,
                0.5546949505805969
            ],
            "lin_vel": [
                0.0004881718778051436,
                0.0005371110164560378,
                0.0003368985780980438
            ],
            "ang_vel": [
                -0.010868032462894917,
                0.10775961726903915,
                -0.022890569642186165
            ]
        },
        "non_kin": {}
    },
    "candy_cane.n.01_2": {
        "is_asleep": false,
        "root_link": {
            "pos": [
                15.293269157409668,
                1.8637337684631348,
                0.07577265053987503
            ],
            "ori": [
                0.11678091436624527,
                0.6372208595275879,
                -0.5120609402656555,
                -0.5640084147453308
            ],
            "lin_vel": [
                0.0017703992780297995,
                -0.0006189023843035102,
                -0.0006946804351173341
            ],
            "ang_vel": [
                -0.10393480956554413,
                0.20401528477668762,
                0.15775084495544434
            ]
        },
        "non_kin": {}
    },
    "candy_cane.n.01_3": {
        "is_asleep": false,
        "root_link": {
            "pos": [
                15.29857349395752,
                1.8134973049163818,
                0.027139995247125626
            ],
            "ori": [
                -0.012233213521540165,
                0.0011051625479012728,
                -0.7164570689201355,
                0.6975230574607849
            ],
            "lin_vel": [
                -4.01591241825372e-05,
                0.0005495033692568541,
                0.0010072708828374743
            ],
            "ang_vel": [
                -0.026893088594079018,
                0.004083155654370785,
                0.0021290977019816637
            ]
        },
        "non_kin": {}
    },
    "pillar_candle.n.01_1": {
        "is_asleep": false,
        "root_link": {
            "pos": [
                15.1965913772583,
                1.891746997833252,
                0.12477675825357437
            ],
            "ori": [
                -0.26651814579963684,
                -0.7273210883140564,
                -0.49463701248168945,
                0.3940896987915039
            ],
            "lin_vel": [
                0.0006417311378754675,
                -0.001035182154737413,
                0.0025352435186505318
            ],
            "ang_vel": [
                0.06608801335096359,
                0.002846846589818597,
                -0.033917561173439026
            ]
        },
        "non_kin": {}
    },
    "pillar_candle.n.01_2": {
        "is_asleep": false,
        "root_link": {
            "pos": [
                15.23466682434082,
                1.910107970237732,
                0.09194816648960114
            ],
            "ori": [
                -0.8859440684318542,
                -0.06547892093658447,
                -0.4555259644985199,
                0.0575503408908844
            ],
            "lin_vel": [
                -6.769257743144408e-05,
                -0.0006365129956975579,
                0.0018086382187902927
            ],
            "ang_vel": [
                0.012613888829946518,
                0.024948161095380783,
                0.006643861066550016
            ]
        },
        "non_kin": {}
    },
    "gift_box.n.01_1": {
        "is_asleep": true,
        "root_link": {
            "pos": [
                13.918171882629395,
                0.7227612733840942,
                0.08124539256095886
            ],
            "ori": [
                -0.0007020194316282868,
                -0.00020251679234206676,
                0.9994189739227295,
                0.03408144786953926
            ],
            "lin_vel": [
                0.0,
                0.0,
                0.0
            ],
            "ang_vel": [
                0.0,
                0.0,
                0.0
            ]
        },
        "non_kin": {
            "Temperature": {
                "temperature": 23.0
            }
        }
    },
    "gift_box.n.01_2": {
        "is_asleep": true,
        "root_link": {
            "pos": [
                15.606693267822266,
                2.0918538570404053,
                0.08124539256095886
            ],
            "ori": [
                -0.0007167257135733962,
                0.0001416936720488593,
                0.8728431463241577,
                0.48800036311149597
            ],
            "lin_vel": [
                0.0,
                0.0,
                0.0
            ],
            "ang_vel": [
                0.0,
                0.0,
                0.0
            ]
        },
        "non_kin": {
            "Temperature": {
                "temperature": 23.0
            }
        }
    },
    "gift_box.n.01_3": {
        "is_asleep": true,
        "root_link": {
            "pos": [
                13.126618385314941,
                3.2368364334106445,
                0.08124536275863647
            ],
            "ori": [
                0.00017335760639980435,
                0.0007098759524524212,
                -0.5246403217315674,
                0.851323664188385
            ],
            "lin_vel": [
                0.0,
                0.0,
                0.0
            ],
            "ang_vel": [
                0.0,
                0.0,
                0.0
            ]
        },
        "non_kin": {
            "Temperature": {
                "temperature": 23.0
            }
        }
    },
    "wicker_basket.n.01_1": {
        "is_asleep": false,
        "root_link": {
            "pos": [
                15.212502479553223,
                1.8474706411361694,
                0.08716097474098206
            ],
            "ori": [
                0.0007113809697329998,
                6.715802010148764e-05,
                0.9592241644859314,
                -0.2826456129550934
            ],