{
    "agent.n.01_1": {
        "is_asleep": false,
        "root_link": {
            "pos": [
                -50.0,
                -50.0,
                -50.0
            ],
            "ori": [
                0.0,
                0.0,
                0.0,
                1.0
            ],
            "lin_vel": [
                0.0,
                0.0,
                0.0
            ],
            "ang_vel": [
                0.0,
                0.0,
                0.0
            ]
        },
        "joint_pos": [
            71.75211334228516,
            72.88916778564453,
            50.003753662109375,
            0.008979628793895245,
            0.004639731720089912,
            -0.005439539905637503,
            -7.224181172205135e-05,
            -0.0002631968236528337,
            0.00011158359848195687,
            6.619068699365016e-06,
            -1.330152599621215e-06,
            2.979265082103666e-05,
            1.9060066938400269,
            1.9060202836990356,
            -0.9910211563110352,
            -0.9910320043563843,
            1.571000576019287,
            1.5709999799728394,
            0.9149945378303528,
            0.9149828553199768,
            -1.5709991455078125,
            -1.570999264717102,
            0.049999698996543884,
            0.04999937862157822,
            0.049998845905065536,
            0.04999873787164688
        ],
        "joint_vel": [
            0.0007472701836377382,
            -0.00022984275710768998,
            0.0011324419174343348,
            0.0006959007005207241,
            -0.0025698363315314054,
            -5.342075019143522e-05,
            0.005622192285954952,
            -0.002876143902540207,
            0.001165059395134449,
            -0.004214276559650898,
            -0.00528740743175149,
            0.00413121934980154,
            0.001597972703166306,
            0.0007339899893850088,
            -0.0023636785335838795,
            -0.00029781932244077325,
            -0.011492723599076271,
            0.007201539818197489,
            0.003106281626969576,
            -0.0033464934676885605,
            0.007779898587614298,
            -0.003934257663786411,
            2.61441837210441e-05,
            8.609474753029644e-05,
            0.00012007136683678254,
            3.485693014226854e-05
        ],
        "controllers": {
            "base": {
                "goal_is_valid": true,
                "goal": {
                    "target": [
                        0.0,
                        0.0,
                        0.0
                    ]
                }
            },
            "trunk": {
                "goal_is_valid": true,
                "goal": {
                    "target": [
                        -7.034160807961598e-05,
                        -0.0002605478512123227,
                        0.00011164351599290967,
                        3.3156243262055796e-06
                    ]
                }
            },
            "arm_left": {
                "goal_is_valid": true,
                "goal": {
                    "target_pos": [
                        0.5446243286132812,
                        0.3968486785888672,
                        1.4467841386795044
                    ],
                    "target_ori_mat": [
                        [
                            -0.00677800178527832,
                            4.653481300920248e-05,
                            0.9999769330024719
                        ],
                        [
                            0.003117645625025034,
                            -0.9999949932098389,
                            6.766791921108961e-05
                        ],
                        [
                            0.9999720454216003,
                            0.0031180325895547867,
                            0.006778061389923096
                        ]
                    ]
                },
                "control_filter": {
                    "past_samples": [
                        [
                            -4.668501105697942e-07,
                            1.9060169458389282,
                            -0.9910277128219604,
                            1.5710010528564453,
                            0.9149936437606812,
                            -1.5709993839263916
                        ],
                        [
                            -2.6099551178049296e-06,
                            1.9060084819793701,
                            -0.9910269975662231,
                            1.5710002183914185,
                            0.9149853587150574,
                            -1.5709989070892334
                        ]
                    ],
                    "current_idx": 1,
                    "fully_filled": true
                }
            },
            "gripper_left": {
                "goal_is_valid": true,
                "goal": {
                    "target": [
                        1.0
                    ]
                },
                "vel_filter": {
                    "past_samples": [
                        [
                            -0.00014394520258065313,
                            4.023313522338867e-06
                        ],
                        [
                            0.00014528630708809942,
                            8.940695806813892e-06
                        ],
                        [
                            -0.00013634562492370605,
                            -4.470347903406946e-06
                        ],
                        [
                            0.00013992188905831426,
                            1.296400932915276e-05
                        ],
                        [
                            -0.00015154479478951544,
                            -2.235173997178208e-05
                        ]
                    ],
                    "current_idx": 0,
                    "fully_filled": true
                }
            },
            "arm_right": {
                "goal_is_valid": true,
                "goal": {
                    "target_pos": [
                        0.5446262359619141,
                        -0.3968391418457031,
                        1.4439862966537476
                    ],
                    "target_ori_mat": [
                        [
                            0.005850315093994141,
                            -3.6300625652074814e-06,
                            0.9999829530715942
                        ],
                        [
                            -0.004663430154323578,
                            -0.9999892711639404,
                            2.3653265088796616e-05
                        ],
                        [
                            0.9999721050262451,
                            -0.004663488361984491,
                            -0.005850315093994141
                        ]
                    ]
                },
                "control_filter": {
                    "past_samples": [
                        [
                            2.8234562705620192e-05,
                            1.9060150384902954,
                            -0.9910319447517395,
                            1.570999026298523,
                            0.9149791598320007,
                            -1.5709993839263916
                        ],
                        [
                            3.0020342819625512e-05,
                            1.9060239791870117,
                            -0.9910370707511902,
                            1.5709995031356812,
                            0.9149841666221619,
                            -1.5709993839263916
                        ]
                    ],
                    "current_idx": 1,
                    "fully_filled": true
                }
            },
            "gripper_right": {
                "goal_is_valid": true,