{
    "bottle__of__detergent.n.01_1": {
        "is_asleep": true,
        "root_link": {
            "pos": [
                22.222454071044922,
                23.077836990356445,
                0.13401496410369873
            ],
            "ori": [
                -4.471279680728912e-06,
                2.7744099497795105e-06,
                0.645392894744873,
                0.7638508081436157
            ],
            "lin_vel": [
                0.0,
                0.0,
                0.0
            ],
            "ang_vel": [
                0.0,
                0.0,
                0.0
            ]
        },
        "non_kin": {}
    },
    "bottle__of__detergent.n.01_2": {
        "is_asleep": true,
        "root_link": {
            "pos": [
                22.238807678222656,
                23.25813102722168,
                0.12955963611602783
            ],
            "ori": [
                -2.332701114937663e-05,
                -2.672997652553022e-05,
                0.9882235527038574,
                -0.1530172973871231
            ],
            "lin_vel": [
                0.0,
                0.0,
                0.0
            ],
            "ang_vel": [
                0.0,
                0.0,
                0.0
            ]
        },
        "non_kin": {}
    },
    "basket.n.01_1": {
        "is_asleep": true,
        "root_link": {
            "pos": [
                22.17034912109375,
                23.186786651611328,
                0.0739968866109848
            ],
            "ori": [
                2.852175384759903e-09,
                -6.327377377601806e-08,
                0.9974020719528198,
                -0.07203970849514008
            ],
            "lin_vel": [
                0.0,
                0.0,
                0.0
            ],
            "ang_vel": [
                0.0,
                0.0,
                0.0
            ]
        },
        "non_kin": {
            "Temperature": {
                "temperature": 23.0
            }
        }
    },
    "basket.n.01_2": {
        "is_asleep": true,
        "root_link": {
            "pos": [
                23.803813934326172,
                22.48655128479004,
                0.07399686425924301
            ],
            "ori": [
                5.093170329928398e-10,
                5.902620614506304e-10,
                -0.2429957538843155,
                0.9700274467468262
            ],
            "lin_vel": [
                0.0,
                0.0,
                0.0
            ],
            "ang_vel": [
                0.0,
                0.0,
                0.0
            ]
        },
        "non_kin": {
            "Temperature": {
                "temperature": 23.0
            }
        }
    },
    "floor.n.01_1": {
        "is_asleep": false,
        "root_link": {
            "pos": [
                22.5664005279541,
                23.66229248046875,
                -0.13886341452598572
            ],
            "ori": [
                0.0,
                0.0,
                0.0,
                1.0
            ]
        },
        "non_kin": {}
    },
    "box__of__sanitary_napkin.n.01_1": {
        "is_asleep": true,
        "root_link": {
            "pos": [
                22.068557739257812,
                23.302976608276367,
                0.06469254940748215
            ],
            "ori": [
                -2.3303437046706676e-07,
                8.819085905997781e-07,
                -0.2892549932003021,
                0.9572521448135376
            ],
            "lin_vel": [
                0.0,
                0.0,
                0.0
            ],
            "ang_vel": [
                0.0,
                0.0,
                0.0
            ]
        },
        "non_kin": {
            "Temperature": {
                "temperature": 23.0
            }
        }
    },
    "soap_dispenser.n.01_1": {
        "is_asleep": true,
        "root_link": {
            "pos": [
                23.8300724029541,
                22.50503158569336,
                0.07372114807367325
            ],
            "ori": [
                0.018857290968298912,
                0.0029861778020858765,
                -0.23024670779705048,
                0.9729450345039368
            ],
            "lin_vel": [
                0.0,
                0.0,
                0.0
            ],
            "ang_vel": [
                0.0,
                0.0,
                0.0
            ]
        },
        "non_kin": {
            "ToggledOn": {
                "value": false,
                "hand_in_marker_steps": 0
            }
        }
    },
    "tube__of__toothpaste.n.01_1": {
        "is_asleep": true,
        "root_link": {
            "pos": [
                23.77431869506836,
                22.37654685974121,
                0.02160746417939663
            ],
            "ori": [
                0.01236749067902565,
                -0.0026165300514549017,
                -0.13076052069664001,
                0.9913336038589478
            ],
            "lin_vel": [
                0.0,
                0.0,
                0.0
            ],
            "ang_vel": [
                0.0,
                0.0,
                0.0
            ]
        },
        "non_kin": {}
    },
    "toothbrush.n.01_1": {
        "is_asleep": true,
        "root_link": {
            "pos": [
                23.846338272094727,
                22.300241470336914,
                0.024177372455596924
            ],
            "ori": [
                -0.006792265921831131,
                0.013697321526706219,
                -0.8584664463996887,
                0.5126419067382812
            ],
            "lin_vel": [
                0.0,
                0.0,
                0.0
            ],
            "ang_vel": [
                0.0,
                0.0,
                0.0
            ]
        },
        "non_kin": {
            "ModifiedParticles": {
                "n_systems": 0
            },
            "Saturated": {
                "n_systems": 0,
                "default_visual_particle_limit": 200,
                "default_physical_particle_limit": 400
            },
            "ParticleRemover": {
                "current_step": 0
            }
        }
    },
    "cup.n.01_1": {
        "is_asleep": true,
        "root_link": {
            "pos": [
                23.858625411987305,
                19.91828155517578,
                0.7856517434120178
            ],
            "ori": [
                -0.0019301956053823233,
                0.00652681477367878,
                0.05551665648818016,
                0.998434841632843
            ],
            "lin_vel": [
                0.0,
                0.0,
                0.0
            ],
            "ang_vel": [
                0.0,
                0.0,
                0.0
            ]
        },
        "non_kin": {
            "Temperature": {
                "temperature": 23.0
            }
        }
    },
    "shelf.n.01_1": {
        "is_asleep": false,
        "root_link": {
            "pos": [
                23.29135513305664,
                19.64773941040039,
                1.045605182647705
            ],
            "ori": [
                0.0,
                0.0,
                0.7080055475234985,
                -0.7062068581581116
            ]
        },
        "non_kin": {}
    },
    "sink.n.01_1": {
        "is_asleep": false,
        "root_link": {
            "pos": [
                23.898523330688477,
                19.848766326904297,
                0.5935004949569702
            ],
            "ori": [
                0.0,
                0.0,
                0.7062067985534668,
                0.7080056071281433
            ]
        },
        "non_kin": {
            "ToggledOn": {
                "value": false,
                "hand_in_marker_steps": 0
            },