{
    "bottle__of__detergent.n.01_1": {
        "is_asleep": true,
        "root_link": {
            "pos": [
                22.640771865844727,
                22.390579223632812,
                0.13401482999324799
            ],
            "ori": [
                -1.2048985809087753e-06,
                1.7040874809026718e-06,
                -0.2825149595737457,
                0.9592629671096802
            ],
            "lin_vel": [
                0.0,
                0.0,
                0.0
            ],
            "ang_vel": [
                0.0,
                0.0,
                0.0
            ]
        },
        "non_kin": {}
    },
    "bottle__of__detergent.n.01_2": {
        "is_asleep": true,
        "root_link": {
            "pos": [
                22.52191734313965,
                22.46817398071289,
                0.1295596957206726
            ],
            "ori": [
                -3.109397948719561e-05,
                1.7915182979777455e-05,
                0.35859498381614685,
                0.9334933757781982
            ],
            "lin_vel": [
                0.0,
                0.0,
                0.0
            ],
            "ang_vel": [
                0.0,
                0.0,
                0.0
            ]
        },
        "non_kin": {}
    },
    "basket.n.01_1": {
        "is_asleep": true,
        "root_link": {
            "pos": [
                22.673023223876953,
                22.44830894470215,
                0.07399691641330719
            ],
            "ori": [
                8.707866072654724e-08,
                -4.38826646131929e-08,
                0.7215464115142822,
                0.6923664808273315
            ],
            "lin_vel": [
                0.0,
                0.0,
                0.0
            ],
            "ang_vel": [
                0.0,
                0.0,
                0.0
            ]
        },
        "non_kin": {
            "Temperature": {
                "temperature": 23.0
            }
        }
    },
    "basket.n.01_2": {
        "is_asleep": true,
        "root_link": {
            "pos": [
                22.289608001708984,
                24.748437881469727,
                0.07399687170982361
            ],
            "ori": [
                7.392372936010361e-09,
                -1.3915268937125802e-10,
                0.42277753353118896,
                0.9062336683273315
            ],
            "lin_vel": [
                0.0,
                0.0,
                0.0
            ],
            "ang_vel": [
                0.0,
                0.0,
                0.0
            ]
        },
        "non_kin": {
            "Temperature": {
                "temperature": 23.0
            }
        }
    },
    "floor.n.01_1": {
        "is_asleep": false,
        "root_link": {
            "pos": [
                22.5664005279541,
                23.66229248046875,
                -0.13886341452598572
            ],
            "ori": [
                0.0,
                0.0,
                0.0,
                1.0
            ]
        },
        "non_kin": {}
    },
    "box__of__sanitary_napkin.n.01_1": {
        "is_asleep": true,
        "root_link": {
            "pos": [
                22.606454849243164,
                22.521589279174805,
                0.06469255685806274
            ],
            "ori": [
                -9.817304089665413e-07,
                6.02153477302636e-07,
                0.9414393305778503,
                -0.3371830880641937
            ],
            "lin_vel": [
                0.0,
                0.0,
                0.0
            ],
            "ang_vel": [
                0.0,
                0.0,
                0.0
            ]
        },
        "non_kin": {
            "Temperature": {
                "temperature": 23.0
            }
        }
    },
    "soap_dispenser.n.01_1": {
        "is_asleep": true,
        "root_link": {
            "pos": [
                22.158924102783203,
                24.848369598388672,
                0.07372111082077026
            ],
            "ori": [
                -0.0006869398057460785,
                0.019078414887189865,
                0.9380390644073486,
                0.3460031747817993
            ],
            "lin_vel": [
                0.0,
                0.0,
                0.0
            ],
            "ang_vel": [
                0.0,
                0.0,
                0.0
            ]
        },
        "non_kin": {
            "ToggledOn": {
                "value": false,
                "hand_in_marker_steps": 0
            }
        }
    },
    "tube__of__toothpaste.n.01_1": {
        "is_asleep": true,
        "root_link": {
            "pos": [
                22.399494171142578,
                24.709819793701172,
                0.021607205271720886
            ],
            "ori": [
                0.012607804499566555,
                -0.0009492360986769199,
                0.00245638913474977,
                0.999917209148407
            ],
            "lin_vel": [
                0.0,
                0.0,
                0.0
            ],
            "ang_vel": [
                0.0,
                0.0,
                0.0
            ]
        },
        "non_kin": {}
    },
    "toothbrush.n.01_1": {
        "is_asleep": true,
        "root_link": {
            "pos": [
                22.193017959594727,
                24.723236083984375,
                0.024177007377147675
            ],
            "ori": [
                0.0039000874385237694,
                -0.014841251075267792,
                0.9442986845970154,
                -0.32873204350471497
            ],
            "lin_vel": [
                0.0,
                0.0,
                0.0
            ],
            "ang_vel": [
                0.0,
                0.0,
                0.0
            ]
        },
        "non_kin": {
            "ModifiedParticles": {
                "n_systems": 0
            },
            "Saturated": {
                "n_systems": 0,
                "default_visual_particle_limit": 200,
                "default_physical_particle_limit": 400
            },
            "ParticleRemover": {
                "current_step": 0
            }
        }
    },
    "cup.n.01_1": {
        "is_asleep": true,
        "root_link": {
            "pos": [
                23.993165969848633,
                19.83928871154785,
                0.7840328216552734
            ],
            "ori": [
                0.005791967734694481,
                0.0032230664510279894,
                0.6886793375015259,
                0.7250359654426575
            ],
            "lin_vel": [
                0.0,
                0.0,
                0.0
            ],
            "ang_vel": [
                0.0,
                0.0,
                0.0
            ]
        },
        "non_kin": {
            "Temperature": {
                "temperature": 23.0
            }
        }
    },
    "shelf.n.01_1": {
        "is_asleep": false,
        "root_link": {
            "pos": [
                23.29135513305664,
                19.64773941040039,
                1.045605182647705
            ],
            "ori": [
                0.0,
                0.0,
                0.7080055475234985,
                -0.7062068581581116
            ]
        },
        "non_kin": {}
    },
    "sink.n.01_1": {
        "is_asleep": false,
        "root_link": {
            "pos": [
                23.898523330688477,
                19.848770141601562,
                0.5935004949569702
            ],
            "ori": [
                0.0,
                0.0,
                0.7062067985534668,
                0.7080056071281433
            ]
        },
        "non_kin": {
            "ToggledOn": {
                "value": false,