{
    "bottle__of__detergent.n.01_1": {
        "is_asleep": true,
        "root_link": {
            "pos": [
                22.172706604003906,
                23.185094833374023,
                0.1340150237083435
            ],
            "ori": [
                2.4806009605526924e-05,
                -1.5370314940810204e-05,
                0.6485713124275208,
                0.7611539363861084
            ],
            "lin_vel": [
                0.0,
                0.0,
                0.0
            ],
            "ang_vel": [
                0.0,
                0.0,
                0.0
            ]
        },
        "non_kin": {}
    },
    "bottle__of__detergent.n.01_2": {
        "is_asleep": true,
        "root_link": {
            "pos": [
                22.229860305786133,
                23.43568229675293,
                0.12955953180789948
            ],
            "ori": [
                -5.9859303291887045e-06,
                3.5803415812551975e-05,
                -0.4516046345233917,
                0.8922184109687805
            ],
            "lin_vel": [
                0.0,
                0.0,
                0.0
            ],
            "ang_vel": [
                0.0,
                0.0,
                0.0
            ]
        },
        "non_kin": {}
    },
    "basket.n.01_1": {
        "is_asleep": true,
        "root_link": {
            "pos": [
                22.175472259521484,
                23.332439422607422,
                0.07399684935808182
            ],
            "ori": [
                -3.034801920875907e-08,
                1.276566763408482e-08,
                -0.09372716397047043,
                0.9955980181694031
            ],
            "lin_vel": [
                0.0,
                0.0,
                0.0
            ],
            "ang_vel": [
                0.0,
                0.0,
                0.0
            ]
        },
        "non_kin": {
            "Temperature": {
                "temperature": 23.0
            }
        }
    },
    "basket.n.01_2": {
        "is_asleep": true,
        "root_link": {
            "pos": [
                22.281396865844727,
                25.31977653503418,
                0.07399682700634003
            ],
            "ori": [
                -3.637978807091713e-09,
                -3.7061909097246826e-09,
                0.4804309606552124,
                0.8770326375961304
            ],
            "lin_vel": [
                0.0,
                0.0,
                0.0
            ],
            "ang_vel": [
                0.0,
                0.0,
                0.0
            ]
        },
        "non_kin": {
            "Temperature": {
                "temperature": 23.0
            }
        }
    },
    "floor.n.01_1": {
        "is_asleep": false,
        "root_link": {
            "pos": [
                22.5664005279541,
                23.66229248046875,
                -0.13886341452598572
            ],
            "ori": [
                0.0,
                0.0,
                0.0,
                1.0
            ]
        },
        "non_kin": {}
    },
    "box__of__sanitary_napkin.n.01_1": {
        "is_asleep": true,
        "root_link": {
            "pos": [
                22.128398895263672,
                23.310009002685547,
                0.06469246745109558
            ],
            "ori": [
                -1.7101410776376724e-07,
                -5.66047674510628e-07,
                0.9058033227920532,
                -0.4236985743045807
            ],
            "lin_vel": [
                0.0,
                0.0,
                0.0
            ],
            "ang_vel": [
                0.0,
                0.0,
                0.0
            ]
        },
        "non_kin": {
            "Temperature": {
                "temperature": 23.0
            }
        }
    },
    "soap_dispenser.n.01_1": {
        "is_asleep": true,
        "root_link": {
            "pos": [
                22.339569091796875,
                25.30202293395996,
                0.07372098416090012
            ],
            "ori": [
                -0.007880428805947304,
                0.017389783635735512,
                0.9991680383682251,
                -0.03604281321167946
            ],
            "lin_vel": [
                0.0,
                0.0,
                0.0
            ],
            "ang_vel": [
                0.0,
                0.0,
                0.0
            ]
        },
        "non_kin": {
            "ToggledOn": {
                "value": false,
                "hand_in_marker_steps": 0
            }
        }
    },
    "tube__of__toothpaste.n.01_1": {
        "is_asleep": true,
        "root_link": {
            "pos": [
                22.2258358001709,
                25.44231414794922,
                0.021607231348752975
            ],
            "ori": [
                0.012558219954371452,
                -0.0005282422644086182,
                0.03427683562040329,
                0.9993334412574768
            ],
            "lin_vel": [
                0.0,
                0.0,
                0.0
            ],
            "ang_vel": [
                0.0,
                0.0,
                0.0
            ]
        },
        "non_kin": {}
    },
    "toothbrush.n.01_1": {
        "is_asleep": true,
        "root_link": {
            "pos": [
                22.202177047729492,
                25.32256317138672,
                0.024180039763450623
            ],
            "ori": [
                -0.008859916590154171,
                -0.012317816726863384,
                0.8544971942901611,
                0.5192344784736633
            ],
            "lin_vel": [
                0.0,
                0.0,
                0.0
            ],
            "ang_vel": [
                0.0,
                0.0,
                0.0
            ]
        },
        "non_kin": {
            "ModifiedParticles": {
                "n_systems": 0
            },
            "Saturated": {
                "n_systems": 0,
                "default_visual_particle_limit": 200,
                "default_physical_particle_limit": 400
            },
            "ParticleRemover": {
                "current_step": 0
            }
        }
    },
    "cup.n.01_1": {
        "is_asleep": true,
        "root_link": {
            "pos": [
                23.81174659729004,
                19.804365158081055,
                0.7861794233322144
            ],
            "ori": [
                -0.0022411923855543137,
                0.006162423640489578,
                -0.6246697306632996,
                0.7808616757392883
            ],
            "lin_vel": [
                0.0,
                0.0,
                0.0
            ],
            "ang_vel": [
                0.0,
                0.0,
                0.0
            ]
        },
        "non_kin": {
            "Temperature": {
                "temperature": 23.0
            }
        }
    },
    "shelf.n.01_1": {
        "is_asleep": false,
        "root_link": {
            "pos": [
                23.29135513305664,
                19.64773941040039,
                1.045605182647705
            ],
            "ori": [
                0.0,
                0.0,
                0.7080055475234985,
                -0.7062068581581116
            ]
        },
        "non_kin": {}
    },
    "sink.n.01_1": {
        "is_asleep": false,
        "root_link": {
            "pos": [
                23.898523330688477,
                19.848766326904297,
                0.5935004949569702
            ],
            "ori": [
                0.0,
                0.0,
                0.7062067985534668,
                0.7080056071281433
            ]
        },
        "non_kin": {
            "ToggledOn": {
                "value": false,