{
    "bottle__of__detergent.n.01_1": {
        "is_asleep": true,
        "root_link": {
            "pos": [
                21.660741806030273,
                25.23036003112793,
                0.13401491940021515
            ],
            "ori": [
                -5.191890522837639e-06,
                1.6172416508197784e-06,
                0.7824199199676514,
                0.6227512955665588
            ],
            "lin_vel": [
                0.0,
                0.0,
                0.0
            ],
            "ang_vel": [
                0.0,
                0.0,
                0.0
            ]
        },
        "non_kin": {}
    },
    "bottle__of__detergent.n.01_2": {
        "is_asleep": true,
        "root_link": {
            "pos": [
                21.793973922729492,
                25.231517791748047,
                0.12955959141254425
            ],
            "ori": [
                -1.921232797030825e-05,
                3.400971763767302e-05,
                -0.020883996039628983,
                0.9997820854187012
            ],
            "lin_vel": [
                0.0,
                0.0,
                0.0
            ],
            "ang_vel": [
                0.0,
                0.0,
                0.0
            ]
        },
        "non_kin": {}
    },
    "basket.n.01_1": {
        "is_asleep": true,
        "root_link": {
            "pos": [
                21.703678131103516,
                25.198036193847656,
                0.0739968866109848
            ],
            "ori": [
                1.367880031466484e-09,
                -1.9927028915844858e-09,
                -0.6049115061759949,
                0.7962929606437683
            ],
            "lin_vel": [
                0.0,
                0.0,
                0.0
            ],
            "ang_vel": [
                0.0,
                0.0,
                0.0
            ]
        },
        "non_kin": {
            "Temperature": {
                "temperature": 23.0
            }
        }
    },
    "basket.n.01_2": {
        "is_asleep": true,
        "root_link": {
            "pos": [
                20.297191619873047,
                22.75273323059082,
                0.07299692183732986
            ],
            "ori": [
                4.132743924856186e-09,
                4.1245584725402296e-09,
                0.9999958872795105,
                -0.0028919270262122154
            ],
            "lin_vel": [
                0.0,
                0.0,
                0.0
            ],
            "ang_vel": [
                0.0,
                0.0,
                0.0
            ]
        },
        "non_kin": {
            "Temperature": {
                "temperature": 23.0
            }
        }
    },
    "floor.n.01_1": {
        "is_asleep": false,
        "root_link": {
            "pos": [
                22.5664005279541,
                23.66229248046875,
                -0.13886341452598572
            ],
            "ori": [
                0.0,
                0.0,
                0.0,
                1.0
            ]
        },
        "non_kin": {}
    },
    "box__of__sanitary_napkin.n.01_1": {
        "is_asleep": true,
        "root_link": {
            "pos": [
                21.551250457763672,
                25.172727584838867,
                0.06469248980283737
            ],
            "ori": [
                -2.593151293694973e-07,
                5.124252879795677e-07,
                0.8055874705314636,
                0.5924769043922424
            ],
            "lin_vel": [
                0.0,
                0.0,
                0.0
            ],
            "ang_vel": [
                0.0,
                0.0,
                0.0
            ]
        },
        "non_kin": {
            "Temperature": {
                "temperature": 23.0
            }
        }
    },
    "soap_dispenser.n.01_1": {
        "is_asleep": true,
        "root_link": {
            "pos": [
                20.303104400634766,
                22.844497680664062,
                0.07272111624479294
            ],
            "ori": [
                -0.005656670778989792,
                0.01823396421968937,
                0.9959019422531128,
                0.08840444684028625
            ],
            "lin_vel": [
                0.0,
                0.0,
                0.0
            ],
            "ang_vel": [
                0.0,
                0.0,
                0.0
            ]
        },
        "non_kin": {
            "ToggledOn": {
                "value": false,
                "hand_in_marker_steps": 0
            }
        }
    },
    "tube__of__toothpaste.n.01_1": {
        "is_asleep": true,
        "root_link": {
            "pos": [
                20.371145248413086,
                22.709026336669922,
                0.02060762234032154
            ],
            "ori": [
                0.012039454653859138,
                0.003886358579620719,
                0.38141879439353943,
                0.924315869808197
            ],
            "lin_vel": [
                0.0,
                0.0,
                0.0
            ],
            "ang_vel": [
                0.0,
                0.0,
                0.0
            ]
        },
        "non_kin": {}
    },
    "toothbrush.n.01_1": {
        "is_asleep": true,
        "root_link": {
            "pos": [
                20.265554428100586,
                22.661785125732422,
                0.023180153220891953
            ],
            "ori": [
                -0.004615481942892075,
                -0.014444799162447453,
                0.9732734560966492,
                0.22914913296699524
            ],
            "lin_vel": [
                0.0,
                0.0,
                0.0
            ],
            "ang_vel": [
                0.0,
                0.0,
                0.0
            ]
        },
        "non_kin": {
            "ModifiedParticles": {
                "n_systems": 0
            },
            "Saturated": {
                "n_systems": 0,
                "default_visual_particle_limit": 200,
                "default_physical_particle_limit": 400
            },
            "ParticleRemover": {
                "current_step": 0
            }
        }
    },
    "cup.n.01_1": {
        "is_asleep": false,
        "root_link": {
            "pos": [
                24.264333724975586,
                19.8730411529541,
                0.8230014443397522
            ],
            "ori": [
                0.003257453441619873,
                0.012408730573952198,
                0.8916860222816467,
                -0.45247259736061096
            ],
            "lin_vel": [
                0.0007724371971562505,
                0.00024040992138907313,
                -1.1803884262917563e-05
            ],
            "ang_vel": [
                -0.0008420969825237989,
                0.004351862706243992,
                0.003813909599557519
            ]
        },
        "non_kin": {
            "Temperature": {
                "temperature": 23.0
            }
        }
    },
    "shelf.n.01_1": {
        "is_asleep": false,
        "root_link": {
            "pos": [
                23.29135513305664,
                19.64773941040039,
                1.045605182647705
            ],
            "ori": [
                0.0,
                0.0,
                0.7080055475234985,
                -0.7062068581581116
            ]
        },
        "non_kin": {}
    },
    "sink.n.01_1": {
        "is_asleep": false,
        "root_link": {
            "pos": [
                23.898523330688477,
                19.84876823425293,
                0.5935004949569702
            ],
            "ori": [
                0.0,
                0.0,
                0.7062067985534668,
                0.7080056071281433
            ]
        },