{
    "agent.n.01_1": {
        "is_asleep": false,
        "root_link": {
            "pos": [
                -50.0,
                -50.0,
                -50.0
            ],
            "ori": [
                0.0,
                0.0,
                0.0,
                1.0
            ],
            "lin_vel": [
                0.0,
                0.0,
                0.0
            ],
            "ang_vel": [
                0.0,
                0.0,
                0.0
            ]
        },
        "joint_pos": [
            72.55160522460938,
            72.46385955810547,
            50.003753662109375,
            -0.0016722833970561624,
            0.009968562051653862,
            1.2547178268432617,
            -6.869417848065495e-05,
            -0.000256743369391188,
            0.00011090953194070607,
            6.90355955157429e-06,
            -6.679711987089831e-06,
            3.567819294403307e-05,
            1.9059852361679077,
            1.9060027599334717,
            -0.9909852147102356,
            -0.9909945130348206,
            1.5709995031356812,
            1.5710012912750244,
            0.9150094985961914,
            0.9150032997131348,
            -1.5709985494613647,
            -1.571000337600708,
            0.0499996654689312,
            0.049999382346868515,
            0.049999117851257324,
            0.04999940097332001
        ],
        "joint_vel": [
            0.00041176247759722173,
            0.0005379064241424203,
            0.0011129957856610417,
            0.0029970433097332716,
            0.00015427777543663979,
            -8.138929842971265e-05,
            0.002904064953327179,
            -0.00046983419451862574,
            0.00022541148064192384,
            -0.005095960106700659,
            -0.005877262447029352,
            0.003830759320408106,
            0.0029480343218892813,
            -0.0016533512389287353,
            -0.001097086351364851,
            0.00012483890168368816,
            -0.01183668989688158,
            0.007084791548550129,
            0.003932762425392866,
            -0.003526322776451707,
            0.008043002337217331,
            -0.0037578449118882418,
            2.8887145163025707e-05,
            8.844985859468579e-05,
            0.00016959126514848322,
            4.2861662223003805e-05
        ],
        "controllers": {
            "base": {
                "goal_is_valid": true,
                "goal": {
                    "target": [
                        0.0,
                        0.0,
                        0.0
                    ]
                }
            },
            "trunk": {
                "goal_is_valid": true,
                "goal": {
                    "target": [
                        -7.037621253402904e-05,
                        -0.0002606184280011803,
                        0.00011165089381393045,
                        3.2820387332321843e-06
                    ]
                }
            },
            "arm_left": {
                "goal_is_valid": true,
                "goal": {
                    "target_pos": [
                        0.5446205139160156,
                        0.3968496322631836,
                        1.446784257888794
                    ],
                    "target_ori_mat": [
                        [
                            -0.006778120994567871,
                            4.6371715143322945e-05,
                            0.9999771118164062
                        ],
                        [
                            0.003117690095677972,
                            -0.999995231628418,
                            6.75049377605319e-05
                        ],
                        [
                            0.9999722242355347,
                            0.0031180758960545063,
                            0.0067778825759887695
                        ]
                    ]
                },
                "control_filter": {
                    "past_samples": [
                        [
                            -8.087979949777946e-06,
                            1.9059938192367554,
                            -0.9909918308258057,
                            1.5710004568099976,
                            0.9150049090385437,
                            -1.5709991455078125
                        ],
                        [
                            -1.1800033462350257e-05,
                            1.9059855937957764,
                            -0.9909719824790955,
                            1.5709995031356812,
                            0.9150174260139465,
                            -1.570997953414917
                        ]
                    ],
                    "current_idx": 0,
                    "fully_filled": true
                }
            },
            "gripper_left": {
                "goal_is_valid": true,
                "goal": {
                    "target": [
                        1.0
                    ]
                },
                "vel_filter": {
                    "past_samples": [
                        [
                            0.00012740492820739746,
                            5.364417575037805e-06
                        ],
                        [
                            -0.00013142824172973633,
                            -1.20699396575219e-05
                        ],
                        [
                            0.00013902783393859863,
                            -7.599591754114954e-06
                        ],
                        [
                            -0.0001510977599537,
                            1.8775461285258643e-05
                        ],
                        [
                            -0.00012606382369995117,
                            -1.788139229574881e-06
                        ]
                    ],
                    "current_idx": 4,
                    "fully_filled": true
                }
            },
            "arm_right": {
                "goal_is_valid": true,
                "goal": {
                    "target_pos": [
                        0.5446224212646484,
                        -0.3968362808227539,
                        1.443986415863037
                    ],
                    "target_ori_mat": [
                        [
                            0.005850315093994141,
                            -4.170462489128113e-06,
                            0.9999828338623047
                        ],
                        [
                            -0.004663317464292049,
                            -0.9999890327453613,
                            2.3111701011657715e-05
                        ],
                        [
                            0.9999719858169556,
                            -0.004663372877985239,
                            -0.00585019588470459
                        ]
                    ]
                },
                "control_filter": {
                    "past_samples": [
                        [
                            3.6069319321541116e-05,
                            1.9059967994689941,
                            -0.9909930229187012,
                            1.5709998607635498,
                            0.9150020480155945,
                            -1.571000099182129
                        ],
                        [
                            4.003455978818238e-05,
                            1.9059903621673584,
                            -0.9909862875938416,
                            1.5710012912750244,
                            0.9150015711784363,
                            -1.5710009336471558
                        ]
                    ],
                    "current_idx": 0,
                    "fully_filled": true
                }
            },
            "gripper_right": {
                "goal_is_valid": true,