{
    "agent.n.01_1": {
        "is_asleep": false,
        "root_link": {
            "pos": [
                -50.0,
                -50.0,
                -50.0
            ],
            "ori": [
                0.0,
                0.0,
                0.0,
                1.0
            ],
            "lin_vel": [
                0.0,
                0.0,
                0.0
            ],
            "ang_vel": [
                0.0,
                0.0,
                0.0
            ]
        },
        "joint_pos": [
            71.72660827636719,
            73.32820892333984,
            50.003753662109375,
            0.007261801976710558,
            -0.0070312852039933205,
            -1.2515318393707275,
            -7.010667468421161e-05,
            -0.0002608839131426066,
            0.00011190774239366874,
            7.127065146050882e-06,
            -5.9757448980235495e-06,
            3.5165456210961565e-05,
            1.9059947729110718,
            1.9060152769088745,
            -0.9909974932670593,
            -0.9910174608230591,
            1.5709997415542603,
            1.5710017681121826,
            0.9150069355964661,
            0.9149933457374573,
            -1.5709986686706543,
            -1.5710002183914185,
            0.04999883100390434,
            0.04999915882945061,
            0.05000000074505806,
            0.049999020993709564
        ],
        "joint_vel": [
            0.00015597156016156077,
            -0.0006463485187850893,
            0.0011305047664791346,
            -0.002399901393800974,
            -0.0018103690817952156,
            0.0005470588221214712,
            0.0029751842375844717,
            -0.0001170414179796353,
            0.00017835426842793822,
            -0.004640157800167799,
            -0.005514982622116804,
            0.0038026482798159122,
            0.0030784537084400654,
            -0.0007695689564570785,
            -0.0017385545652359724,
            -0.0002913276548497379,
            -0.01136008184403181,
            0.007584350649267435,
            0.003251276444643736,
            -0.0029530480969697237,
            0.007649644277989864,
            -0.0041181910783052444,
            -1.4728066162206233e-06,
            6.543896597577259e-05,
            4.327662827563472e-05,
            -1.6851627151481807e-06
        ],
        "controllers": {
            "base": {
                "goal_is_valid": true,
                "goal": {
                    "target": [
                        0.0,
                        0.0,
                        0.0
                    ]
                }
            },
            "trunk": {
                "goal_is_valid": true,
                "goal": {
                    "target": [
                        -7.0375062932726e-05,
                        -0.0002606181369628757,
                        0.0001116521525545977,
                        3.357378318469273e-06
                    ]
                }
            },
            "arm_left": {
                "goal_is_valid": true,
                "goal": {
                    "target_pos": [
                        0.544621467590332,
                        0.3968467712402344,
                        1.446784496307373
                    ],
                    "target_ori_mat": [
                        [
                            -0.006778120994567871,
                            4.662130959331989e-05,
                            0.9999769330024719
                        ],
                        [
                            0.003117897314950824,
                            -0.9999948740005493,
                            6.775651127099991e-05
                        ],
                        [
                            0.9999720454216003,
                            0.0031182849779725075,
                            0.006778240203857422
                        ]
                    ]
                },
                "control_filter": {
                    "past_samples": [
                        [
                            -7.3382661867071874e-06,
                            1.9060041904449463,
                            -0.9910066723823547,
                            1.570999264717102,
                            0.9150011539459229,
                            -1.5709986686706543
                        ],
                        [
                            -6.3374491219292395e-06,
                            1.9059977531433105,
                            -0.9909906983375549,
                            1.5710002183914185,
                            0.915010392665863,
                            -1.5709991455078125
                        ]
                    ],
                    "current_idx": 0,
                    "fully_filled": true
                }
            },
            "gripper_left": {
                "goal_is_valid": true,
                "goal": {
                    "target": [
                        1.0
                    ]
                },
                "vel_filter": {
                    "past_samples": [
                        [
                            8.359550702152774e-05,
                            4.917382830171846e-05
                        ],
                        [
                            -8.091329800663516e-05,
                            -3.4868717193603516e-05
                        ],
                        [
                            7.688998448429629e-05,
                            3.084540367126465e-05
                        ],
                        [
                            -7.778405415592715e-05,
                            -3.7997957406332716e-05
                        ],
                        [
                            8.538364636478946e-05,
                            3.9339061913779005e-05
                        ]
                    ],
                    "current_idx": 0,
                    "fully_filled": true
                }
            },
            "arm_right": {
                "goal_is_valid": true,
                "goal": {
                    "target_pos": [
                        0.5446262359619141,
                        -0.3968391418457031,
                        1.4439866542816162
                    ],
                    "target_ori_mat": [
                        [
                            0.0058501362800598145,
                            -4.036817699670792e-06,
                            0.9999829530715942
                        ],
                        [
                            -0.004663500003516674,
                            -0.9999892711639404,
                            2.324627712368965e-05
                        ],
                        [
                            0.9999721050262451,
                            -0.004663556348532438,
                            -0.00585019588470459
                        ]
                    ]
                },
                "control_filter": {
                    "past_samples": [
                        [
                            3.4990243875654414e-05,
                            1.906014084815979,
                            -0.9910208582878113,
                            1.5710008144378662,
                            0.9149914383888245,
                            -1.571000576019287
                        ],
                        [
                            3.523589839460328e-05,
                            1.9060107469558716,
                            -0.9910154342651367,
                            1.5710012912750244,
                            0.914993405342102,
                            -1.5710010528564453
                        ]
                    ],
                    "current_idx": 0,
                    "fully_filled": true
                }
            },
            "gripper_right": {
                "goal_is_valid": true,