{
    "agent.n.01_1": {
        "is_asleep": false,
        "root_link": {
            "pos": [
                -50.0,
                -50.0,
                -50.0
            ],
            "ori": [
                0.0,
                0.0,
                0.0,
                1.0
            ],
            "lin_vel": [
                0.0,
                0.0,
                0.0
            ],
            "ang_vel": [
                0.0,
                0.0,
                0.0
            ]
        },
        "joint_pos": [
            72.38302612304688,
            72.50924682617188,
            50.003753662109375,
            -0.0029788122046738863,
            0.00966080091893673,
            1.387302041053772,
            -6.992489215917885e-05,
            -0.0002613869437482208,
            0.00011229243682464585,
            8.504448487656191e-06,
            -5.6668586694286205e-06,
            3.3642245398368686e-05,
            1.90598464012146,
            1.9060121774673462,
            -0.9909914135932922,
            -0.9910072088241577,
            1.570998191833496,
            1.5710006952285767,
            0.9150012731552124,
            0.9150013327598572,
            -1.570997714996338,
            -1.571000337600708,
            0.04999915137887001,
            0.049998845905065536,
            0.05000000074505806,
            0.04999919235706329
        ],
        "joint_vel": [
            0.0014729606918990612,
            -0.002401525154709816,
            0.0011289863614365458,
            -0.001900030067190528,
            -0.000579009298235178,
            -0.0023852414451539516,
            -0.0011843139072880149,
            0.00020857466734014452,
            0.0006835963577032089,
            -0.006809432990849018,
            -0.006619028747081757,
            0.0015176103916019201,
            0.0033035341184586287,
            -0.0020392267033457756,
            -0.00018483481835573912,
            -0.0009998593013733625,
            -0.01415097527205944,
            0.002377359662204981,
            0.004333751276135445,
            -0.003925648517906666,
            0.010441905818879604,
            0.00021461145661305636,
            -0.0001656244130572304,
            0.00013285165186971426,
            0.00016889536345843226,
            -0.00021004224254284054
        ],
        "controllers": {
            "base": {
                "goal_is_valid": true,
                "goal": {
                    "target": [
                        0.0,
                        0.0,
                        0.0
                    ]
                }
            },
            "trunk": {
                "goal_is_valid": true,
                "goal": {
                    "target": [
                        -7.035549788270146e-05,
                        -0.00026057614013552666,
                        0.0001116466082748957,
                        3.2921682304731803e-06
                    ]
                }
            },
            "arm_left": {
                "goal_is_valid": true,
                "goal": {
                    "target_pos": [
                        0.5446224212646484,
                        0.3968486785888672,
                        1.4467847347259521
                    ],
                    "target_ori_mat": [
                        [
                            -0.00677800178527832,
                            4.685146268457174e-05,
                            0.9999769330024719
                        ],
                        [
                            0.0031178691424429417,
                            -0.9999949932098389,
                            6.798608228564262e-05
                        ],
                        [
                            0.9999720454216003,
                            0.0031182582024484873,
                            0.006778061389923096
                        ]
                    ]
                },
                "control_filter": {
                    "past_samples": [
                        [
                            -5.617212082142942e-06,
                            1.9059890508651733,
                            -0.9909928441047668,
                            1.5709993839263916,
                            0.915000319480896,
                            -1.5709984302520752
                        ],
                        [
                            -6.78939886711305e-06,
                            1.9059903621673584,
                            -0.990990936756134,
                            1.5709978342056274,
                            0.9150035381317139,
                            -1.5709974765777588
                        ]
                    ],
                    "current_idx": 1,
                    "fully_filled": true
                }
            },
            "gripper_left": {
                "goal_is_valid": true,
                "goal": {
                    "target": [
                        1.0
                    ]
                },
                "vel_filter": {
                    "past_samples": [
                        [
                            0.00011175870167789981,
                            0.0
                        ],
                        [
                            -9.700655209599063e-05,
                            -9.834765478444751e-06
                        ],
                        [
                            9.253620373783633e-05,
                            2.6822087875189027e-06
                        ],
                        [
                            -0.00010326503979740664,
                            1.7881391613627784e-05
                        ],
                        [
                            0.00010147690045414492,
                            -4.4703480739372026e-07
                        ]
                    ],
                    "current_idx": 0,
                    "fully_filled": true
                }
            },
            "arm_right": {
                "goal_is_valid": true,
                "goal": {
                    "target_pos": [
                        0.5446243286132812,
                        -0.3968353271484375,
                        1.4439866542816162
                    ],
                    "target_ori_mat": [
                        [
                            0.0058501362800598145,
                            -4.119938239455223e-06,
                            0.9999827742576599
                        ],
                        [
                            -0.004663643427193165,
                            -0.9999889135360718,
                            2.316315658390522e-05
                        ],
                        [
                            0.9999719262123108,
                            -0.004663699306547642,
                            -0.0058498382568359375
                        ]
                    ]
                },
                "control_filter": {
                    "past_samples": [
                        [
                            3.309277963126078e-05,
                            1.906010389328003,
                            -0.9910053610801697,
                            1.5709997415542603,
                            0.9150026440620422,
                            -1.5709997415542603
                        ],
                        [
                            3.37920973834116e-05,
                            1.9060126543045044,
                            -0.9910110235214233,
                            1.571000576019287,
                            0.9149991869926453,
                            -1.571000099182129
                        ]
                    ],
                    "current_idx": 1,
                    "fully_filled": true
                }
            },
            "gripper_right": {
                "goal_is_valid": true,