{
    "agent.n.01_1": {
        "is_asleep": false,
        "root_link": {
            "pos": [
                -50.0,
                -50.0,
                -50.0
            ],
            "ori": [
                0.0,
                0.0,
                0.0,
                1.0
            ],
            "lin_vel": [
                0.0,
                0.0,
                0.0
            ],
            "ang_vel": [
                0.0,
                0.0,
                0.0
            ]
        },
        "joint_pos": [
            71.87763977050781,
            73.20247650146484,
            50.003753662109375,
            -0.0035637824330478907,
            0.009459275752305984,
            1.4488539695739746,
            -7.071545405779034e-05,
            -0.0002622398314997554,
            0.00011171620280947536,
            6.1373675634968095e-06,
            -3.407011263334425e-06,
            3.2049614674178883e-05,
            1.9060003757476807,
            1.9060155153274536,
            -0.9910130500793457,
            -0.9910118579864502,
            1.5709993839263916,
            1.5710004568099976,
            0.9149977564811707,
            0.9149985909461975,
            -1.570999026298523,
            -1.571000099182129,
            0.049998749047517776,
            0.049999769777059555,
            0.049999017268419266,
            0.049998778849840164
        ],
        "joint_vel": [
            0.00029225481557659805,
            0.0005455558421090245,
            0.00112348108086735,
            0.0029197675175964832,
            0.0005402499227784574,
            0.00021142212790437043,
            0.0029487470164895058,
            0.000599137507379055,
            0.0003631007275544107,
            -0.005090045277029276,
            -0.006076219025999308,
            0.0038258754648268223,
            0.0042430926114320755,
            -0.0013642472913488746,
            -0.0018836759263649583,
            -0.0009308234439231455,
            -0.012117981910705566,
            0.007665045093744993,
            0.0030466921161860228,
            -0.003414684208109975,
            0.008216049522161484,
            -0.004135583993047476,
            -1.481203071307391e-06,
            3.470877345534973e-05,
            0.00013072238652966917,
            3.3355616324115545e-05
        ],
        "controllers": {
            "base": {
                "goal_is_valid": true,
                "goal": {
                    "target": [
                        0.0,
                        0.0,
                        0.0
                    ]
                }
            },
            "trunk": {
                "goal_is_valid": true,
                "goal": {
                    "target": [
                        -7.034760346869007e-05,
                        -0.0002605607733130455,
                        0.00011164538591401652,
                        3.300024445707095e-06
                    ]
                }
            },
            "arm_left": {
                "goal_is_valid": true,
                "goal": {
                    "target_pos": [
                        0.5446224212646484,
                        0.3968467712402344,
                        1.446784496307373
                    ],
                    "target_ori_mat": [
                        [
                            -0.00677800178527832,
                            4.694412928074598e-05,
                            0.9999769330024719
                        ],
                        [
                            0.003118072170764208,
                            -0.9999949932098389,
                            6.808002945035696e-05
                        ],
                        [
                            0.9999720454216003,
                            0.0031184619292616844,
                            0.006778061389923096
                        ]
                    ]
                },
                "control_filter": {
                    "past_samples": [
                        [
                            -4.757705937663559e-06,
                            1.9060078859329224,
                            -0.991016685962677,
                            1.5709995031356812,
                            0.9149944186210632,
                            -1.5709986686706543
                        ],
                        [
                            -4.036008249386214e-06,
                            1.9060063362121582,
                            -0.9910163879394531,
                            1.571000337600708,
                            0.9149936437606812,
                            -1.570999264717102
                        ]
                    ],
                    "current_idx": 0,
                    "fully_filled": true
                }
            },
            "gripper_left": {
                "goal_is_valid": true,
                "goal": {
                    "target": [
                        1.0
                    ]
                },
                "vel_filter": {
                    "past_samples": [
                        [
                            0.00012025236355839297,
                            -6.7055220824840944e-06
                        ],
                        [
                            -0.00012159346806583926,
                            1.9222496121074073e-05
                        ],
                        [
                            0.00012427568435668945,
                            -1.609325408935547e-05
                        ],
                        [
                            -0.0001265108585357666,
                            1.3411043937594513e-06
                        ],
                        [
                            0.00011891125905094668,
                            1.4305113836599048e-05
                        ]
                    ],
                    "current_idx": 0,
                    "fully_filled": true
                }
            },
            "arm_right": {
                "goal_is_valid": true,
                "goal": {
                    "target_pos": [
                        0.5446243286132812,
                        -0.3968353271484375,
                        1.4439865350723267
                    ],
                    "target_ori_mat": [
                        [
                            0.0058498382568359375,
                            -3.3741816878318787e-06,
                            0.9999829530715942
                        ],
                        [
                            -0.004663247149437666,
                            -0.9999892711639404,
                            2.3905886337161064e-05
                        ],
                        [
                            0.9999721050262451,
                            -0.004663307219743729,
                            -0.0058498382568359375
                        ]
                    ]
                },
                "control_filter": {
                    "past_samples": [
                        [
                            3.1865154596744105e-05,
                            1.9060136079788208,
                            -0.991020917892456,
                            1.5709993839263916,
                            0.9149906039237976,
                            -1.5709998607635498
                        ],
                        [
                            3.181817373842932e-05,
                            1.906017541885376,
                            -0.9910122156143188,
                            1.570999264717102,
                            0.9150028228759766,
                            -1.5709996223449707
                        ]
                    ],
                    "current_idx": 0,
                    "fully_filled": true
                }
            },
            "gripper_right": {
                "goal_is_valid": true,