{
    "agent.n.01_1": {
        "is_asleep": false,
        "root_link": {
            "pos": [
                -50.0,
                -50.0,
                -50.0
            ],
            "ori": [
                0.0,
                0.0,
                0.0,
                1.0
            ],
            "lin_vel": [
                0.0,
                0.0,
                0.0
            ],
            "ang_vel": [
                0.0,
                0.0,
                0.0
            ]
        },
        "joint_pos": [
            71.59671783447266,
            67.40132904052734,
            50.003753662109375,
            0.009295116178691387,
            0.0039746626280248165,
            -0.07808399200439453,
            -7.089537393767387e-05,
            -0.00025927237584255636,
            0.00011039534729206935,
            5.60452508580056e-06,
            -7.722013833699748e-06,
            3.599108458729461e-05,
            1.9059815406799316,
            1.90601646900177,
            -0.9909898638725281,
            -0.9910076856613159,
            1.5710002183914185,
            1.5709995031356812,
            0.9149969220161438,
            0.9150062799453735,
            -1.5709984302520752,
            -1.571000099182129,
            0.049999091774225235,
            0.049999140202999115,
            0.04999848082661629,
            0.049999695271253586
        ],
        "joint_vel": [
            0.0018933797255158424,
            -0.00038303586188703775,
            0.0013711985666304827,
            -0.00015226798132061958,
            -0.0016215001232922077,
            0.002415949013084173,
            0.0008207152131944895,
            -0.00030658530886285007,
            -4.823511699214578e-05,
            -0.0004994506016373634,
            -0.005849748384207487,
            0.004358154721558094,
            0.002917323727160692,
            -0.0012544142082333565,
            -0.0010374881094321609,
            -0.000444035860709846,
            -0.011399189941585064,
            0.009634335525333881,
            0.0021918374113738537,
            -0.002218349603936076,
            0.007279530167579651,
            -0.005624293815344572,
            2.0574127120198682e-05,
            2.9782177080051042e-05,
            4.1110863094218075e-05,
            9.823538130149245e-05
        ],
        "controllers": {
            "base": {
                "goal_is_valid": true,
                "goal": {
                    "target": [
                        0.0,
                        0.0,
                        0.0
                    ]
                }
            },
            "trunk": {
                "goal_is_valid": true,
                "goal": {
                    "target": [
                        -7.034497684799135e-05,
                        -0.0002605539048090577,
                        0.00011164500028826296,
                        3.3182107017637463e-06
                    ]
                }
            },
            "arm_left": {
                "goal_is_valid": true,
                "goal": {
                    "target_pos": [
                        0.5446186065673828,
                        0.3968505859375,
                        1.4467841386795044
                    ],
                    "target_ori_mat": [
                        [
                            -0.00677800178527832,
                            4.651211202144623e-05,
                            0.9999769330024719
                        ],
                        [
                            0.0031175699550658464,
                            -0.9999949932098389,
                            6.764475256204605e-05
                        ],
                        [
                            0.9999720454216003,
                            0.003117956919595599,
                            0.006778061389923096
                        ]
                    ]
                },
                "control_filter": {
                    "past_samples": [
                        [
                            -7.829421520000324e-06,
                            1.905982494354248,
                            -0.990991473197937,
                            1.5710011720657349,
                            0.9149938225746155,
                            -1.5709993839263916
                        ],
                        [
                            -9.081421012524515e-06,
                            1.9059851169586182,
                            -0.9909901022911072,
                            1.571000099182129,
                            0.9149975180625916,
                            -1.5709987878799438
                        ]
                    ],
                    "current_idx": 1,
                    "fully_filled": true
                }
            },
            "gripper_left": {
                "goal_is_valid": true,
                "goal": {
                    "target": [
                        1.0
                    ]
                },
                "vel_filter": {
                    "past_samples": [
                        [
                            -1.162290482170647e-05,
                            0.00011354684102116153
                        ],
                        [
                            3.084540367126465e-05,
                            -8.851289021549746e-05
                        ],
                        [
                            -1.20699396575219e-05,
                            7.286667096195742e-05
                        ],
                        [
                            1.117586998589104e-05,
                            -8.76188205438666e-05
                        ],
                        [
                            -4.4703480739372026e-07,
                            9.253620373783633e-05
                        ]
                    ],
                    "current_idx": 0,
                    "fully_filled": true
                }
            },
            "arm_right": {
                "goal_is_valid": true,
                "goal": {
                    "target_pos": [
                        0.5446262359619141,
                        -0.3968334197998047,
                        1.443986415863037
                    ],
                    "target_ori_mat": [
                        [
                            0.0058498382568359375,
                            -3.6600977182388306e-06,
                            0.9999829530715942
                        ],
                        [
                            -0.0046632373705506325,
                            -0.9999892711639404,
                            2.3619970306754112e-05
                        ],
                        [
                            0.9999721050262451,
                            -0.004663296043872833,
                            -0.0058498382568359375
                        ]
                    ]
                },
                "control_filter": {
                    "past_samples": [
                        [
                            3.6224395444151014e-05,
                            1.9060167074203491,
                            -0.9910065531730652,
                            1.570999026298523,
                            0.9150081276893616,
                            -1.5709993839263916
                        ],
                        [
                            3.733527773874812e-05,
                            1.9060139656066895,
                            -0.9910107851028442,
                            1.5709999799728394,
                            0.9150016903877258,
                            -1.5710002183914185
                        ]
                    ],
                    "current_idx": 1,
                    "fully_filled": true
                }
            },
            "gripper_right": {
                "goal_is_valid": true,