{
    "agent.n.01_1": {
        "is_asleep": false,
        "root_link": {
            "pos": [
                -50.0,
                -50.0,
                -50.0
            ],
            "ori": [
                0.0,
                0.0,
                0.0,
                1.0
            ],
            "lin_vel": [
                0.0,
                0.0,
                0.0
            ],
            "ang_vel": [
                0.0,
                0.0,
                0.0
            ]
        },
        "joint_pos": [
            71.53137969970703,
            67.56458282470703,
            50.003753662109375,
            -0.009919467382133007,
            0.0019447652157396078,
            2.465705156326294,
            -6.9964982685633e-05,
            -0.00026359892217442393,
            0.0001135626298491843,
            7.462291250703856e-06,
            -9.21453920454951e-06,
            3.8461905205622315e-05,
            1.9059748649597168,
            1.9059913158416748,
            -0.9909696578979492,
            -0.9909887909889221,
            1.5710017681121826,
            1.5709991455078125,
            0.9150100350379944,
            0.9150006175041199,
            -1.5709989070892334,
            -1.571000337600708,
            0.04999880492687225,
            0.049999792128801346,
            0.049999941140413284,
            0.04999899864196777
        ],
        "joint_vel": [
            -0.00033312305458821356,
            0.0002038170932792127,
            0.0008541182614862919,
            0.0013748696073889732,
            0.0018309910083189607,
            -0.0002628681540954858,
            0.00316897826269269,
            0.0001134965568780899,
            0.0004920759238302708,
            -0.0015924039762467146,
            -0.004745109938085079,
            0.004108024295419455,
            0.0006997471791692078,
            -3.449543146416545e-05,
            -0.0005849418230354786,
            -0.0006731413304805756,
            -0.010427182540297508,
            0.008470267988741398,
            0.0016095354221761227,
            -0.0016603905241936445,
            0.006627344060689211,
            -0.00489716324955225,
            -9.543964551994577e-08,
            6.0748905525542796e-05,
            7.278680277522653e-05,
            2.142581797670573e-05
        ],
        "controllers": {
            "base": {
                "goal_is_valid": true,
                "goal": {
                    "target": [
                        0.0,
                        0.0,
                        0.0
                    ]
                }
            },
            "trunk": {
                "goal_is_valid": true,
                "goal": {
                    "target": [
                        -7.043162622721866e-05,
                        -0.0002607370261102915,
                        0.00011166221520397812,
                        3.346963012518245e-06
                    ]
                }
            },
            "arm_left": {
                "goal_is_valid": true,
                "goal": {
                    "target_pos": [
                        0.544619083404541,
                        0.3968486785888672,
                        1.4467840194702148
                    ],
                    "target_ori_mat": [
                        [
                            -0.006777763366699219,
                            4.63239848613739e-05,
                            0.9999769330024719
                        ],
                        [
                            0.0031176914926618338,
                            -0.9999948740005493,
                            6.745685823261738e-05
                        ],
                        [
                            0.9999720454216003,
                            0.0031180770602077246,
                            0.0067778825759887695
                        ]
                    ]
                },
                "control_filter": {
                    "past_samples": [
                        [
                            -5.951046205154853e-06,
                            1.9059804677963257,
                            -0.9909766912460327,
                            1.5710008144378662,
                            0.9150089621543884,
                            -1.5709993839263916
                        ],
                        [
                            -9.991763363359496e-06,
                            1.9059758186340332,
                            -0.9909719824790955,
                            1.5710009336471558,
                            0.9150092601776123,
                            -1.5709993839263916
                        ]
                    ],
                    "current_idx": 1,
                    "fully_filled": true
                }
            },
            "gripper_left": {
                "goal_is_valid": true,
                "goal": {
                    "target": [
                        1.0
                    ]
                },
                "vel_filter": {
                    "past_samples": [
                        [
                            -5.3644176659872755e-05,
                            4.246830576448701e-05
                        ],
                        [
                            5.4091211495688185e-05,
                            -2.8610227673198096e-05
                        ],
                        [
                            2.1010635464335792e-05,
                            6.258487246668665e-06
                        ],
                        [
                            -3.755092257051729e-05,
                            2.0563600628520362e-05
                        ],
                        [
                            8.44895766931586e-05,
                            -8.717178570805117e-05
                        ]
                    ],
                    "current_idx": 2,
                    "fully_filled": true
                }
            },
            "arm_right": {
                "goal_is_valid": true,
                "goal": {
                    "target_pos": [
                        0.5446243286132812,
                        -0.3968391418457031,
                        1.443986415863037
                    ],
                    "target_ori_mat": [
                        [
                            0.005850017070770264,
                            -3.861263394355774e-06,
                            0.9999828338623047
                        ],
                        [
                            -0.00466314097866416,
                            -0.9999890327453613,
                            2.341833896934986e-05
                        ],
                        [
                            0.9999719858169556,
                            -0.004663198255002499,
                            -0.0058498382568359375
                        ]
                    ]
                },
                "control_filter": {
                    "past_samples": [
                        [
                            3.41710947395768e-05,
                            1.9059990644454956,
                            -0.990996778011322,
                            1.5709993839263916,
                            0.9149982333183289,
                            -1.5709997415542603
                        ],
                        [
                            3.8243750168476254e-05,
                            1.9059900045394897,
                            -0.9909858107566833,
                            1.5709998607635498,
                            0.9149998426437378,
                            -1.5709998607635498
                        ]
                    ],
                    "current_idx": 1,
                    "fully_filled": true
                }
            },
            "gripper_right": {
                "goal_is_valid": true,