{
    "agent.n.01_1": {
        "is_asleep": false,
        "root_link": {
            "pos": [
                -50.0,
                -50.0,
                -50.0
            ],
            "ori": [
                0.0,
                0.0,
                0.0,
                1.0
            ],
            "lin_vel": [
                0.0,
                0.0,
                0.0
            ],
            "ang_vel": [
                0.0,
                0.0,
                0.0
            ]
        },
        "joint_pos": [
            71.51364135742188,
            67.47216796875,
            50.003753662109375,
            0.006969195790588856,
            -0.007321937941014767,
            -1.292278528213501,
            -7.005155202932656e-05,
            -0.0002595503756310791,
            0.00011118497786810622,
            6.004165243211901e-06,
            -6.6896645876113325e-06,
            3.6387325963005424e-05,
            1.905984878540039,
            1.9060111045837402,
            -0.9909923076629639,
            -0.9910014271736145,
            1.5710006952285767,
            1.5710006952285767,
            0.9149994254112244,
            0.915006160736084,
            -1.5710002183914185,
            -1.5710009336471558,
            0.0499999038875103,
            0.04999934136867523,
            0.04999922215938568,
            0.04999984800815582
        ],
        "joint_vel": [
            4.876200546277687e-05,
            -0.0005528645124286413,
            0.001026851823553443,
            -0.002267459873110056,
            -0.0013030583504587412,
            0.0005101152346469462,
            0.002330115996301174,
            3.488827496767044e-05,
            0.00019195907225366682,
            -0.003237691707909107,
            -0.005216880235821009,
            0.003576280316337943,
            0.0028886133804917336,
            -0.0012212306028231978,
            -0.0007549618603661656,
            0.0001413702848367393,
            -0.010610317811369896,
            0.007415215950459242,
            0.002838896820321679,
            -0.0020355251617729664,
            0.007023598067462444,
            -0.004119573161005974,
            2.1228404875728302e-05,
            6.448767089750618e-05,
            0.00011702335177687928,
            8.11706377135124e-06
        ],
        "controllers": {
            "base": {
                "goal_is_valid": true,
                "goal": {
                    "target": [
                        0.0,
                        0.0,
                        0.0
                    ]
                }
            },
            "trunk": {
                "goal_is_valid": true,
                "goal": {
                    "target": [
                        -7.03676778357476e-05,
                        -0.00026060346863232553,
                        0.00011165007163072005,
                        3.3549686122569256e-06
                    ]
                }
            },
            "arm_left": {
                "goal_is_valid": true,
                "goal": {
                    "target_pos": [
                        0.544621467590332,
                        0.3968524932861328,
                        1.4467839002609253
                    ],
                    "target_ori_mat": [
                        [
                            -0.006777763366699219,
                            4.6255532652139664e-05,
                            0.9999771118164062
                        ],
                        [
                            0.0031181559897959232,
                            -0.999995231628418,
                            6.739096716046333e-05
                        ],
                        [
                            0.9999722242355347,
                            0.0031185410916805267,
                            0.006777524948120117
                        ]
                    ]
                },
                "control_filter": {
                    "past_samples": [
                        [
                            -7.411961178149795e-06,
                            1.905987024307251,
                            -0.990985095500946,
                            1.5710006952285767,
                            0.915004551410675,
                            -1.5709999799728394
                        ],
                        [
                            -7.039724550850224e-06,
                            1.9059900045394897,
                            -0.9909954071044922,
                            1.571001410484314,
                            0.9149972796440125,
                            -1.5710004568099976
                        ]
                    ],
                    "current_idx": 1,
                    "fully_filled": true
                }
            },
            "gripper_left": {
                "goal_is_valid": true,
                "goal": {
                    "target": [
                        1.0
                    ]
                },
                "vel_filter": {
                    "past_samples": [
                        [
                            8.672475087223575e-05,
                            -2.458691415085923e-05
                        ],
                        [
                            -0.00010728835331974551,
                            1.20699396575219e-05
                        ],
                        [
                            0.00010684131848393008,
                            -1.5199183508229908e-05
                        ],
                        [
                            -0.00011801718937931582,
                            2.6375053494120948e-05
                        ],
                        [
                            -7.599591481266543e-05,
                            2.145767030015122e-05
                        ]
                    ],
                    "current_idx": 4,
                    "fully_filled": true
                }
            },
            "arm_right": {
                "goal_is_valid": true,
                "goal": {
                    "target_pos": [
                        0.5446262359619141,
                        -0.3968372344970703,
                        1.443986415863037
                    ],
                    "target_ori_mat": [
                        [
                            0.005850017070770264,
                            -3.8191210478544235e-06,
                            0.9999827742576599
                        ],
                        [
                            -0.0046625891700387,
                            -0.9999889135360718,
                            2.3456988856196404e-05
                        ],
                        [
                            0.9999719262123108,
                            -0.004662646912038326,
                            -0.005849719047546387
                        ]
                    ]
                },
                "control_filter": {
                    "past_samples": [
                        [
                            3.6481491406448185e-05,
                            1.9060091972351074,
                            -0.9909939765930176,
                            1.571000337600708,
                            0.9150130748748779,
                            -1.5710004568099976
                        ],
                        [
                            3.5980257962364703e-05,
                            1.9060086011886597,
                            -0.9909979104995728,
                            1.5709999799728394,
                            0.9150081872940063,
                            -1.571000337600708
                        ]
                    ],
                    "current_idx": 1,
                    "fully_filled": true
                }
            },
            "gripper_right": {
                "goal_is_valid": true,