{
    "floor.n.01_1": {
        "is_asleep": false,
        "root_link": {
            "pos": [
                22.21562957763672,
                18.014190673828125,
                -0.13880948722362518
            ],
            "ori": [
                0.0,
                0.0,
                0.0,
                1.0
            ]
        },
        "non_kin": {}
    },
    "board_game.n.01_1": {
        "is_asleep": true,
        "root_link": {
            "pos": [
                23.15547752380371,
                17.55318832397461,
                0.5088048577308655
            ],
            "ori": [
                0.00790469255298376,
                0.005644926801323891,
                0.6615183353424072,
                0.7498661279678345
            ],
            "lin_vel": [
                0.0,
                0.0,
                0.0
            ],
            "ang_vel": [
                0.0,
                0.0,
                0.0
            ]
        },
        "non_kin": {}
    },
    "board_game.n.01_2": {
        "is_asleep": false,
        "root_link": {
            "pos": [
                23.458295822143555,
                18.246423721313477,
                0.5097888708114624
            ],
            "ori": [
                -0.007938073016703129,
                -0.006697110831737518,
                0.41983532905578613,
                0.9075409173965454
            ],
            "lin_vel": [
                -3.1234303605742753e-06,
                -1.5192692444543354e-05,
                -4.689658817369491e-05
            ],
            "ang_vel": [
                -8.527872705599293e-05,
                -0.000546762254089117,
                2.696427509363275e-05
            ]
        },
        "non_kin": {}
    },
    "board_game.n.01_3": {
        "is_asleep": true,
        "root_link": {
            "pos": [
                20.554479598999023,
                17.91334342956543,
                0.7980194687843323
            ],
            "ori": [
                -8.764502126723528e-06,
                3.3534515750943683e-06,
                0.2298857867717743,
                0.9732176065444946
            ],
            "lin_vel": [
                0.0,
                0.0,
                0.0
            ],
            "ang_vel": [
                0.0,
                0.0,
                0.0
            ]
        },
        "non_kin": {}
    },
    "jigsaw_puzzle.n.01_1": {
        "is_asleep": true,
        "root_link": {
            "pos": [
                20.974924087524414,
                18.927824020385742,
                0.7449253797531128
            ],
            "ori": [
                6.47229389869608e-05,
                1.0312499398423824e-05,
                0.9989054799079895,
                0.046776607632637024
            ],
            "lin_vel": [
                0.0,
                0.0,
                0.0
            ],
            "ang_vel": [
                0.0,
                0.0,
                0.0
            ]
        },
        "non_kin": {
            "Temperature": {
                "temperature": 23.0
            }
        }
    },
    "jigsaw_puzzle.n.01_2": {
        "is_asleep": true,
        "root_link": {
            "pos": [
                20.468368530273438,
                18.619970321655273,
                0.7952292561531067
            ],
            "ori": [
                4.004388028988615e-05,
                -4.347770300228149e-05,
                0.5437213182449341,
                0.8392659425735474
            ],
            "lin_vel": [
                0.0,
                0.0,
                0.0
            ],
            "ang_vel": [
                0.0,
                0.0,
                0.0
            ]
        },
        "non_kin": {
            "Temperature": {
                "temperature": 23.0
            }
        }
    },
    "tennis_ball.n.01_1": {
        "is_asleep": true,
        "root_link": {
            "pos": [
                20.399307250976562,
                18.20346450805664,
                0.813973605632782
            ],
            "ori": [
                0.030173078179359436,
                -0.057529762387275696,
                0.9968392848968506,
                0.045731108635663986
            ],
            "lin_vel": [
                0.0,
                0.0,
                0.0
            ],
            "ang_vel": [
                0.0,
                0.0,
                0.0
            ]
        },
        "non_kin": {}
    },
    "bed.n.01_1": {
        "is_asleep": false,
        "root_link": {
            "pos": [
                23.1903133392334,
                17.832082748413086,
                0.40365302562713623
            ],
            "ori": [
                0.0,
                0.0,
                0.9999991655349731,
                0.0012722777901217341
            ]
        },
        "non_kin": {}
    },
    "table.n.02_1": {
        "is_asleep": true,
        "root_link": {
            "pos": [
                20.747095108032227,
                18.638792037963867,
                0.4296232759952545
            ],
            "ori": [
                -1.4901161193847656e-08,
                1.862645149230957e-09,
                -4.377216100692749e-08,
                1.0000001192092896
            ],
            "lin_vel": [
                0.0,
                0.0,
                0.0
            ],
            "ang_vel": [
                0.0,
                0.0,
                0.0
            ]
        },
        "joint_pos": [
            3.056896749620286e-12,
            2.1524362153746424e-13,
            3.848251144827897e-12
        ],
        "joint_vel": [
            -4.474519269283494e-19,
            1.790231430982178e-18,
            -2.9078342464624323e-31
        ],
        "non_kin": {}
    },
    "toy_box.n.01_1": {
        "is_asleep": true,
        "root_link": {
            "pos": [
                20.715938568115234,
                18.75808334350586,
                0.8324458599090576
            ],
            "ori": [
                -5.016569048166275e-06,
                6.555397703777999e-06,
                0.20022518932819366,
                0.9797502160072327
            ],
            "lin_vel": [
                0.0,
                0.0,
                0.0
            ],
            "ang_vel": [
                0.0,
                0.0,
                0.0
            ]
        },
        "non_kin": {
            "Temperature": {
                "temperature": 23.0
            }
        }
    },
    "robot_poses": {
        "R1Pro": [
            {
                "position": [
                    21.45270538330078,
                    17.408096313476562,
                    0.003753662109375
                ],
                "orientation": [
                    0.0,
                    0.0,
                    -0.6777141690254211,
                    0.7353254556655884
                ]
            }
        ],
        "Fetch": [
            {
                "position": [
                    21.596141815185547,
                    17.20336151123047,
                    0.0012839436531066895
                ],
                "orientation": [
                    -0.0024818778038024902,
                    -0.0015960857272148132,
                    -0.841070294380188,
                    0.5409179329872131
                ]
            }
        ],
        "R1": [
            {
                "position": [
                    21.744205474853516,
                    17.33338737487793,
                    0.0037555694580078125
                ],
                "orientation": [
                    0.004199041519314051,
                    0.0028128530830144882,
                    0.10781661421060562,
                    0.9941579699516296
                ]
            }
        ],