{
    "agent.n.01_1": {
        "is_asleep": false,
        "root_link": {
            "pos": [
                -50.0,
                -50.0,
                -50.0
            ],
            "ori": [
                0.0,
                0.0,
                0.0,
                1.0
            ],
            "lin_vel": [
                0.0,
                0.0,
                0.0
            ],
            "ang_vel": [
                0.0,
                0.0,
                0.0
            ]
        },
        "joint_pos": [
            66.12902069091797,
            63.20684814453125,
            50.017765045166016,
            0.008393201977014542,
            0.005567311774939299,
            0.06894481182098389,
            -6.883242167532444e-05,
            -0.0002627051144372672,
            0.00011695044668158516,
            2.5999881927418755e-06,
            -1.0475356475581066e-06,
            3.100971662206575e-05,
            1.9060176610946655,
            1.9060105085372925,
            -0.9910182356834412,
            -0.991012454032898,
            1.5710008144378662,
            1.5709998607635498,
            0.9149985909461975,
            0.9150001406669617,
            -1.5709998607635498,
            -1.5710004568099976,
            0.04999928176403046,
            0.04999982938170433,
            0.049999918788671494,
            0.05000000074505806
        ],
        "joint_vel": [
            0.0006459749420173466,
            0.00028593884781003,
            -0.006006716750562191,
            0.00013006442168261856,
            0.00011992114741588011,
            0.0016027090605348349,
            -0.0013919379562139511,
            -0.0004047256079502404,
            0.0003379698027856648,
            0.0022522227372974157,
            0.0014630157966166735,
            -0.0005512157222256064,
            -0.0007351835956797004,
            0.0011299509787932038,
            -0.0005080014234408736,
            0.00026836403412744403,
            0.002271485049277544,
            -0.001574165653437376,
            -0.0004675722448155284,
            0.0005104399169795215,
            -0.0014675193233415484,
            0.0008597074775025249,
            -1.293365130550228e-07,
            1.3673071407538373e-05,
            2.7789164960267954e-06,
            5.147351839696057e-05
        ],
        "controllers": {
            "base": {
                "goal_is_valid": true,
                "goal": {
                    "target": [
                        0.0,
                        0.0,
                        0.0
                    ]
                }
            },
            "trunk": {
                "goal_is_valid": true,
                "goal": {
                    "target": [
                        -7.034673762973398e-05,
                        -0.0002605554764159024,
                        0.00011164490570081398,
                        3.321059239169699e-06
                    ]
                }
            },
            "arm_left": {
                "goal_is_valid": true,
                "goal": {
                    "target_pos": [
                        0.5446224212646484,
                        0.3968477249145508,
                        1.446784257888794
                    ],
                    "target_ori_mat": [
                        [
                            -0.006778120994567871,
                            4.677497781813145e-05,
                            0.9999769330024719
                        ],
                        [
                            0.003117732936516404,
                            -0.9999948740005493,
                            6.790913175791502e-05
                        ],
                        [
                            0.9999720454216003,
                            0.0031181215308606625,
                            0.006778240203857422
                        ]
                    ]
                },
                "control_filter": {
                    "past_samples": [
                        [
                            -1.0659308600224904e-06,
                            1.9060138463974,
                            -0.9910120368003845,
                            1.571000337600708,
                            0.9150019288063049,
                            -1.570999264717102
                        ],
                        [
                            -2.697793206607457e-07,
                            1.906016230583191,
                            -0.9910198450088501,
                            1.5710011720657349,
                            0.9149963855743408,
                            -1.5709997415542603
                        ]
                    ],
                    "current_idx": 1,
                    "fully_filled": true
                }
            },
            "gripper_left": {
                "goal_is_valid": true,
                "goal": {
                    "target": [
                        1.0
                    ]
                },
                "vel_filter": {
                    "past_samples": [
                        [
                            -2.190470513596665e-05,
                            -8.046627044677734e-06
                        ],
                        [
                            3.7997957406332716e-05,
                            1.072883515007561e-05
                        ],
                        [
                            -5.3197141824057326e-05,
                            -4.738568895845674e-05
                        ],
                        [
                            6.571412086486816e-05,
                            4.1574236092856154e-05
                        ],
                        [
                            9.834765478444751e-06,
                            5.900859468965791e-05
                        ]
                    ],
                    "current_idx": 4,
                    "fully_filled": true
                }
            },
            "arm_right": {
                "goal_is_valid": true,
                "goal": {
                    "target_pos": [
                        0.5446262359619141,
                        -0.3968372344970703,
                        1.4439866542816162
                    ],
                    "target_ori_mat": [
                        [
                            0.0058501362800598145,
                            -3.82610596716404e-06,
                            0.9999827742576599
                        ],
                        [
                            -0.00466347299516201,
                            -0.9999889135360718,
                            2.3455824702978134e-05
                        ],
                        [
                            0.9999719262123108,
                            -0.004663530737161636,
                            -0.0058498382568359375
                        ]
                    ]
                },
                "control_filter": {
                    "past_samples": [
                        [
                            2.9611928766826168e-05,
                            1.9060078859329224,
                            -0.9910151362419128,
                            1.5710004568099976,
                            0.9149940609931946,
                            -1.571000337600708
                        ],
                        [
                            2.9280212402227335e-05,
                            1.9060136079788208,
                            -0.9910097122192383,
                            1.571000099182129,
                            0.9150050282478333,
                            -1.5709999799728394
                        ]
                    ],
                    "current_idx": 1,
                    "fully_filled": true
                }
            },
            "gripper_right": {
                "goal_is_valid": true,