{
    "agent.n.01_1": {
        "is_asleep": false,
        "root_link": {
            "pos": [
                -50.0,
                -50.0,
                -50.0
            ],
            "ori": [
                0.0,
                0.0,
                0.0,
                1.0
            ],
            "lin_vel": [
                0.0,
                0.0,
                0.0
            ],
            "ang_vel": [
                0.0,
                0.0,
                0.0
            ]
        },
        "joint_pos": [
            65.12828826904297,
            63.492069244384766,
            50.017791748046875,
            -0.00540924072265625,
            -0.008451615460216999,
            -2.602267026901245,
            -6.872515223221853e-05,
            -0.00026278101722709835,
            0.00011698076559696347,
            4.265306870365748e-06,
            -7.120560212570126e-07,
            2.9443857783917338e-05,
            1.9060089588165283,
            1.9060144424438477,
            -0.9910104870796204,
            -0.9910155534744263,
            1.570999264717102,
            1.5709995031356812,
            0.9149988889694214,
            0.9150004982948303,
            -1.5709984302520752,
            -1.571000337600708,
            0.05000000074505806,
            0.04999954253435135,
            0.04999978467822075,
            0.04999978840351105
        ],
        "joint_vel": [
            -1.8336942957830615e-05,
            1.8489918147679418e-06,
            -0.006385670974850655,
            -9.908078936859965e-06,
            -1.7286758520640433e-05,
            -3.10247196466662e-06,
            -0.00035615795059129596,
            -0.0012058927677571774,
            0.00020556490926537663,
            0.0005101533024571836,
            -3.994318831246346e-05,
            0.00020585235324688256,
            -0.0006211062427610159,
            0.00024635798763483763,
            0.0005676036234945059,
            7.321983139263466e-05,
            -0.00013089629646856338,
            0.00011907821317436174,
            5.1878920203307644e-05,
            0.00019058470206800848,
            6.994618161115795e-05,
            -4.710123539553024e-05,
            3.8169757317518815e-05,
            -3.648225174401887e-05,
            1.999662708840333e-05,
            4.1392868297407404e-05
        ],
        "controllers": {
            "base": {
                "goal_is_valid": true,
                "goal": {
                    "target": [
                        0.0,
                        0.0,
                        0.0
                    ]
                }
            },
            "trunk": {
                "goal_is_valid": true,
                "goal": {
                    "target": [
                        -7.041166099952534e-05,
                        -0.0002606968046166003,
                        0.00011165959585923702,
                        3.3035414617188508e-06
                    ]
                }
            },
            "arm_left": {
                "goal_is_valid": true,
                "goal": {
                    "target_pos": [
                        0.5446224212646484,
                        0.3968491554260254,
                        1.446784496307373
                    ],
                    "target_ori_mat": [
                        [
                            -0.00677800178527832,
                            4.6810368075966835e-05,
                            0.9999769926071167
                        ],
                        [
                            0.0031180917285382748,
                            -0.9999951124191284,
                            6.794615183025599e-05
                        ],
                        [
                            0.9999721050262451,
                            0.0031184805557131767,
                            0.0067778825759887695
                        ]
                    ]
                },
                "control_filter": {
                    "past_samples": [
                        [
                            -5.578300488195964e-08,
                            1.9060064554214478,
                            -0.9910064339637756,
                            1.5709997415542603,
                            0.9150010347366333,
                            -1.5709987878799438
                        ],
                        [
                            -8.193693474822794e-07,
                            1.9060053825378418,
                            -0.9910081028938293,
                            1.570999264717102,
                            0.9149988293647766,
                            -1.5709985494613647
                        ]
                    ],
                    "current_idx": 0,
                    "fully_filled": true
                }
            },
            "gripper_left": {
                "goal_is_valid": true,
                "goal": {
                    "target": [
                        1.0
                    ]
                },
                "vel_filter": {
                    "past_samples": [
                        [
                            2.1010635464335792e-05,
                            -5.4985281167319044e-05
                        ],
                        [
                            -2.592801865830552e-05,
                            5.4985281167319044e-05
                        ],
                        [
                            1.7434358596801758e-05,
                            -5.006789797334932e-05
                        ],
                        [
                            -1.7434358596801758e-05,
                            4.872679346590303e-05
                        ],
                        [
                            -2.592801865830552e-05,
                            5.3197141824057326e-05
                        ]
                    ],
                    "current_idx": 4,
                    "fully_filled": true
                }
            },
            "arm_right": {
                "goal_is_valid": true,
                "goal": {
                    "target_pos": [
                        0.5446262359619141,
                        -0.3968367576599121,
                        1.4439865350723267
                    ],
                    "target_ori_mat": [
                        [
                            0.005850315093994141,
                            -3.6617275327444077e-06,
                            0.9999828338623047
                        ],
                        [
                            -0.004663331434130669,
                            -0.9999890327453613,
                            2.362043596804142e-05
                        ],
                        [
                            0.9999719858169556,
                            -0.004663390107452869,
                            -0.00585019588470459
                        ]
                    ]
                },
                "control_filter": {
                    "past_samples": [
                        [
                            2.7447991669760086e-05,
                            1.906014323234558,
                            -0.9910157322883606,
                            1.5709998607635498,
                            0.9149986505508423,
                            -1.5709998607635498
                        ],
                        [
                            2.8518006729427725e-05,
                            1.9060180187225342,
                            -0.9910122752189636,
                            1.571000337600708,
                            0.9150051474571228,
                            -1.571000576019287
                        ]
                    ],
                    "current_idx": 0,
                    "fully_filled": true
                }
            },