{
    "agent.n.01_1": {
        "is_asleep": false,
        "root_link": {
            "pos": [
                -50.0,
                -50.0,
                -50.0
            ],
            "ori": [
                0.0,
                0.0,
                0.0,
                1.0
            ],
            "lin_vel": [
                0.0,
                0.0,
                0.0
            ],
            "ang_vel": [
                0.0,
                0.0,
                0.0
            ]
        },
        "joint_pos": [
            55.23590087890625,
            51.24091720581055,
            50.003780364990234,
            -0.0037428198847919703,
            -0.009390294551849365,
            -2.4322621822357178,
            -7.00343880453147e-05,
            -0.0002604182227514684,
            0.00011173421080457047,
            4.928204361931421e-06,
            -6.761752047168557e-06,
            3.410361387068406e-05,
            1.905996322631836,
            1.906004548072815,
            -0.9909985065460205,
            -0.9910038113594055,
            1.5709997415542603,
            1.5709999799728394,
            0.91499924659729,
            0.9150009155273438,
            -1.5709983110427856,
            -1.5709997415542603,
            0.04999992251396179,
            0.04999998211860657,
            0.049999937415122986,
            0.05000000074505806
        ],
        "joint_vel": [
            -4.062520383740775e-05,
            -0.00016268498438876122,
            -0.00017166827456094325,
            -0.00013137911446392536,
            -2.9766461011604406e-06,
            -0.00024500954896211624,
            9.459212014917284e-05,
            0.00018346462456975132,
            -3.628802005550824e-05,
            -0.0004568868316709995,
            2.4752311219344847e-05,
            -0.00013173979823477566,
            -0.00014372027362696826,
            3.774122887989506e-05,
            -9.859913552645594e-05,
            1.9668917957460508e-05,
            2.9000402719248086e-05,
            -0.00028190651210024953,
            0.0002585771435406059,
            -0.00019279681146144867,
            1.1946714948862791e-05,
            0.00018711085431277752,
            6.0564957493625116e-06,
            5.9903118199144956e-06,
            1.062322553480044e-05,
            1.3992485037306324e-06
        ],
        "controllers": {
            "base": {
                "goal_is_valid": true,
                "goal": {
                    "target": [
                        0.0,
                        0.0,
                        0.0
                    ]
                }
            },
            "trunk": {
                "goal_is_valid": true,
                "goal": {
                    "target": [
                        -7.043488585622981e-05,
                        -0.00026074235211126506,
                        0.00011166291369590908,
                        3.2912403185036965e-06
                    ]
                }
            },
            "arm_left": {
                "goal_is_valid": true,
                "goal": {
                    "target_pos": [
                        0.5446209907531738,
                        0.3968489170074463,
                        1.446784496307373
                    ],
                    "target_ori_mat": [
                        [
                            -0.00677800178527832,
                            4.668172914534807e-05,
                            0.9999769330024719
                        ],
                        [
                            0.0031179431825876236,
                            -0.9999949932098389,
                            6.781669799238443e-05
                        ],
                        [
                            0.9999720454216003,
                            0.0031183315441012383,
                            0.006778061389923096
                        ]
                    ]
                },
                "control_filter": {
                    "past_samples": [
                        [
                            -7.0944624894764274e-06,
                            1.9059983491897583,
                            -0.9910005927085876,
                            1.5709997415542603,
                            0.9149996638298035,
                            -1.570999026298523
                        ],
                        [
                            -6.591395958821522e-06,
                            1.9059950113296509,
                            -0.9909981489181519,
                            1.5709997415542603,
                            0.9149986505508423,
                            -1.5709989070892334
                        ]
                    ],
                    "current_idx": 0,
                    "fully_filled": true
                }
            },
            "gripper_left": {
                "goal_is_valid": true,
                "goal": {
                    "target": [
                        1.0
                    ]
                },
                "vel_filter": {
                    "past_samples": [
                        [
                            1.296400932915276e-05,
                            4.917382739222376e-06
                        ],
                        [
                            -1.5199183508229908e-05,
                            -3.576278459149762e-06
                        ],
                        [
                            1.0281800314260181e-05,
                            -8.940696147874405e-07
                        ],
                        [
                            -1.162290482170647e-05,
                            2.235173951703473e-06
                        ],
                        [
                            -1.20699396575219e-05,
                            -3.1292436233343324e-06
                        ]
                    ],
                    "current_idx": 2,
                    "fully_filled": true
                }
            },
            "arm_right": {
                "goal_is_valid": true,
                "goal": {
                    "target_pos": [
                        0.5446252822875977,
                        -0.3968369960784912,
                        1.4439866542816162
                    ],
                    "target_ori_mat": [
                        [
                            0.005850017070770264,
                            -3.7478748708963394e-06,
                            0.9999829530715942
                        ],
                        [
                            -0.004663475789129734,
                            -0.9999891519546509,
                            2.3534055799245834e-05
                        ],
                        [
                            0.9999721050262451,
                            -0.0046635339967906475,
                            -0.005849957466125488
                        ]
                    ]
                },
                "control_filter": {
                    "past_samples": [
                        [
                            3.4275602956768125e-05,
                            1.9060046672821045,
                            -0.9910033345222473,
                            1.5709995031356812,
                            0.9150009751319885,
                            -1.5709997415542603
                        ],
                        [
                            3.363646101206541e-05,
                            1.9060046672821045,
                            -0.9910033345222473,
                            1.570999264717102,
                            0.9150004982948303,
                            -1.5709993839263916
                        ]
                    ],
                    "current_idx": 0,
                    "fully_filled": true
                }
            },