{
    "half__apple.n.01_1": {
        "is_asleep": true,
        "root_link": {
            "pos": [
                4.063512325286865,
                -1.6506646871566772,
                0.9420380592346191
            ],
            "ori": [
                2.409331500530243e-05,
                -8.33350932225585e-05,
                -0.40603089332580566,
                0.9138595461845398
            ],
            "lin_vel": [
                0.0,
                0.0,
                0.0
            ],
            "ang_vel": [
                0.0,
                0.0,
                0.0
            ]
        },
        "non_kin": {
            "Temperature": {
                "temperature": 23.0
            },
            "MaxTemperature": {
                "max_temperature": 23.0
            }
        }
    },
    "half__apple.n.01_2": {
        "is_asleep": true,
        "root_link": {
            "pos": [
                4.464095592498779,
                -1.8115214109420776,
                0.9421088695526123
            ],
            "ori": [
                2.2922642529010773e-05,
                -7.79962501837872e-05,
                -0.38235101103782654,
                0.9240174293518066
            ],
            "lin_vel": [
                0.0,
                0.0,
                0.0
            ],
            "ang_vel": [
                0.0,
                0.0,
                0.0
            ]
        },
        "non_kin": {
            "Temperature": {
                "temperature": 23.0
            },
            "MaxTemperature": {
                "max_temperature": 23.0
            }
        }
    },
    "chopping_board.n.01_1": {
        "is_asleep": true,
        "root_link": {
            "pos": [
                4.271332740783691,
                -1.6780298948287964,
                0.907532274723053
            ],
            "ori": [
                -5.366717232391238e-05,
                3.2706975616747513e-05,
                0.9996675848960876,
                -0.0257859043776989
            ],
            "lin_vel": [
                0.0,
                0.0,
                0.0
            ],
            "ang_vel": [
                0.0,
                0.0,
                0.0
            ]
        },
        "non_kin": {}
    },
    "countertop.n.01_1": {
        "is_asleep": false,
        "root_link": {
            "pos": [
                4.181293964385986,
                -0.49523472785949707,
                0.8694858551025391
            ],
            "ori": [
                8.736822820765155e-08,
                3.0509774706644066e-09,
                0.03489910811185837,
                0.9993908405303955
            ]
        },
        "non_kin": {}
    },
    "packing_box.n.02_1": {
        "is_asleep": true,
        "root_link": {
            "pos": [
                4.3065104484558105,
                0.2872133255004883,
                0.9301894307136536
            ],
            "ori": [
                -5.106630851514637e-07,
                1.1761835594370496e-06,
                -0.10039480775594711,
                0.994948148727417
            ],
            "lin_vel": [
                0.0,
                0.0,
                0.0
            ],
            "ang_vel": [
                0.0,
                0.0,
                0.0
            ]
        },
        "non_kin": {
            "Temperature": {
                "temperature": 23.0
            }
        }
    },
    "club_sandwich.n.01_1": {
        "is_asleep": true,
        "root_link": {
            "pos": [
                4.355872631072998,
                -1.4213201999664307,
                0.9556024074554443
            ],
            "ori": [
                0.00028704010765068233,
                -0.005229422822594643,
                -0.6252570152282715,
                0.780401349067688
            ],
            "lin_vel": [
                0.0,
                0.0,
                0.0
            ],
            "ang_vel": [
                0.0,
                0.0,
                0.0
            ]
        },
        "non_kin": {
            "Temperature": {
                "temperature": 23.0
            },
            "MaxTemperature": {
                "max_temperature": 23.0
            }
        }
    },
    "bottle__of__tea.n.01_1": {
        "is_asleep": true,
        "root_link": {
            "pos": [
                7.7230753898620605,
                -1.8345918655395508,
                0.5705957412719727
            ],
            "ori": [
                0.00034093798603862524,
                0.00012503935431595892,
                -0.06497843563556671,
                0.9978867173194885
            ],
            "lin_vel": [
                0.0,
                0.0,
                0.0
            ],
            "ang_vel": [
                0.0,
                0.0,
                0.0
            ]
        },
        "non_kin": {}
    },
    "electric_refrigerator.n.01_1": {
        "is_asleep": true,
        "root_link": {
            "pos": [
                7.81859016418457,
                -1.9658963680267334,
                0.9844353795051575
            ],
            "ori": [
                0.0006650169380009174,
                0.007770730648189783,
                0.6905919313430786,
                0.723203182220459
            ],
            "lin_vel": [
                0.0,
                0.0,
                0.0
            ],
            "ang_vel": [
                0.0,
                0.0,
                0.0
            ]
        },
        "joint_pos": [
            -1.946514106928004e-21
        ],
        "joint_vel": [
            -1.7769492303277007e-20
        ],
        "non_kin": {
            "Temperature": {
                "temperature": 23.0
            }
        }
    },
    "chocolate_chip_cookie.n.01_1": {
        "is_asleep": true,
        "root_link": {
            "pos": [
                4.413711071014404,
                -1.6112120151519775,
                0.9452822208404541
            ],
            "ori": [
                -2.31909507419914e-05,
                -7.905458915047348e-05,
                0.17873592674732208,
                0.9838971495628357
            ],
            "lin_vel": [
                0.0,
                0.0,
                0.0
            ],
            "ang_vel": [
                0.0,
                0.0,
                0.0
            ]
        },
        "non_kin": {
            "Temperature": {
                "temperature": 23.0
            },
            "MaxTemperature": {
                "max_temperature": 23.0
            }
        }
    },
    "floor.n.01_1": {
        "is_asleep": false,
        "root_link": {
            "pos": [
                6.593125820159912,
                -0.258637011051178,
                -0.13868464529514313
            ],
            "ori": [
                0.0,
                0.0,
                0.0,
                1.0
            ]
        },
        "non_kin": {}
    },
    "robot_poses": {
        "R1Pro": [
            {
                "position": [
                    7.089443206787109,
                    -0.8686103820800781,
                    0.003780364990234375
                ],
                "orientation": [
                    0.0,
                    0.0,
                    -0.6994742751121521,
                    0.7146577835083008
                ]
            }
        ],
        "Fetch": [
            {
                "position": [
                    8.567996978759766,
                    1.3608535528182983,
                    0.001308351755142212
                ],
                "orientation": [
                    0.00274774432182312,
                    -0.0010930784046649933,
                    0.929231584072113,
                    0.36948633193969727
                ]
            }
        ],