{
    "agent.n.01_1": {
        "is_asleep": false,
        "root_link": {
            "pos": [
                -50.0,
                -50.0,
                -50.0
            ],
            "ori": [
                0.0,
                0.0,
                0.0,
                1.0
            ],
            "lin_vel": [
                0.0,
                0.0,
                0.0
            ],
            "ang_vel": [
                0.0,
                0.0,
                0.0
            ]
        },
        "joint_pos": [
            55.240970611572266,
            49.62001037597656,
            50.003780364990234,
            -0.008783480152487755,
            -0.005003220401704311,
            -3.1060431003570557,
            -7.148997974582016e-05,
            -0.00025998763157986104,
            0.00011028023436665535,
            3.828736680588918e-06,
            -5.779786533821607e-06,
            3.5084634873783216e-05,
            1.9060032367706299,
            1.9060064554214478,
            -0.99100261926651,
            -0.9910088777542114,
            1.5710020065307617,
            1.5710006952285767,
            0.9150004386901855,
            0.9149984121322632,
            -1.5709998607635498,
            -1.5709999799728394,
            0.04999993368983269,
            0.04999997466802597,
            0.049999892711639404,
            0.04999997094273567
        ],
        "joint_vel": [
            -0.0011411011219024658,
            -0.0002945198502857238,
            -0.0005442977417260408,
            -0.00014689500676468015,
            0.001319156028330326,
            0.00023093773052096367,
            0.0012146523222327232,
            -0.00026014226023107767,
            0.00034940545447170734,
            0.0009024211904034019,
            0.00022087438264861703,
            0.0006712835165672004,
            -0.0015099563170224428,
            0.0013497560285031796,
            -0.0001210225818795152,
            0.0002549003402236849,
            5.414704355644062e-05,
            0.0011028589215129614,
            -0.0007175409118644893,
            0.0006759336683899164,
            -0.00023346158559434116,
            -0.0008722336497157812,
            2.379690886300523e-05,
            -4.780535164172761e-06,
            3.388250661373604e-06,
            9.971972758648917e-06
        ],
        "controllers": {
            "base": {
                "goal_is_valid": true,
                "goal": {
                    "target": [
                        0.0,
                        0.0,
                        0.0
                    ]
                }
            },
            "trunk": {
                "goal_is_valid": true,
                "goal": {
                    "target": [
                        -7.034275768091902e-05,
                        -0.0002605501504149288,
                        0.00011164482566528022,
                        3.319099505461054e-06
                    ]
                }
            },
            "arm_left": {
                "goal_is_valid": true,
                "goal": {
                    "target_pos": [
                        0.5446219444274902,
                        0.39684802293777466,
                        1.4467837810516357
                    ],
                    "target_ori_mat": [
                        [
                            -0.006777644157409668,
                            4.625937435775995e-05,
                            0.9999771118164062
                        ],
                        [
                            0.003117547370493412,
                            -0.999995231628418,
                            6.739015225321054e-05
                        ],
                        [
                            0.9999722242355347,
                            0.0031179324723780155,
                            0.006777346134185791
                        ]
                    ]
                },
                "control_filter": {
                    "past_samples": [
                        [
                            -5.731757937610382e-06,
                            1.9060038328170776,
                            -0.9910040497779846,
                            1.5710023641586304,
                            0.9150004982948303,
                            -1.5710004568099976
                        ],
                        [
                            -5.941207291471073e-06,
                            1.9060028791427612,
                            -0.99100261926651,
                            1.571001648902893,
                            0.915000855922699,
                            -1.571000099182129
                        ]
                    ],
                    "current_idx": 0,
                    "fully_filled": true
                }
            },
            "gripper_left": {
                "goal_is_valid": true,
                "goal": {
                    "target": [
                        1.0
                    ]
                },
                "vel_filter": {
                    "past_samples": [
                        [
                            -3.576278459149762e-06,
                            2.235173951703473e-06
                        ],
                        [
                            -2.6822087875189027e-06,
                            0.0
                        ],
                        [
                            3.1292436233343324e-06,
                            -4.4703480739372026e-07
                        ],
                        [
                            -2.6822087875189027e-06,
                            -8.940696147874405e-07
                        ],
                        [
                            3.1292436233343324e-06,
                            -1.788139229574881e-06
                        ]
                    ],
                    "current_idx": 3,
                    "fully_filled": true
                }
            },
            "arm_right": {
                "goal_is_valid": true,
                "goal": {
                    "target_pos": [
                        0.5446262359619141,
                        -0.3968374729156494,
                        1.4439862966537476
                    ],
                    "target_ori_mat": [
                        [
                            0.0058501362800598145,
                            -3.8603320717811584e-06,
                            0.9999827742576599
                        ],
                        [
                            -0.0046629528515040874,
                            -0.9999889135360718,
                            2.341880463063717e-05
                        ],
                        [
                            0.9999719262123108,
                            -0.004663010127842426,
                            -0.0058498382568359375
                        ]
                    ]
                },
                "control_filter": {
                    "past_samples": [
                        [
                            3.55367774318438e-05,
                            1.9060076475143433,
                            -0.9910099506378174,
                            1.571000576019287,
                            0.914997935295105,
                            -1.5710004568099976
                        ],
                        [
                            3.5310898965690285e-05,
                            1.9060064554214478,
                            -0.9910081624984741,
                            1.571000576019287,
                            0.9149985909461975,
                            -1.5710004568099976
                        ]
                    ],
                    "current_idx": 0,
                    "fully_filled": true
                }
            },
            "gripper_right": {
                "goal_is_valid": true,