{
    "half__apple.n.01_1": {
        "is_asleep": false,
        "root_link": {
            "pos": [
                4.401784420013428,
                0.11008314043283463,
                0.9308103919029236
            ],
            "ori": [
                5.4982490837574005e-05,
                6.955329445190728e-05,
                0.9912034273147583,
                0.13234907388687134
            ],
            "lin_vel": [
                -7.330653897952288e-05,
                7.900356285972521e-05,
                8.754746886552311e-06
            ],
            "ang_vel": [
                -9.681854862719774e-05,
                -0.0003627004043664783,
                1.0878070497710723e-05
            ]
        },
        "non_kin": {
            "Temperature": {
                "temperature": 23.0
            },
            "MaxTemperature": {
                "max_temperature": 23.0
            }
        }
    },
    "half__apple.n.01_2": {
        "is_asleep": false,
        "root_link": {
            "pos": [
                4.302460193634033,
                0.38529860973358154,
                0.9248352646827698
            ],
            "ori": [
                -8.859671652317047e-05,
                -1.2406439054757357e-05,
                -0.8179622292518616,
                0.5752721428871155
            ],
            "lin_vel": [
                -5.7975397794507444e-05,
                3.007472878380213e-05,
                2.0995104932808317e-05
            ],
            "ang_vel": [
                0.0003662960371002555,
                -0.0005618318682536483,
                8.962292486103252e-05
            ]
        },
        "non_kin": {
            "Temperature": {
                "temperature": 23.0
            },
            "MaxTemperature": {
                "max_temperature": 23.0
            }
        }
    },
    "chopping_board.n.01_1": {
        "is_asleep": false,
        "root_link": {
            "pos": [
                4.304548740386963,
                0.23117436468601227,
                0.9018502235412598
            ],
            "ori": [
                6.3874394982121885e-06,
                6.392634531948715e-05,
                0.4596399962902069,
                0.8881055116653442
            ],
            "lin_vel": [
                -2.2126836483948864e-05,
                1.0860661859624088e-05,
                1.240202891494846e-06
            ],
            "ang_vel": [
                -0.00012356106890365481,
                0.0001034894012263976,
                -2.5111767172347754e-06
            ]
        },
        "non_kin": {}
    },
    "countertop.n.01_1": {
        "is_asleep": false,
        "root_link": {
            "pos": [
                4.181293487548828,
                -0.49523475766181946,
                0.8694858551025391
            ],
            "ori": [
                8.736821399679684e-08,
                3.050976582485987e-09,
                0.03489910811185837,
                0.9993908405303955
            ]
        },
        "non_kin": {}
    },
    "packing_box.n.02_1": {
        "is_asleep": true,
        "root_link": {
            "pos": [
                4.320219993591309,
                -1.8918792009353638,
                0.9301891922950745
            ],
            "ori": [
                -2.1953601390123367e-06,
                -1.5997848095139489e-06,
                0.9977696537971497,
                -0.06675742566585541
            ],
            "lin_vel": [
                0.0,
                0.0,
                0.0
            ],
            "ang_vel": [
                0.0,
                0.0,
                0.0
            ]
        },
        "non_kin": {
            "Temperature": {
                "temperature": 23.0
            }
        }
    },
    "club_sandwich.n.01_1": {
        "is_asleep": false,
        "root_link": {
            "pos": [
                4.391759872436523,
                0.25311458110809326,
                0.9444497227668762
            ],
            "ori": [
                -6.630152347497642e-05,
                -1.3227894669398665e-05,
                -0.3910508155822754,
                0.9203692674636841
            ],
            "lin_vel": [
                0.0001802638143999502,
                2.879739440686535e-06,
                9.615555609343573e-05
            ],
            "ang_vel": [
                0.0006870688521303236,
                0.005233419127762318,
                2.4919503630371764e-05
            ]
        },
        "non_kin": {
            "Temperature": {
                "temperature": 23.0
            },
            "MaxTemperature": {
                "max_temperature": 23.0
            }
        }
    },
    "bottle__of__tea.n.01_1": {
        "is_asleep": true,
        "root_link": {
            "pos": [
                7.935381889343262,
                -1.8197976350784302,
                0.570746660232544
            ],
            "ori": [
                0.0008721073972992599,
                -0.00024659643531776965,
                -0.801602840423584,
                0.5978564023971558
            ],
            "lin_vel": [
                0.0,
                0.0,
                0.0
            ],
            "ang_vel": [
                0.0,
                0.0,
                0.0
            ]
        },
        "non_kin": {}
    },
    "electric_refrigerator.n.01_1": {
        "is_asleep": true,
        "root_link": {
            "pos": [
                7.81859016418457,
                -1.9658963680267334,
                0.9844354391098022
            ],
            "ori": [
                0.0006650183349847794,
                0.007770732510834932,
                0.6905922293663025,
                0.7232035398483276
            ],
            "lin_vel": [
                0.0,
                0.0,
                0.0
            ],
            "ang_vel": [
                0.0,
                0.0,
                0.0
            ]
        },
        "joint_pos": [
            -1.69948033283945e-21
        ],
        "joint_vel": [
            -4.0736990807011507e-20
        ],
        "non_kin": {
            "Temperature": {
                "temperature": 23.0
            }
        }
    },
    "chocolate_chip_cookie.n.01_1": {
        "is_asleep": false,
        "root_link": {
            "pos": [
                4.238943099975586,
                0.20502546429634094,
                0.9340038299560547
            ],
            "ori": [
                2.8734211809933186e-05,
                7.929914863780141e-05,
                0.9102679491043091,
                0.4140198826789856
            ],
            "lin_vel": [
                -4.404609717312269e-05,
                3.33634416165296e-05,
                1.975262966880109e-05
            ],
            "ang_vel": [
                -2.613250762806274e-05,
                -1.7485410353401676e-05,
                0.0002571028599049896
            ]
        },
        "non_kin": {
            "Temperature": {
                "temperature": 23.0
            },
            "MaxTemperature": {
                "max_temperature": 23.0
            }
        }
    },
    "floor.n.01_1": {
        "is_asleep": false,
        "root_link": {
            "pos": [
                6.593125820159912,
                -0.258637011051178,
                -0.13868464529514313
            ],
            "ori": [
                0.0,
                0.0,
                0.0,
                1.0
            ]
        },
        "non_kin": {}
    },
    "robot_poses": {
        "R1Pro": [
            {
                "position": [
                    5.304798126220703,
                    -0.8886528015136719,
                    0.003780364990234375
                ],