{
    "half__apple.n.01_1": {
        "is_asleep": true,
        "root_link": {
            "pos": [
                4.339498043060303,
                -1.4396774768829346,
                0.9420812129974365
            ],
            "ori": [
                0.00017016311176121235,
                -0.0009933061664924026,
                -0.05821828171610832,
                0.9983034729957581
            ],
            "lin_vel": [
                0.0,
                0.0,
                0.0
            ],
            "ang_vel": [
                0.0,
                0.0,
                0.0
            ]
        },
        "non_kin": {
            "Temperature": {
                "temperature": 23.0
            },
            "MaxTemperature": {
                "max_temperature": 23.0
            }
        }
    },
    "half__apple.n.01_2": {
        "is_asleep": true,
        "root_link": {
            "pos": [
                4.058045864105225,
                -1.4791101217269897,
                0.9420472383499146
            ],
            "ori": [
                -8.855480700731277e-05,
                -7.54848588258028e-06,
                0.9970410466194153,
                0.07687309384346008
            ],
            "lin_vel": [
                0.0,
                0.0,
                0.0
            ],
            "ang_vel": [
                0.0,
                0.0,
                0.0
            ]
        },
        "non_kin": {
            "Temperature": {
                "temperature": 23.0
            },
            "MaxTemperature": {
                "max_temperature": 23.0
            }
        }
    },
    "chopping_board.n.01_1": {
        "is_asleep": true,
        "root_link": {
            "pos": [
                4.218557357788086,
                -1.7520791292190552,
                0.9075318574905396
            ],
            "ori": [
                -5.605492333415896e-05,
                2.8424410629668273e-05,
                0.9947944283485413,
                -0.10190287977457047
            ],
            "lin_vel": [
                0.0,
                0.0,
                0.0
            ],
            "ang_vel": [
                0.0,
                0.0,
                0.0
            ]
        },
        "non_kin": {}
    },
    "countertop.n.01_1": {
        "is_asleep": false,
        "root_link": {
            "pos": [
                4.181293487548828,
                -0.49523475766181946,
                0.8694858551025391
            ],
            "ori": [
                8.736822820765155e-08,
                3.0509774706644066e-09,
                0.03489910811185837,
                0.9993908405303955
            ]
        },
        "non_kin": {}
    },
    "packing_box.n.02_1": {
        "is_asleep": true,
        "root_link": {
            "pos": [
                4.283663272857666,
                0.29671627283096313,
                0.9301894307136536
            ],
            "ori": [
                -5.672263796441257e-07,
                1.7907391338667367e-06,
                -0.2449914962053299,
                0.9695261716842651
            ],
            "lin_vel": [
                0.0,
                0.0,
                0.0
            ],
            "ang_vel": [
                0.0,
                0.0,
                0.0
            ]
        },
        "non_kin": {
            "Temperature": {
                "temperature": 23.0
            }
        }
    },
    "club_sandwich.n.01_1": {
        "is_asleep": true,
        "root_link": {
            "pos": [
                4.05014181137085,
                -1.7412118911743164,
                0.9557003378868103
            ],
            "ori": [
                5.920944386161864e-05,
                -0.00013056350871920586,
                -0.6044350266456604,
                0.7966545224189758
            ],
            "lin_vel": [
                0.0,
                0.0,
                0.0
            ],
            "ang_vel": [
                0.0,
                0.0,
                0.0
            ]
        },
        "non_kin": {
            "Temperature": {
                "temperature": 23.0
            },
            "MaxTemperature": {
                "max_temperature": 23.0
            }
        }
    },
    "bottle__of__tea.n.01_1": {
        "is_asleep": true,
        "root_link": {
            "pos": [
                7.886661529541016,
                -1.8523529767990112,
                1.3801240921020508
            ],
            "ori": [
                0.01880776509642601,
                -0.01005238015204668,
                0.4825144410133362,
                0.8756284713745117
            ],
            "lin_vel": [
                0.0,
                0.0,
                0.0
            ],
            "ang_vel": [
                0.0,
                0.0,
                0.0
            ]
        },
        "non_kin": {}
    },
    "electric_refrigerator.n.01_1": {
        "is_asleep": true,
        "root_link": {
            "pos": [
                7.81859016418457,
                -1.9658963680267334,
                0.984435498714447
            ],
            "ori": [
                0.0006650164723396301,
                0.00777073111385107,
                0.6905920505523682,
                0.7232033014297485
            ],
            "lin_vel": [
                0.0,
                0.0,
                0.0
            ],
            "ang_vel": [
                0.0,
                0.0,
                0.0
            ]
        },
        "joint_pos": [
            -2.404886671020496e-21
        ],
        "joint_vel": [
            -6.976085990819325e-29
        ],
        "non_kin": {
            "Temperature": {
                "temperature": 23.0
            }
        }
    },
    "chocolate_chip_cookie.n.01_1": {
        "is_asleep": true,
        "root_link": {
            "pos": [
                4.269748210906982,
                -1.6856780052185059,
                0.9452685713768005
            ],
            "ori": [
                4.3427105993032455e-05,
                -7.045662641758099e-05,
                -0.4852396547794342,
                0.8743813037872314
            ],
            "lin_vel": [
                0.0,
                0.0,
                0.0
            ],
            "ang_vel": [
                0.0,
                0.0,
                0.0
            ]
        },
        "non_kin": {
            "Temperature": {
                "temperature": 23.0
            },
            "MaxTemperature": {
                "max_temperature": 23.0
            }
        }
    },
    "floor.n.01_1": {
        "is_asleep": false,
        "root_link": {
            "pos": [
                6.593125820159912,
                -0.258637011051178,
                -0.13868464529514313
            ],
            "ori": [
                0.0,
                0.0,
                0.0,
                1.0
            ]
        },
        "non_kin": {}
    },
    "robot_poses": {
        "R1Pro": [
            {
                "position": [
                    6.9404144287109375,
                    -0.8238258361816406,
                    0.003780364990234375
                ],
                "orientation": [
                    0.0,
                    0.0,
                    -0.6202829480171204,
                    0.7843781113624573
                ]
            }
        ],
        "Fetch": [
            {
                "position": [
                    5.321791648864746,
                    1.3359591960906982,
                    0.0013086497783660889
                ],
                "orientation": [
                    -0.002341359853744507,
                    -0.0017995703965425491,
                    -0.7927736639976501,
                    0.6095089912414551
                ]
            }
        ],