{
    "half__chicken.n.01_1": {
        "is_asleep": false,
        "root_link": {
            "pos": [
                4.560027122497559,
                1.8537282943725586,
                0.7563933730125427
            ],
            "ori": [
                -0.07680321484804153,
                0.05251943692564964,
                -0.4336947798728943,
                0.8962432146072388
            ],
            "lin_vel": [
                0.002091288333758712,
                0.0014786405954509974,
                -0.00035989750176668167
            ],
            "ang_vel": [
                -0.025111984461545944,
                0.028089242056012154,
                0.002296841237694025
            ]
        },
        "non_kin": {
            "Temperature": {
                "temperature": 23.0
            },
            "MaxTemperature": {
                "max_temperature": 23.0
            }
        }
    },
    "half__apple_pie.n.01_1": {
        "is_asleep": false,
        "root_link": {
            "pos": [
                4.076920509338379,
                1.2368957996368408,
                0.7116710543632507
            ],
            "ori": [
                0.003663951065391302,
                -0.013905913569033146,
                0.4067172706127167,
                0.9134408831596375
            ],
            "lin_vel": [
                -0.0001500724465586245,
                -5.89907358516939e-05,
                -9.65939907473512e-05
            ],
            "ang_vel": [
                -0.002340376842767,
                -0.002023998647928238,
                0.00048563419841229916
            ]
        },
        "non_kin": {
            "Temperature": {
                "temperature": 23.0
            },
            "MaxTemperature": {
                "max_temperature": 23.0
            }
        }
    },
    "plate.n.04_1": {
        "is_asleep": false,
        "root_link": {
            "pos": [
                4.549767017364502,
                1.847845196723938,
                0.6951456069946289
            ],
            "ori": [
                -0.0001009907791740261,
                1.342986615782138e-05,
                0.8101426362991333,
                0.5862332582473755
            ],
            "lin_vel": [
                0.00032985935104079545,
                8.162029553204775e-05,
                -3.944047057302669e-05
            ],
            "ang_vel": [
                -0.014150619506835938,
                0.01153490412980318,
                0.00033245523809455335
            ]
        },
        "non_kin": {
            "Temperature": {
                "temperature": 23.0
            }
        }
    },
    "plate.n.04_2": {
        "is_asleep": false,
        "root_link": {
            "pos": [
                4.084395408630371,
                1.2457020282745361,
                0.6951451897621155
            ],
            "ori": [
                -2.7294121537124738e-05,
                -8.919474203139544e-05,
                0.5718322992324829,
                0.8203709125518799
            ],
            "lin_vel": [
                -3.556631054379977e-05,
                -7.195494254119694e-05,
                -1.2241727745276876e-05
            ],
            "ang_vel": [
                0.00043629194260574877,
                -0.005477155093103647,
                -0.00013406359357759356
            ]
        },
        "non_kin": {
            "Temperature": {
                "temperature": 23.0
            }
        }
    },
    "breakfast_table.n.01_1": {
        "is_asleep": false,
        "root_link": {
            "pos": [
                4.291138172149658,
                1.4381649494171143,
                0.6256135702133179
            ],
            "ori": [
                3.4974352729477687e-06,
                2.1712397938244976e-05,
                2.7625064902281338e-08,
                1.0
            ],
            "lin_vel": [
                2.2394331608666107e-05,
                -2.0718782252515666e-05,
                -4.020067353849299e-05
            ],
            "ang_vel": [
                1.824572973418981e-05,
                -9.149325705948286e-06,
                -2.031364965660032e-05
            ]
        },
        "non_kin": {}
    },
    "tupperware.n.01_1": {
        "is_asleep": true,
        "root_link": {
            "pos": [
                8.11487865447998,
                -0.5076474547386169,
                0.9532850980758667
            ],
            "ori": [
                2.3189932107925415e-07,
                1.0811258107423782e-05,
                0.09418119490146637,
                0.9955559372901917
            ],
            "lin_vel": [
                0.0,
                0.0,
                0.0
            ],
            "ang_vel": [
                0.0,
                0.0,
                0.0
            ]
        },
        "non_kin": {
            "Temperature": {
                "temperature": 23.0
            }
        }
    },
    "tupperware.n.01_2": {
        "is_asleep": true,
        "root_link": {
            "pos": [
                7.940230369567871,
                1.0837695598602295,
                0.9531773924827576
            ],
            "ori": [
                -5.89713454246521e-06,
                7.299706339836121e-06,
                0.9206373691558838,
                -0.3904213309288025
            ],
            "lin_vel": [
                0.0,
                0.0,
                0.0
            ],
            "ang_vel": [
                0.0,
                0.0,
                0.0
            ]
        },
        "non_kin": {
            "Temperature": {
                "temperature": 23.0
            }
        }
    },
    "countertop.n.01_1": {
        "is_asleep": false,
        "root_link": {
            "pos": [
                8.151969909667969,
                0.15750814974308014,
                0.4490511119365692
            ],
            "ori": [
                1.3114304072894952e-15,
                4.177641343972027e-09,
                1.0,
                3.1391647326017846e-07
            ]
        },
        "non_kin": {}
    },
    "electric_refrigerator.n.01_1": {
        "is_asleep": true,
        "root_link": {
            "pos": [
                5.201407432556152,
                -0.5687668323516846,
                0.9560030698776245
            ],
            "ori": [
                -2.1984800696372986e-05,
                1.0648800525814295e-06,
                0.7071040868759155,
                0.7071110010147095
            ],
            "lin_vel": [
                0.0,
                0.0,
                0.0
            ],
            "ang_vel": [
                0.0,
                0.0,
                0.0
            ]
        },
        "joint_pos": [
            1.590796383510451e-10,
            2.101188112391128e-10
        ],
        "joint_vel": [
            5.335150944212616e-15,
            -8.916547487947753e-16
        ],
        "non_kin": {
            "Temperature": {
                "temperature": 23.0
            }
        }
    },
    "floor.n.01_1": {
        "is_asleep": false,
        "root_link": {
            "pos": [
                4.8314337730407715,
                1.1399084329605103,
                -0.15000006556510925
            ],
            "ori": [
                0.0,
                0.0,
                0.0,
                1.0
            ]
        },
        "non_kin": {}
    },
    "robot_poses": {
        "R1Pro": [
            {
                "position": [
                    1.5313568115234375,
                    3.105213165283203,
                    0.003765106201171875
                ],
                "orientation": [
                    0.0,
                    0.0,
                    -0.6733191609382629,
                    0.7393519282341003
                ]
            }
        ],