{
    "agent.n.01_1": {
        "is_asleep": false,
        "root_link": {
            "pos": [
                -50.0,
                -50.0,
                -50.0
            ],
            "ori": [
                0.0,
                0.0,
                0.0,
                1.0
            ],
            "lin_vel": [
                0.0,
                0.0,
                0.0
            ],
            "ang_vel": [
                0.0,
                0.0,
                0.0
            ]
        },
        "joint_pos": [
            56.07481002807617,
            52.488582611083984,
            50.00376510620117,
            0.0031465375795960426,
            0.009606151841580868,
            0.7720589637756348,
            -7.068713603075594e-05,
            -0.0002600295119918883,
            0.00011076094233430922,
            4.23305118602002e-06,
            -8.083571628958452e-06,
            3.508972440613434e-05,
            1.9059991836547852,
            1.9060016870498657,
            -0.9909971952438354,
            -0.9910035133361816,
            1.5709985494613647,
            1.571000576019287,
            0.9150028824806213,
            0.9149991273880005,
            -1.5709969997406006,
            -1.5709996223449707,
            0.049999844282865524,
            0.04999988153576851,
            0.0499999038875103,
            0.05000000074505806
        ],
        "joint_vel": [
            -9.919533113134094e-06,
            0.00017123798897955567,
            -0.0008140365243889391,
            0.0002590928925201297,
            -0.00020455170306377113,
            -0.0003513178089633584,
            0.0002379903889959678,
            2.916941957664676e-05,
            -7.850676774978638e-05,
            -0.00019384134793654084,
            0.00030081611475907266,
            0.00023749383399263024,
            -0.00032056408235803246,
            0.00045598531141877174,
            -0.00019873271230608225,
            5.912045162403956e-05,
            0.0005335405003279448,
            0.0006120394100435078,
            -0.0005089201731607318,
            0.0004054856253787875,
            -0.000521178066264838,
            -0.0005548626068048179,
            2.5291443307651207e-05,
            4.410896508488804e-06,
            2.1478831513377372e-06,
            1.9488845282467082e-05
        ],
        "controllers": {
            "base": {
                "goal_is_valid": true,
                "goal": {
                    "target": [
                        0.0,
                        0.0,
                        0.0
                    ]
                }
            },
            "trunk": {
                "goal_is_valid": true,
                "goal": {
                    "target": [
                        -7.043706864351407e-05,
                        -0.00026074665947817266,
                        0.00011166349577251822,
                        3.2863504202396143e-06
                    ]
                }
            },
            "arm_left": {
                "goal_is_valid": true,
                "goal": {
                    "target_pos": [
                        0.5446200370788574,
                        0.3968486785888672,
                        1.4467848539352417
                    ],
                    "target_ori_mat": [
                        [
                            -0.0067784786224365234,
                            4.701258148998022e-05,
                            0.9999769926071167
                        ],
                        [
                            0.0031173587776720524,
                            -0.9999951124191284,
                            6.814498919993639e-05
                        ],
                        [
                            0.9999721050262451,
                            0.0031177490018308163,
                            0.006778359413146973
                        ]
                    ]
                },
                "control_filter": {
                    "past_samples": [
                        [
                            -8.193515895982273e-06,
                            1.9059998989105225,
                            -0.9909976124763489,
                            1.570999026298523,
                            0.9150035381317139,
                            -1.5709975957870483
                        ],
                        [
                            -7.334207111853175e-06,
                            1.9060009717941284,
                            -0.9910001158714294,
                            1.571000099182129,
                            0.9150020480155945,
                            -1.5709984302520752
                        ]
                    ],
                    "current_idx": 0,
                    "fully_filled": true
                }
            },
            "gripper_left": {
                "goal_is_valid": true,
                "goal": {
                    "target": [
                        1.0
                    ]
                },
                "vel_filter": {
                    "past_samples": [
                        [
                            3.576278459149762e-06,
                            -1.162290482170647e-05
                        ],
                        [
                            -1.3411043937594513e-06,
                            1.20699396575219e-05
                        ],
                        [
                            1.3411043937594513e-06,
                            -1.7434358596801758e-05
                        ],
                        [
                            1.788139229574881e-06,
                            1.3411044164968189e-05
                        ],
                        [
                            -1.072883515007561e-05,
                            1.162290482170647e-05
                        ]
                    ],
                    "current_idx": 4,
                    "fully_filled": true
                }
            },
            "arm_right": {
                "goal_is_valid": true,
                "goal": {
                    "target_pos": [
                        0.5446243286132812,
                        -0.3968369960784912,
                        1.4439867734909058
                    ],
                    "target_ori_mat": [
                        [
                            0.0058498382568359375,
                            -3.949739038944244e-06,
                            0.9999829530715942
                        ],
                        [
                            -0.0046637700870633125,
                            -0.9999892711639404,
                            2.3333122953772545e-05
                        ],
                        [
                            0.9999721050262451,
                            -0.004663826897740364,
                            -0.0058498382568359375
                        ]
                    ]
                },
                "control_filter": {
                    "past_samples": [
                        [
                            3.523669874994084e-05,
                            1.9060015678405762,
                            -0.9910021424293518,
                            1.571000576019287,
                            0.9149995446205139,
                            -1.5709999799728394
                        ],
                        [
                            3.5125442082062364e-05,
                            1.9060033559799194,
                            -0.9910058379173279,
                            1.5709999799728394,
                            0.9149975180625916,
                            -1.5709996223449707
                        ]
                    ],
                    "current_idx": 0,
                    "fully_filled": true
                }
            },