{
    "agent.n.01_1": {
        "is_asleep": false,
        "root_link": {
            "pos": [
                -50.0,
                -50.0,
                -50.0
            ],
            "ori": [
                0.0,
                0.0,
                0.0,
                1.0
            ],
            "lin_vel": [
                0.0,
                0.0,
                0.0
            ],
            "ang_vel": [
                0.0,
                0.0,
                0.0
            ]
        },
        "joint_pos": [
            52.656009674072266,
            52.099666595458984,
            50.00376510620117,
            0.010108450427651405,
            1.8336886569159105e-05,
            -0.48037323355674744,
            -7.091891166055575e-05,
            -0.0002602384483907372,
            0.00011099930998170748,
            4.461635398911312e-06,
            -6.301046596490778e-06,
            3.412930163904093e-05,
            1.9060009717941284,
            1.9060038328170776,
            -0.9910005927085876,
            -0.9910046458244324,
            1.5710009336471558,
            1.5709999799728394,
            0.9150010943412781,
            0.9150001406669617,
            -1.5709984302520752,
            -1.5709997415542603,
            0.04999994486570358,
            0.05000000074505806,
            0.04999993368983269,
            0.049999989569187164
        ],
        "joint_vel": [
            1.565324782859534e-05,
            1.8089454897562973e-05,
            -0.0010608021402731538,
            1.0782632671180181e-06,
            2.198477159254253e-05,
            3.589143670978956e-05,
            5.5871445511002094e-05,
            -0.000408016872825101,
            0.00010093951277667657,
            0.0002818124194163829,
            0.00010643433051882312,
            0.00014740580809302628,
            -0.00040099199395626783,
            0.0002550994395278394,
            5.0839058530982584e-05,
            8.143630111590028e-05,
            0.0001281202130485326,
            0.00017469403974246234,
            -0.0002198242727899924,
            0.00023489068553317338,
            -0.00016323087038472295,
            -0.00016315515676978976,
            2.205179407610558e-05,
            8.926543159759603e-06,
            -4.132743924856186e-09,
            7.380612260021735e-06
        ],
        "controllers": {
            "base": {
                "goal_is_valid": true,
                "goal": {
                    "target": [
                        0.0,
                        0.0,
                        0.0
                    ]
                }
            },
            "trunk": {
                "goal_is_valid": true,
                "goal": {
                    "target": [
                        -7.04058984410949e-05,
                        -0.0002606813795864582,
                        0.00011165767500642687,
                        3.3340129448333755e-06
                    ]
                }
            },
            "arm_left": {
                "goal_is_valid": true,
                "goal": {
                    "target_pos": [
                        0.5446213483810425,
                        0.3968484401702881,
                        1.4467843770980835
                    ],
                    "target_ori_mat": [
                        [
                            -0.0067784786224365234,
                            4.647660534828901e-05,
                            0.9999771118164062
                        ],
                        [
                            0.003117496147751808,
                            -0.999995231628418,
                            6.760971155017614e-05
                        ],
                        [
                            0.9999722242355347,
                            0.003117883112281561,
                            0.006778240203857422
                        ]
                    ]
                },
                "control_filter": {
                    "past_samples": [
                        [
                            -6.350391231535468e-06,
                            1.9060015678405762,
                            -0.9910017251968384,
                            1.5710010528564453,
                            0.9150009751319885,
                            -1.570999264717102
                        ],
                        [
                            -6.523122465296183e-06,
                            1.906001329421997,
                            -0.9910005927085876,
                            1.571000576019287,
                            0.9150020480155945,
                            -1.570999026298523
                        ]
                    ],
                    "current_idx": 0,
                    "fully_filled": true
                }
            },
            "gripper_left": {
                "goal_is_valid": true,
                "goal": {
                    "target": [
                        1.0
                    ]
                },
                "vel_filter": {
                    "past_samples": [
                        [
                            -8.940696147874405e-07,
                            -9.834765478444751e-06
                        ],
                        [
                            -4.470347903406946e-06,
                            1.4752148672414478e-05
                        ],
                        [
                            4.917382739222376e-06,
                            -2.41398793150438e-05
                        ],
                        [
                            -3.576278459149762e-06,
                            8.940696147874405e-07
                        ],
                        [
                            2.6822087875189027e-06,
                            1.9669530956889503e-05
                        ]
                    ],
                    "current_idx": 1,
                    "fully_filled": true
                }
            },
            "arm_right": {
                "goal_is_valid": true,
                "goal": {
                    "target_pos": [
                        0.5446251630783081,
                        -0.3968369960784912,
                        1.4439865350723267
                    ],
                    "target_ori_mat": [
                        [
                            0.0058501362800598145,
                            -3.877794370055199e-06,
                            0.9999829530715942
                        ],
                        [
                            -0.004663625732064247,
                            -0.9999892711639404,
                            2.3405998945236206e-05
                        ],
                        [
                            0.9999721050262451,
                            -0.004663683008402586,
                            -0.00585019588470459
                        ]
                    ]
                },
                "control_filter": {
                    "past_samples": [
                        [
                            3.3964177418965846e-05,
                            1.9060055017471313,
                            -0.9910054802894592,
                            1.5709996223449707,
                            0.9150000214576721,
                            -1.5709998607635498
                        ],
                        [
                            3.5083885450148955e-05,
                            1.9060027599334717,
                            -0.9910030364990234,
                            1.5710010528564453,
                            0.9149996638298035,
                            -1.5710006952285767
                        ]
                    ],
                    "current_idx": 0,
                    "fully_filled": true
                }
            },