{
    "half__chicken.n.01_1": {
        "is_asleep": false,
        "root_link": {
            "pos": [
                4.150686740875244,
                0.8670330047607422,
                0.7563180327415466
            ],
            "ori": [
                -0.0016791820526123047,
                0.048054441809654236,
                0.9975273609161377,
                0.05125643312931061
            ],
            "lin_vel": [
                -1.9766688637901098e-05,
                0.00029218007693998516,
                -0.00010275817476212978
            ],
            "ang_vel": [
                -0.0006412063958123326,
                0.0043828049674630165,
                -0.000488461519125849
            ]
        },
        "non_kin": {
            "Temperature": {
                "temperature": 23.0
            },
            "MaxTemperature": {
                "max_temperature": 23.0
            }
        }
    },
    "half__apple_pie.n.01_1": {
        "is_asleep": false,
        "root_link": {
            "pos": [
                4.039523124694824,
                1.4603177309036255,
                0.7173637747764587
            ],
            "ori": [
                -0.025204375386238098,
                -0.05794074386358261,
                0.9908542037010193,
                -0.11923010647296906
            ],
            "lin_vel": [
                -0.0006553250714205205,
                -0.0005115956882946193,
                0.0010204166173934937
            ],
            "ang_vel": [
                0.013047155924141407,
                -0.016426846385002136,
                -0.0036161576863378286
            ]
        },
        "non_kin": {
            "Temperature": {
                "temperature": 23.0
            },
            "MaxTemperature": {
                "max_temperature": 23.0
            }
        }
    },
    "plate.n.04_1": {
        "is_asleep": false,
        "root_link": {
            "pos": [
                4.148481845855713,
                0.8625175952911377,
                0.6951454281806946
            ],
            "ori": [
                -8.811247244011611e-05,
                -4.2417665099492297e-05,
                -0.3441857397556305,
                0.9389017820358276
            ],
            "lin_vel": [
                -0.00015657124458812177,
                0.00011930742766708136,
                0.00010521005606278777
            ],
            "ang_vel": [
                -0.0021510121878236532,
                0.004035241901874542,
                8.20723653305322e-06
            ]
        },
        "non_kin": {
            "Temperature": {
                "temperature": 23.0
            }
        }
    },
    "plate.n.04_2": {
        "is_asleep": false,
        "root_link": {
            "pos": [
                4.012800216674805,
                1.3849680423736572,
                0.6951450705528259
            ],
            "ori": [
                -8.193029498215765e-05,
                4.779743176186457e-05,
                0.690902590751648,
                0.7229480147361755
            ],
            "lin_vel": [
                -0.00042135099647566676,
                -9.04172338778153e-05,
                -7.46937730582431e-05
            ],
            "ang_vel": [
                0.00666010519489646,
                -0.010940369218587875,
                -0.0009066560887731612
            ]
        },
        "non_kin": {
            "Temperature": {
                "temperature": 23.0
            }
        }
    },
    "breakfast_table.n.01_1": {
        "is_asleep": false,
        "root_link": {
            "pos": [
                4.291138172149658,
                1.4381649494171143,
                0.6256135702133179
            ],
            "ori": [
                3.4974352729477687e-06,
                2.1712397938244976e-05,
                2.7625064902281338e-08,
                1.0
            ],
            "lin_vel": [
                -0.0002204413467552513,
                3.266223939135671e-05,
                -3.4473057439754484e-06
            ],
            "ang_vel": [
                -0.0001122128960560076,
                -0.00022949729464016855,
                -7.655748959223274e-06
            ]
        },
        "non_kin": {}
    },
    "tupperware.n.01_1": {
        "is_asleep": true,
        "root_link": {
            "pos": [
                7.948491096496582,
                0.7662146687507629,
                0.9532886147499084
            ],
            "ori": [
                -0.0006948821246623993,
                0.00018850230844691396,
                0.29779312014579773,
                0.9546306133270264
            ],
            "lin_vel": [
                0.0,
                0.0,
                0.0
            ],
            "ang_vel": [
                0.0,
                0.0,
                0.0
            ]
        },
        "non_kin": {
            "Temperature": {
                "temperature": 23.0
            }
        }
    },
    "tupperware.n.01_2": {
        "is_asleep": true,
        "root_link": {
            "pos": [
                7.969181537628174,
                1.1547313928604126,
                0.953177273273468
            ],
            "ori": [
                5.122506991028786e-06,
                7.070135325193405e-06,
                -0.08690409362316132,
                0.9962171316146851
            ],
            "lin_vel": [
                0.0,
                0.0,
                0.0
            ],
            "ang_vel": [
                0.0,
                0.0,
                0.0
            ]
        },
        "non_kin": {
            "Temperature": {
                "temperature": 23.0
            }
        }
    },
    "countertop.n.01_1": {
        "is_asleep": false,
        "root_link": {
            "pos": [
                8.151969909667969,
                0.15750814974308014,
                0.4490511119365692
            ],
            "ori": [
                1.3114304072894952e-15,
                4.177641343972027e-09,
                1.0,
                3.1391647326017846e-07
            ]
        },
        "non_kin": {}
    },
    "electric_refrigerator.n.01_1": {
        "is_asleep": true,
        "root_link": {
            "pos": [
                5.201407432556152,
                -0.5687667727470398,
                0.9560028314590454
            ],
            "ori": [
                -2.1982938051223755e-05,
                1.0658986866474152e-06,
                0.7071038484573364,
                0.7071107625961304
            ],
            "lin_vel": [
                0.0,
                0.0,
                0.0
            ],
            "ang_vel": [
                0.0,
                0.0,
                0.0
            ]
        },
        "joint_pos": [
            1.590796383510451e-10,
            2.101188112391128e-10
        ],
        "joint_vel": [
            5.335150944212616e-15,
            -8.916547487947753e-16
        ],
        "non_kin": {
            "Temperature": {
                "temperature": 23.0
            }
        }
    },
    "floor.n.01_1": {
        "is_asleep": false,
        "root_link": {
            "pos": [
                4.8314337730407715,
                1.1399084329605103,
                -0.15000006556510925
            ],
            "ori": [
                0.0,
                0.0,
                0.0,
                1.0
            ]
        },
        "non_kin": {}
    },
    "robot_poses": {
        "R1Pro": [
            {
                "position": [
                    4.470500946044922,
                    2.8965835571289062,
                    0.003765106201171875
                ],
                "orientation": [
                    0.0,
                    0.0,
                    0.6979355216026306,
                    0.7161605954170227
                ]
            }
        ],