{
    "agent.n.01_1": {
        "is_asleep": false,
        "root_link": {
            "pos": [
                -50.0,
                -50.0,
                -50.0
            ],
            "ori": [
                0.0,
                0.0,
                0.0,
                1.0
            ],
            "lin_vel": [
                0.0,
                0.0,
                0.0
            ],
            "ang_vel": [
                0.0,
                0.0,
                0.0
            ]
        },
        "joint_pos": [
            55.24742126464844,
            53.1187629699707,
            50.00376510620117,
            -0.008470172993838787,
            -0.005516624543815851,
            -3.0465593338012695,
            -6.999050674494356e-05,
            -0.0002598034334369004,
            0.00011165447358507663,
            4.32985234510852e-06,
            -6.688705980195664e-06,
            3.483695036265999e-05,
            1.9060019254684448,
            1.9060001373291016,
            -0.9910009503364563,
            -0.991000235080719,
            1.5710004568099976,
            1.5709999799728394,
            0.9150009751319885,
            0.9150016903877258,
            -1.5709989070892334,
            -1.5710008144378662,
            0.0499998964369297,
            0.04999995231628418,
            0.0499998964369297,
            0.04999986290931702
        ],
        "joint_vel": [
            -9.527066140435636e-06,
            -0.00023098228848539293,
            -0.0012338407104834914,
            -0.00025366293266415596,
            0.00032275146804749966,
            4.929370334139094e-05,
            0.0013094006571918726,
            -0.0005619029398076236,
            0.0005174028337933123,
            0.00113010685890913,
            0.0007197214290499687,
            0.0008987635956145823,
            -0.0025520005729049444,
            0.0022688680328428745,
            -0.0004301120643503964,
            0.0006071298848837614,
            0.0009212082368321717,
            0.0012265765108168125,
            -0.0014916188083589077,
            0.001495684846304357,
            -0.0008913890924304724,
            -0.0010434745345264673,
            2.9230492145870812e-05,
            -3.94011294702068e-08,
            9.472851161262952e-07,
            2.373893221374601e-05
        ],
        "controllers": {
            "base": {
                "goal_is_valid": true,
                "goal": {
                    "target": [
                        0.0,
                        0.0,
                        0.0
                    ]
                }
            },
            "trunk": {
                "goal_is_valid": true,
                "goal": {
                    "target": [
                        -7.034544978523627e-05,
                        -0.00026055556372739375,
                        0.00011164562602061778,
                        3.3188500765390927e-06
                    ]
                }
            },
            "arm_left": {
                "goal_is_valid": true,
                "goal": {
                    "target_pos": [
                        0.5446219444274902,
                        0.3968484401702881,
                        1.4467843770980835
                    ],
                    "target_ori_mat": [
                        [
                            -0.00677800178527832,
                            4.6874978579580784e-05,
                            0.9999769926071167
                        ],
                        [
                            0.0031175795011222363,
                            -0.9999951124191284,
                            6.800738628953695e-05
                        ],
                        [
                            0.9999721050262451,
                            0.0031179687939584255,
                            0.0067778825759887695
                        ]
                    ]
                },
                "control_filter": {
                    "past_samples": [
                        [
                            -6.796581601520302e-06,
                            1.9060019254684448,
                            -0.9910017848014832,
                            1.5710009336471558,
                            0.915001392364502,
                            -1.570999264717102
                        ],
                        [
                            -6.6061820689355955e-06,
                            1.9060008525848389,
                            -0.9910010695457458,
                            1.5710004568099976,
                            0.9150013327598572,
                            -1.5709987878799438
                        ]
                    ],
                    "current_idx": 1,
                    "fully_filled": true
                }
            },
            "gripper_left": {
                "goal_is_valid": true,
                "goal": {
                    "target": [
                        1.0
                    ]
                },
                "vel_filter": {
                    "past_samples": [
                        [
                            4.4703480739372026e-07,
                            -2.235173951703473e-06
                        ],
                        [
                            -4.4703480739372026e-07,
                            3.1292436233343324e-06
                        ],
                        [
                            -2.6822087875189027e-06,
                            -4.4703480739372026e-07
                        ],
                        [
                            1.3411043937594513e-06,
                            0.0
                        ],
                        [
                            5.811452410853235e-06,
                            -6.7055220824840944e-06
                        ]
                    ],
                    "current_idx": 0,
                    "fully_filled": true
                }
            },
            "arm_right": {
                "goal_is_valid": true,
                "goal": {
                    "target_pos": [
                        0.5446257591247559,
                        -0.3968372344970703,
                        1.4439866542816162
                    ],
                    "target_ori_mat": [
                        [
                            0.005850315093994141,
                            -4.059402272105217e-06,
                            0.9999827742576599
                        ],
                        [
                            -0.00466347299516201,
                            -0.9999887943267822,
                            2.322322688996792e-05
                        ],
                        [
                            0.9999719262123108,
                            -0.004663528874516487,
                            -0.005849957466125488
                        ]
                    ]
                },
                "control_filter": {
                    "past_samples": [
                        [
                            3.5090401070192456e-05,
                            1.9060016870498657,
                            -0.990999698638916,
                            1.5709996223449707,
                            0.915002167224884,
                            -1.5709998607635498
                        ],
                        [
                            3.470508454483934e-05,
                            1.9060004949569702,
                            -0.9909991025924683,
                            1.5709995031356812,
                            0.9150015115737915,
                            -1.5709996223449707
                        ]
                    ],
                    "current_idx": 1,
                    "fully_filled": true
                }
            },
            "gripper_right": {
                "goal_is_valid": true,