{
    "half__chicken.n.01_1": {
        "is_asleep": false,
        "root_link": {
            "pos": [
                4.342809677124023,
                0.8982166647911072,
                0.7558125853538513
            ],
            "ori": [
                -0.035304952412843704,
                -0.11221770942211151,
                0.9751010537147522,
                0.1879861056804657
            ],
            "lin_vel": [
                -0.0001464721717638895,
                -0.0007873071008361876,
                3.51169946952723e-05
            ],
            "ang_vel": [
                0.01570381410419941,
                -0.004587802104651928,
                -0.00037356733810156584
            ]
        },
        "non_kin": {
            "Temperature": {
                "temperature": 23.0
            },
            "MaxTemperature": {
                "max_temperature": 23.0
            }
        }
    },
    "half__apple_pie.n.01_1": {
        "is_asleep": false,
        "root_link": {
            "pos": [
                4.549907684326172,
                1.6394447088241577,
                0.7120514512062073
            ],
            "ori": [
                0.014957237057387829,
                0.008596551604568958,
                0.7430838346481323,
                0.6689761281013489
            ],
            "lin_vel": [
                -0.0004127814609091729,
                -0.00026541034458205104,
                -5.9244299336569384e-05
            ],
            "ang_vel": [
                0.002692572306841612,
                3.6043576983502135e-05,
                0.010768597014248371
            ]
        },
        "non_kin": {
            "Temperature": {
                "temperature": 23.0
            },
            "MaxTemperature": {
                "max_temperature": 23.0
            }
        }
    },
    "plate.n.04_1": {
        "is_asleep": false,
        "root_link": {
            "pos": [
                4.348287582397461,
                0.9102553129196167,
                0.695144534111023
            ],
            "ori": [
                3.367574390722439e-05,
                -0.00010822991316672415,
                0.756084680557251,
                0.6544740796089172
            ],
            "lin_vel": [
                0.00012315927597228438,
                4.5789871364831924e-05,
                -3.442939123488031e-05
            ],
            "ang_vel": [
                -0.0030750210862606764,
                0.0034965884406119585,
                -0.0005693831481039524
            ]
        },
        "non_kin": {
            "Temperature": {
                "temperature": 23.0
            }
        }
    },
    "plate.n.04_2": {
        "is_asleep": false,
        "root_link": {
            "pos": [
                4.556973457336426,
                1.6487635374069214,
                0.6951452493667603
            ],
            "ori": [
                -3.186682442901656e-05,
                0.00010208644380327314,
                -0.3683878779411316,
                0.9296723008155823
            ],
            "lin_vel": [
                -0.00016176063218154013,
                -1.2128764865337871e-05,
                -2.27767613978358e-05
            ],
            "ang_vel": [
                -0.00030323813552968204,
                -0.0013083736412227154,
                0.005324911326169968
            ]
        },
        "non_kin": {
            "Temperature": {
                "temperature": 23.0
            }
        }
    },
    "breakfast_table.n.01_1": {
        "is_asleep": false,
        "root_link": {
            "pos": [
                4.291138172149658,
                1.4381649494171143,
                0.6256135702133179
            ],
            "ori": [
                3.4974352729477687e-06,
                2.1712397938244976e-05,
                2.7625064902281338e-08,
                1.0
            ],
            "lin_vel": [
                2.2996879124548286e-05,
                -2.1525342162931338e-05,
                -2.5544986783643253e-05
            ],
            "ang_vel": [
                3.709908196469769e-05,
                4.485251702135429e-05,
                3.081873956034542e-06
            ]
        },
        "non_kin": {}
    },
    "tupperware.n.01_1": {
        "is_asleep": true,
        "root_link": {
            "pos": [
                8.034543991088867,
                -0.4320182800292969,
                0.9532849192619324
            ],
            "ori": [
                2.5480985641479492e-06,
                9.095296263694763e-06,
                0.7451555728912354,
                0.6668916940689087
            ],
            "lin_vel": [
                0.0,
                0.0,
                0.0
            ],
            "ang_vel": [
                0.0,
                0.0,
                0.0
            ]
        },
        "non_kin": {
            "Temperature": {
                "temperature": 23.0
            }
        }
    },
    "tupperware.n.01_2": {
        "is_asleep": true,
        "root_link": {
            "pos": [
                8.181600570678711,
                1.213939905166626,
                0.953177273273468
            ],
            "ori": [
                2.841232344508171e-06,
                1.0384013876318932e-05,
                -0.07492689043283463,
                0.9971895217895508
            ],
            "lin_vel": [
                0.0,
                0.0,
                0.0
            ],
            "ang_vel": [
                0.0,
                0.0,
                0.0
            ]
        },
        "non_kin": {
            "Temperature": {
                "temperature": 23.0
            }
        }
    },
    "countertop.n.01_1": {
        "is_asleep": false,
        "root_link": {
            "pos": [
                8.151969909667969,
                0.15750814974308014,
                0.4490511119365692
            ],
            "ori": [
                1.3114304072894952e-15,
                4.177641343972027e-09,
                1.0,
                3.1391647326017846e-07
            ]
        },
        "non_kin": {}
    },
    "electric_refrigerator.n.01_1": {
        "is_asleep": true,
        "root_link": {
            "pos": [
                5.201407432556152,
                -0.5687668323516846,
                0.9560031890869141
            ],
            "ori": [
                -2.1984800696372986e-05,
                1.0638905223459005e-06,
                0.7071042060852051,
                0.707111120223999
            ],
            "lin_vel": [
                0.0,
                0.0,
                0.0
            ],
            "ang_vel": [
                0.0,
                0.0,
                0.0
            ]
        },
        "joint_pos": [
            1.590796383510451e-10,
            2.101188112391128e-10
        ],
        "joint_vel": [
            5.335150944212616e-15,
            -8.916547487947753e-16
        ],
        "non_kin": {
            "Temperature": {
                "temperature": 23.0
            }
        }
    },
    "floor.n.01_1": {
        "is_asleep": false,
        "root_link": {
            "pos": [
                4.8314337730407715,
                1.1399084329605103,
                -0.15000006556510925
            ],
            "ori": [
                0.0,
                0.0,
                0.0,
                1.0
            ]
        },
        "non_kin": {}
    },
    "robot_poses": {
        "R1Pro": [
            {
                "position": [
                    2.6560096740722656,
                    2.0996665954589844,
                    0.003765106201171875
                ],
                "orientation": [
                    0.0,
                    0.0,
                    -0.23788389563560486,
                    0.9712936282157898
                ]
            }
        ],