{
    "half__chicken.n.01_1": {
        "is_asleep": false,
        "root_link": {
            "pos": [
                4.023022174835205,
                1.6264545917510986,
                0.7550262212753296
            ],
            "ori": [
                -0.0902014672756195,
                -0.03588533774018288,
                0.4055991470813751,
                0.9088813066482544
            ],
            "lin_vel": [
                -0.0005809456342831254,
                0.00035606627352535725,
                7.310293585760519e-05
            ],
            "ang_vel": [
                -0.009946691803634167,
                -0.015872426331043243,
                5.694024730473757e-05
            ]
        },
        "non_kin": {
            "Temperature": {
                "temperature": 23.0
            },
            "MaxTemperature": {
                "max_temperature": 23.0
            }
        }
    },
    "half__apple_pie.n.01_1": {
        "is_asleep": false,
        "root_link": {
            "pos": [
                4.599900245666504,
                1.1479161977767944,
                0.7125699520111084
            ],
            "ori": [
                -0.023700684309005737,
                -0.02570131979882717,
                -0.3890981376171112,
                0.920532763004303
            ],
            "lin_vel": [
                -0.00013453836436383426,
                -0.0012246525147929788,
                -0.000220533533138223
            ],
            "ang_vel": [
                0.02297627180814743,
                0.0010517453774809837,
                -0.002069241600111127
            ]
        },
        "non_kin": {
            "Temperature": {
                "temperature": 23.0
            },
            "MaxTemperature": {
                "max_temperature": 23.0
            }
        }
    },
    "plate.n.04_1": {
        "is_asleep": false,
        "root_link": {
            "pos": [
                4.029623031616211,
                1.6202644109725952,
                0.6951460242271423
            ],
            "ori": [
                -0.00010270165512338281,
                -4.278894266462885e-05,
                -0.5767585039138794,
                0.8169147968292236
            ],
            "lin_vel": [
                0.0004219567636027932,
                -0.00030821937252767384,
                -4.9778405809774995e-05
            ],
            "ang_vel": [
                -0.003055532230064273,
                -0.009039439260959625,
                -0.000705827260389924
            ]
        },
        "non_kin": {
            "Temperature": {
                "temperature": 23.0
            }
        }
    },
    "plate.n.04_2": {
        "is_asleep": false,
        "root_link": {
            "pos": [
                4.608011245727539,
                1.1560332775115967,
                0.6951443552970886
            ],
            "ori": [
                -5.753336881753057e-05,
                -9.50556859606877e-05,
                0.9299346804618835,
                -0.3677252531051636
            ],
            "lin_vel": [
                0.0001518860226497054,
                -0.0004476616741158068,
                -2.1896266844123602e-07
            ],
            "ang_vel": [
                0.02282688021659851,
                0.0026358000468462706,
                -0.0017326385714113712
            ]
        },
        "non_kin": {
            "Temperature": {
                "temperature": 23.0
            }
        }
    },
    "breakfast_table.n.01_1": {
        "is_asleep": false,
        "root_link": {
            "pos": [
                4.291138172149658,
                1.4381649494171143,
                0.6256135702133179
            ],
            "ori": [
                3.4974352729477687e-06,
                2.1712397938244976e-05,
                2.7625064902281338e-08,
                1.0
            ],
            "lin_vel": [
                6.411500362446532e-05,
                4.8203587539319415e-06,
                -6.412491075025173e-06
            ],
            "ang_vel": [
                -1.3261888852866832e-05,
                2.6066889404319227e-05,
                -6.492358579635038e-07
            ]
        },
        "non_kin": {}
    },
    "tupperware.n.01_1": {
        "is_asleep": true,
        "root_link": {
            "pos": [
                8.032269477844238,
                0.8590144515037537,
                0.9531769156455994
            ],
            "ori": [
                -7.558614015579224e-06,
                7.558148354291916e-06,
                0.9846746325492859,
                0.17440500855445862
            ],
            "lin_vel": [
                0.0,
                0.0,
                0.0
            ],
            "ang_vel": [
                0.0,
                0.0,
                0.0
            ]
        },
        "non_kin": {
            "Temperature": {
                "temperature": 23.0
            }
        }
    },
    "tupperware.n.01_2": {
        "is_asleep": true,
        "root_link": {
            "pos": [
                8.03604793548584,
                -0.47422006726264954,
                0.9532850980758667
            ],
            "ori": [
                -1.021847128868103e-05,
                -1.8761493265628815e-06,
                0.9608011245727539,
                -0.2772402763366699
            ],
            "lin_vel": [
                0.0,
                0.0,
                0.0
            ],
            "ang_vel": [
                0.0,
                0.0,
                0.0
            ]
        },
        "non_kin": {
            "Temperature": {
                "temperature": 23.0
            }
        }
    },
    "countertop.n.01_1": {
        "is_asleep": false,
        "root_link": {
            "pos": [
                8.151969909667969,
                0.15750814974308014,
                0.4490511119365692
            ],
            "ori": [
                1.3114304072894952e-15,
                4.177641343972027e-09,
                1.0,
                3.1391647326017846e-07
            ]
        },
        "non_kin": {}
    },
    "electric_refrigerator.n.01_1": {
        "is_asleep": true,
        "root_link": {
            "pos": [
                5.201407432556152,
                -0.5687667727470398,
                0.9560030102729797
            ],
            "ori": [
                -2.198386937379837e-05,
                1.064938260242343e-06,
                0.707103967666626,
                0.7071108818054199
            ],
            "lin_vel": [
                0.0,
                0.0,
                0.0
            ],
            "ang_vel": [
                0.0,
                0.0,
                0.0
            ]
        },
        "joint_pos": [
            1.590796383510451e-10,
            2.101188112391128e-10
        ],
        "joint_vel": [
            5.335150944212616e-15,
            -8.916547487947753e-16
        ],
        "non_kin": {
            "Temperature": {
                "temperature": 23.0
            }
        }
    },
    "floor.n.01_1": {
        "is_asleep": false,
        "root_link": {
            "pos": [
                4.8314337730407715,
                1.1399084329605103,
                -0.15000006556510925
            ],
            "ori": [
                0.0,
                0.0,
                0.0,
                1.0
            ]
        },
        "non_kin": {}
    },
    "robot_poses": {
        "R1Pro": [
            {
                "position": [
                    5.729709625244141,
                    2.9319496154785156,
                    0.003765106201171875
                ],
                "orientation": [
                    0.0,
                    0.0,
                    0.9773290157318115,
                    0.21172629296779633
                ]
            }
        ],