{
    "agent.n.01_1": {
        "is_asleep": false,
        "root_link": {
            "pos": [
                -50.0,
                -50.0,
                -50.0
            ],
            "ori": [
                0.0,
                0.0,
                0.0,
                1.0
            ],
            "lin_vel": [
                0.0,
                0.0,
                0.0
            ],
            "ang_vel": [
                0.0,
                0.0,
                0.0
            ]
        },
        "joint_pos": [
            44.220703125,
            54.14994430541992,
            50.00376510620117,
            0.00043126949458383024,
            -0.010099128820002079,
            -2.010335922241211,
            -7.138265937101096e-05,
            -0.000260688568232581,
            0.00011114803055534139,
            3.903171545971418e-06,
            -4.9444151954958215e-06,
            3.371752245584503e-05,
            1.9060068130493164,
            1.9060084819793701,
            -0.9910045862197876,
            -0.991009533405304,
            1.5710009336471558,
            1.5710006952285767,
            0.9150024056434631,
            0.9150004982948303,
            -1.5709996223449707,
            -1.5710006952285767,
            0.04999975115060806,
            0.0499998964369297,
            0.04999978467822075,
            0.04999988526105881
        ],
        "joint_vel": [
            0.00010232921340502799,
            -7.017309690127149e-05,
            -0.0012407052563503385,
            -0.00018997488950844854,
            -9.735899948282167e-05,
            0.00014928668679203838,
            0.0005014548660255969,
            -0.0007212897762656212,
            0.0006176085444167256,
            0.0009117064182646573,
            0.0003705305280163884,
            0.0006267931894399226,
            -0.001611953368410468,
            0.0014522327110171318,
            -0.00018683040980249643,
            0.0003021168813575059,
            0.0003890055522788316,
            0.0007412984850816429,
            -0.0008210685919038951,
            0.0008437778451479971,
            -0.00041819916805252433,
            -0.0006170963170006871,
            3.575396112864837e-05,
            1.1010054549842607e-05,
            1.2168329703854397e-05,
            3.566619852790609e-05
        ],
        "controllers": {
            "base": {
                "goal_is_valid": true,
                "goal": {
                    "target": [
                        0.0,
                        0.0,
                        0.0
                    ]
                }
            },
            "trunk": {
                "goal_is_valid": true,
                "goal": {
                    "target": [
                        -7.039869524305686e-05,
                        -0.00026066601276397705,
                        0.00011165490286657587,
                        3.275100880273385e-06
                    ]
                }
            },
            "arm_left": {
                "goal_is_valid": true,
                "goal": {
                    "target_pos": [
                        0.5446215271949768,
                        0.3968472480773926,
                        1.4467839002609253
                    ],
                    "target_ori_mat": [
                        [
                            -0.006777644157409668,
                            4.717893898487091e-05,
                            0.9999771118164062
                        ],
                        [
                            0.003117560874670744,
                            -0.999995231628418,
                            6.830983329564333e-05
                        ],
                        [
                            0.9999722242355347,
                            0.0031179524958133698,
                            0.006777346134185791
                        ]
                    ]
                },
                "control_filter": {
                    "past_samples": [
                        [
                            -4.74477928946726e-06,
                            1.9060070514678955,
                            -0.9910049438476562,
                            1.571001410484314,
                            0.9150033593177795,
                            -1.571000099182129
                        ],
                        [
                            -5.536150183615973e-06,
                            1.9060065746307373,
                            -0.9910058975219727,
                            1.5709999799728394,
                            0.9150019884109497,
                            -1.5709991455078125
                        ]
                    ],
                    "current_idx": 0,
                    "fully_filled": true
                }
            },
            "gripper_left": {
                "goal_is_valid": true,
                "goal": {
                    "target": [
                        1.0
                    ]
                },
                "vel_filter": {
                    "past_samples": [
                        [
                            8.940695806813892e-06,
                            -1.65402889251709e-05
                        ],
                        [
                            -4.917382739222376e-06,
                            -1.117586998589104e-05
                        ],
                        [
                            3.1292436233343324e-06,
                            1.251697449333733e-05
                        ],
                        [
                            1.788139229574881e-06,
                            -1.9222496121074073e-05
                        ],
                        [
                            -5.811452410853235e-06,
                            2.0563600628520362e-05
                        ]
                    ],
                    "current_idx": 1,
                    "fully_filled": true
                }
            },
            "arm_right": {
                "goal_is_valid": true,
                "goal": {
                    "target_pos": [
                        0.5446260571479797,
                        -0.3968367576599121,
                        1.4439862966537476
                    ],
                    "target_ori_mat": [
                        [
                            0.005850017070770264,
                            -3.7553254514932632e-06,
                            0.9999828338623047
                        ],
                        [
                            -0.004662994295358658,
                            -0.9999890327453613,
                            2.352357842028141e-05
                        ],
                        [
                            0.9999719858169556,
                            -0.004663052037358284,
                            -0.0058498382568359375
                        ]
                    ]
                },
                "control_filter": {
                    "past_samples": [
                        [
                            3.344088327139616e-05,
                            1.9060083627700806,
                            -0.9910081624984741,
                            1.5709999799728394,
                            0.915000855922699,
                            -1.5709999799728394
                        ],
                        [
                            3.464395194896497e-05,
                            1.9060109853744507,
                            -0.9910107851028442,
                            1.5710012912750244,
                            0.9150006771087646,
                            -1.5710008144378662
                        ]
                    ],
                    "current_idx": 0,
                    "fully_filled": true
                }
            },
            "gripper_right": {
                "goal_is_valid": true,