{
    "agent.n.01_1": {
        "is_asleep": false,
        "root_link": {
            "pos": [
                -50.0,
                -50.0,
                -50.0
            ],
            "ori": [
                0.0,
                0.0,
                0.0,
                1.0
            ],
            "lin_vel": [
                0.0,
                0.0,
                0.0
            ],
            "ang_vel": [
                0.0,
                0.0,
                0.0
            ]
        },
        "joint_pos": [
            44.645545959472656,
            53.721622467041016,
            50.00376510620117,
            -0.0032008637208491564,
            -0.00958842784166336,
            -2.375201463699341,
            -7.045066740829498e-05,
            -0.00026033076574094594,
            0.00011135556997032836,
            4.201822321192594e-06,
            -7.362412361544557e-06,
            3.344474680488929e-05,
            1.9060009717941284,
            1.9060028791427612,
            -0.9910006523132324,
            -0.9910045266151428,
            1.5709996223449707,
            1.5709987878799438,
            0.915001392364502,
            0.9149995446205139,
            -1.570997714996338,
            -1.570999026298523,
            0.04999980330467224,
            0.049999937415122986,
            0.04999992623925209,
            0.049999915063381195
        ],
        "joint_vel": [
            6.057258724467829e-05,
            -2.1721061784774065e-06,
            -0.0009725181735120714,
            -9.88449901342392e-05,
            0.0001234138326253742,
            5.3207073506200686e-05,
            0.0003521223261486739,
            -0.00028111596475355327,
            -9.062614844879135e-05,
            0.0005472791381180286,
            0.00018192453717347234,
            8.881631947588176e-05,
            -0.0004781031748279929,
            0.000395411771023646,
            1.3953052985016257e-05,
            4.7871508286334574e-05,
            0.0002817298809532076,
            9.94948495645076e-05,
            -0.00034261500695720315,
            0.0002569700009189546,
            -0.00026373533182777464,
            -8.710181282367557e-05,
            2.713520370889455e-05,
            1.5398305549751967e-05,
            1.6973788206087193e-06,
            1.2661148502957076e-05
        ],
        "controllers": {
            "base": {
                "goal_is_valid": true,
                "goal": {
                    "target": [
                        0.0,
                        0.0,
                        0.0
                    ]
                }
            },
            "trunk": {
                "goal_is_valid": true,
                "goal": {
                    "target": [
                        -7.043722871458158e-05,
                        -0.0002607468923088163,
                        0.00011166332114953548,
                        3.286905212007696e-06
                    ]
                }
            },
            "arm_left": {
                "goal_is_valid": true,
                "goal": {
                    "target_pos": [
                        0.5446212291717529,
                        0.3968486785888672,
                        1.446784496307373
                    ],
                    "target_ori_mat": [
                        [
                            -0.00677800178527832,
                            4.684203304350376e-05,
                            0.9999769330024719
                        ],
                        [
                            0.003117614658549428,
                            -0.9999949932098389,
                            6.797478999942541e-05
                        ],
                        [
                            0.9999720454216003,
                            0.0031180037185549736,
                            0.006778061389923096
                        ]
                    ]
                },
                "control_filter": {
                    "past_samples": [
                        [
                            -6.933350960025564e-06,
                            1.9060016870498657,
                            -0.9910023212432861,
                            1.5710002183914185,
                            0.915000855922699,
                            -1.570999026298523
                        ],
                        [
                            -7.766437192913145e-06,
                            1.9060014486312866,
                            -0.9910012483596802,
                            1.570999026298523,
                            0.9150015115737915,
                            -1.5709980726242065
                        ]
                    ],
                    "current_idx": 0,
                    "fully_filled": true
                }
            },
            "gripper_left": {
                "goal_is_valid": true,
                "goal": {
                    "target": [
                        1.0
                    ]
                },
                "vel_filter": {
                    "past_samples": [
                        [
                            -8.940696147874405e-07,
                            1.4305113836599048e-05
                        ],
                        [
                            8.940696147874405e-07,
                            -1.20699396575219e-05
                        ],
                        [
                            0.0,
                            -1.4752148672414478e-05
                        ],
                        [
                            -3.1292436233343324e-06,
                            1.65402889251709e-05
                        ],
                        [
                            3.1292436233343324e-06,
                            -1.8328426449443214e-05
                        ]
                    ],
                    "current_idx": 2,
                    "fully_filled": true
                }
            },
            "arm_right": {
                "goal_is_valid": true,
                "goal": {
                    "target_pos": [
                        0.5446251630783081,
                        -0.3968372344970703,
                        1.4439862966537476
                    ],
                    "target_ori_mat": [
                        [
                            0.005850315093994141,
                            -3.7034042179584503e-06,
                            0.9999827742576599
                        ],
                        [
                            -0.004663717467337847,
                            -0.9999887943267822,
                            2.3580854758620262e-05
                        ],
                        [
                            0.9999719262123108,
                            -0.00466377567499876,
                            -0.005849957466125488
                        ]
                    ]
                },
                "control_filter": {
                    "past_samples": [
                        [
                            3.2986212318064645e-05,
                            1.9060044288635254,
                            -0.9910056591033936,
                            1.570997953414917,
                            0.914998471736908,
                            -1.5709980726242065
                        ],
                        [
                            3.366591772646643e-05,
                            1.9060033559799194,
                            -0.991003692150116,
                            1.5709986686706543,
                            0.9149996638298035,
                            -1.5709986686706543
                        ]
                    ],
                    "current_idx": 0,
                    "fully_filled": true
                }
            },
            "gripper_right": {
                "goal_is_valid": true,