{
    "car.n.01_1": {
        "is_asleep": false,
        "root_link": {
            "pos": [
                -4.43150520324707,
                6.887782573699951,
                0.6677820682525635
            ],
            "ori": [
                0.0,
                0.0,
                0.0,
                1.000000238418579
            ],
            "lin_vel": [
                0.0,
                0.0,
                0.0
            ],
            "ang_vel": [
                0.0,
                0.0,
                0.0
            ]
        },
        "joint_pos": [
            2.5307271480560303
        ],
        "joint_vel": [
            -7.471114393808875e-09
        ],
        "non_kin": {
            "Temperature": {
                "temperature": 23.0
            },
            "AttachedTo": {
                "attached_obj_uuid": -1
            }
        }
    },
    "sack.n.01_1": {
        "is_asleep": false,
        "root_link": {
            "pos": [
                -6.486226558685303,
                7.045737266540527,
                0.8824014663696289
            ],
            "ori": [
                0.023586208000779152,
                0.028741657733917236,
                0.6799784302711487,
                0.7322890162467957
            ],
            "lin_vel": [
                -0.0015533814439550042,
                0.026703249663114548,
                0.02829638496041298
            ],
            "ang_vel": [
                0.014706341549754143,
                0.02193683758378029,
                -0.019999869167804718
            ]
        },
        "non_kin": {
            "Temperature": {
                "temperature": 23.0
            }
        }
    },
    "beefsteak_tomato.n.01_1": {
        "is_asleep": false,
        "root_link": {
            "pos": [
                -6.481374740600586,
                7.048892498016357,
                0.9386187791824341
            ],
            "ori": [
                -0.1640464812517166,
                0.02223775163292885,
                -0.8025875687599182,
                0.5731036067008972
            ],
            "lin_vel": [
                0.024909351021051407,
                0.019474314525723457,
                0.025294041261076927
            ],
            "ang_vel": [
                0.22909872233867645,
                0.3813311457633972,
                0.03594854846596718
            ]
        },
        "non_kin": {
            "Temperature": {
                "temperature": 23.0
            },
            "MaxTemperature": {
                "max_temperature": 23.0
            }
        }
    },
    "carton__of__milk.n.01_1": {
        "is_asleep": false,
        "root_link": {
            "pos": [
                -6.482077598571777,
                7.049136638641357,
                0.8448944091796875
            ],
            "ori": [
                0.020688539370894432,
                0.02890549972653389,
                0.7350618243217468,
                0.6770676970481873
            ],
            "lin_vel": [
                0.005131567362695932,
                0.03907907009124756,
                0.024637138471007347
            ],
            "ang_vel": [
                0.18050402402877808,
                0.08817174285650253,
                0.06676100939512253
            ]
        },
        "non_kin": {}
    },
    "electric_refrigerator.n.01_1": {
        "is_asleep": true,
        "root_link": {
            "pos": [
                5.201407432556152,
                -0.5687667727470398,
                0.9560027718544006
            ],
            "ori": [
                -2.1987594664096832e-05,
                1.064065145328641e-06,
                0.707103967666626,
                0.7071108818054199
            ],
            "lin_vel": [
                0.0,
                0.0,
                0.0
            ],
            "ang_vel": [
                0.0,
                0.0,
                0.0
            ]
        },
        "joint_pos": [
            1.650092285032656e-10,
            2.181097247255792e-10
        ],
        "joint_vel": [
            2.668007458909408e-15,
            4.583070576692772e-13
        ],
        "non_kin": {
            "Temperature": {
                "temperature": 23.0
            }
        }
    },
    "floor.n.01_1": {
        "is_asleep": false,
        "root_link": {
            "pos": [
                -5.369476318359375,
                5.505799293518066,
                -0.15000003576278687
            ],
            "ori": [
                0.0,
                0.0,
                0.0,
                1.0
            ]
        },
        "non_kin": {}
    },
    "robot_poses": {
        "R1Pro": [
            {
                "position": [
                    -4.504356384277344,
                    3.2296791076660156,
                    0.003765106201171875
                ],
                "orientation": [
                    0.0,
                    0.0,
                    0.7357581257820129,
                    0.6772444248199463
                ]
            }
        ],
        "Fetch": [
            {
                "position": [
                    -2.29483962059021,
                    4.466952323913574,
                    0.001293271780014038
                ],
                "orientation": [
                    0.0028408020734786987,
                    0.000821530818939209,
                    0.960594892501831,
                    -0.2779363989830017
                ]
            }
        ],
        "R1": [
            {
                "position": [
                    -5.159592151641846,
                    3.9529149532318115,
                    0.003765106201171875
                ],
                "orientation": [
                    0.003062628209590912,
                    -0.004020138643682003,
                    -0.9857599139213562,
                    0.16808311641216278
                ]
            }
        ],
        "Stretch": [
            {
                "position": [
                    -5.370494365692139,
                    2.685006856918335,
                    -0.0007992535829544067
                ],
                "orientation": [
                    0.00143539160490036,
                    0.0013853234704583883,
                    -0.7191330194473267,
                    0.6948696374893188
                ]
            }
        ],
        "Tiago": [
            {
                "position": [
                    -4.968293190002441,
                    3.2975995540618896,
                    0.00034427642822265625
                ],
                "orientation": [
                    2.5579367957107024e-08,
                    -2.9662434286592543e-08,
                    -0.9842312932014465,
                    0.1768864095211029
                ]
            }
        ]
    }
}