{
    "agent.n.01_1": {
        "is_asleep": false,
        "root_link": {
            "pos": [
                -50.0,
                -50.0,
                -50.0
            ],
            "ori": [
                0.0,
                0.0,
                0.0,
                1.0
            ],
            "lin_vel": [
                0.0,
                0.0,
                0.0
            ],
            "ang_vel": [
                0.0,
                0.0,
                0.0
            ]
        },
        "joint_pos": [
            47.43010711669922,
            53.44868469238281,
            50.00376510620117,
            0.0056526316329836845,
            -0.008380207233130932,
            -1.459588885307312,
            -7.10361564415507e-05,
            -0.00026189882191829383,
            0.00011178707063663751,
            3.9522660699731205e-06,
            -9.138978384726215e-06,
            3.6035758967045695e-05,
            1.9059985876083374,
            1.9060001373291016,
            -0.9909947514533997,
            -0.9909994006156921,
            1.5709984302520752,
            1.5710006952285767,
            0.9150035977363586,
            0.9150022864341736,
            -1.5709973573684692,
            -1.5710004568099976,
            0.0499998964369297,
            0.04999999329447746,
            0.049999915063381195,
            0.049999888986349106
        ],
        "joint_vel": [
            0.00015381867706310004,
            -1.702140798442997e-05,
            -0.001121228327974677,
            -0.00044080300722271204,
            -0.0002089367335429415,
            7.71632585383486e-06,
            0.0012258912902325392,
            -0.0003786020097322762,
            0.0004359057638794184,
            0.0009022706071846187,
            0.0006512439576908946,
            0.0005219315062277019,
            -0.0015647197142243385,
            0.0019198175286874175,
            -0.0007143650436773896,
            6.043756729923189e-05,
            0.0007619397365488112,
            0.0006973669514991343,
            -0.0011497364612296224,
            0.0008674244163557887,
            -0.0007056277245283127,
            -0.0006443213787861168,
            1.9474138753139414e-05,
            -1.0989560905727558e-07,
            -1.3600292732007802e-06,
            1.4294709217210766e-05
        ],
        "controllers": {
            "base": {
                "goal_is_valid": true,
                "goal": {
                    "target": [
                        0.0,
                        0.0,
                        0.0
                    ]
                }
            },
            "trunk": {
                "goal_is_valid": true,
                "goal": {
                    "target": [
                        -7.034651207504794e-05,
                        -0.00026055864873342216,
                        0.00011164616444148123,
                        3.3347100725222845e-06
                    ]
                }
            },
            "arm_left": {
                "goal_is_valid": true,
                "goal": {
                    "target_pos": [
                        0.5446212291717529,
                        0.39684832096099854,
                        1.4467847347259521
                    ],
                    "target_ori_mat": [
                        [
                            -0.006778359413146973,
                            4.674261435866356e-05,
                            0.9999769330024719
                        ],
                        [
                            0.0031173862516880035,
                            -0.9999949932098389,
                            6.78749056532979e-05
                        ],
                        [
                            0.9999720454216003,
                            0.003117774613201618,
                            0.006778359413146973
                        ]
                    ]
                },
                "control_filter": {
                    "past_samples": [
                        [
                            -8.981594874057919e-06,
                            1.9059984683990479,
                            -0.9909946918487549,
                            1.5709987878799438,
                            0.9150046706199646,
                            -1.5709974765777588
                        ],
                        [
                            -6.909760486450978e-06,
                            1.9060027599334717,
                            -0.991003155708313,
                            1.5709991455078125,
                            0.9150002002716064,
                            -1.570998191833496
                        ]
                    ],
                    "current_idx": 0,
                    "fully_filled": true
                }
            },
            "gripper_left": {
                "goal_is_valid": true,
                "goal": {
                    "target": [
                        1.0
                    ]
                },
                "vel_filter": {
                    "past_samples": [
                        [
                            7.152556918299524e-06,
                            8.940696147874405e-07
                        ],
                        [
                            -1.788139229574881e-06,
                            4.4703480739372026e-07
                        ],
                        [
                            -4.917382739222376e-06,
                            2.6822087875189027e-06
                        ],
                        [
                            5.811452410853235e-06,
                            -4.4703480739372026e-07
                        ],
                        [
                            -8.046627044677734e-06,
                            -2.235173951703473e-06
                        ]
                    ],
                    "current_idx": 2,
                    "fully_filled": true
                }
            },
            "arm_right": {
                "goal_is_valid": true,
                "goal": {
                    "target_pos": [
                        0.5446257591247559,
                        -0.3968372344970703,
                        1.4439866542816162
                    ],
                    "target_ori_mat": [
                        [
                            0.005850315093994141,
                            -3.5765115171670914e-06,
                            0.9999827742576599
                        ],
                        [
                            -0.00466366671025753,
                            -0.9999887943267822,
                            2.3707281798124313e-05
                        ],
                        [
                            0.9999719262123108,
                            -0.004663725383579731,
                            -0.005849957466125488
                        ]
                    ]
                },
                "control_filter": {
                    "past_samples": [
                        [
                            3.558836397132836e-05,
                            1.9060012102127075,
                            -0.9909985661506653,
                            1.571000099182129,
                            0.9150028824806213,
                            -1.5709997415542603
                        ],
                        [
                            3.4008196962531656e-05,
                            1.906005859375,
                            -0.9910069108009338,
                            1.571000337600708,
                            0.9149989485740662,
                            -1.5710002183914185
                        ]
                    ],
                    "current_idx": 0,
                    "fully_filled": true
                }
            },
            "gripper_right": {
                "goal_is_valid": true,