{
    "car.n.01_1": {
        "is_asleep": false,
        "root_link": {
            "pos": [
                -4.43150520324707,
                6.887782573699951,
                0.6677820682525635
            ],
            "ori": [
                0.0,
                0.0,
                0.0,
                1.000000238418579
            ],
            "lin_vel": [
                0.0,
                0.0,
                0.0
            ],
            "ang_vel": [
                0.0,
                0.0,
                0.0
            ]
        },
        "joint_pos": [
            2.530726909637451
        ],
        "joint_vel": [
            -7.472560348276147e-09
        ],
        "non_kin": {
            "Temperature": {
                "temperature": 23.0
            },
            "AttachedTo": {
                "attached_obj_uuid": -1
            }
        }
    },
    "sack.n.01_1": {
        "is_asleep": false,
        "root_link": {
            "pos": [
                -6.632360458374023,
                6.741191387176514,
                0.8918535709381104
            ],
            "ori": [
                -0.021224431693553925,
                0.024012617766857147,
                -0.6794425845146179,
                0.7330285906791687
            ],
            "lin_vel": [
                -0.03357299789786339,
                0.02804224193096161,
                -0.048493605107069016
            ],
            "ang_vel": [
                -0.21420668065547943,
                -0.5441485643386841,
                -0.017231320962309837
            ]
        },
        "non_kin": {
            "Temperature": {
                "temperature": 23.0
            }
        }
    },
    "beefsteak_tomato.n.01_1": {
        "is_asleep": false,
        "root_link": {
            "pos": [
                -6.61873722076416,
                6.737034797668457,
                0.9808388948440552
            ],
            "ori": [
                0.13801740109920502,
                -0.08633724600076675,
                0.9865387082099915,
                -0.015447087585926056
            ],
            "lin_vel": [
                -0.007716091815382242,
                -0.01683587022125721,
                -0.0611097477376461
            ],
            "ang_vel": [
                0.4096487760543823,
                -0.006532495841383934,
                -0.25177592039108276
            ]
        },
        "non_kin": {
            "Temperature": {
                "temperature": 23.0
            },
            "MaxTemperature": {
                "max_temperature": 23.0
            }
        }
    },
    "carton__of__milk.n.01_1": {
        "is_asleep": false,
        "root_link": {
            "pos": [
                -6.620972156524658,
                6.746117115020752,
                0.8648901581764221
            ],
            "ori": [
                -0.019767217338085175,
                0.028727363795042038,
                -0.6736725568771362,
                0.7382068037986755
            ],
            "lin_vel": [
                0.02292121760547161,
                -0.0027831057086586952,
                -0.05785926803946495
            ],
            "ang_vel": [
                -0.000151823740452528,
                -0.2219473123550415,
                -0.22838623821735382
            ]
        },
        "non_kin": {}
    },
    "electric_refrigerator.n.01_1": {
        "is_asleep": true,
        "root_link": {
            "pos": [
                5.201407432556152,
                -0.5687668919563293,
                0.9560030698776245
            ],
            "ori": [
                -2.1987594664096832e-05,
                1.063948730006814e-06,
                0.7071042060852051,
                0.7071110010147095
            ],
            "lin_vel": [
                0.0,
                0.0,
                0.0
            ],
            "ang_vel": [
                0.0,
                0.0,
                0.0
            ]
        },
        "joint_pos": [
            1.650092285032656e-10,
            2.181097247255792e-10
        ],
        "joint_vel": [
            1.778092833425648e-15,
            4.583070034591685e-13
        ],
        "non_kin": {
            "Temperature": {
                "temperature": 23.0
            }
        }
    },
    "floor.n.01_1": {
        "is_asleep": false,
        "root_link": {
            "pos": [
                -5.369476318359375,
                5.505799293518066,
                -0.15000003576278687
            ],
            "ori": [
                0.0,
                0.0,
                0.0,
                1.0
            ]
        },
        "non_kin": {}
    },
    "robot_poses": {
        "R1Pro": [
            {
                "position": [
                    -6.38543701171875,
                    4.5301055908203125,
                    0.003765106201171875
                ],
                "orientation": [
                    0.0,
                    0.0,
                    0.8890557289123535,
                    0.4577989876270294
                ]
            }
        ],
        "Fetch": [
            {
                "position": [
                    -4.187015533447266,
                    4.8886284828186035,
                    0.0012934207916259766
                ],
                "orientation": [
                    0.0025599151849746704,
                    -0.001480216160416603,
                    0.8657599687576294,
                    0.5004507303237915
                ]
            }
        ],
        "R1": [
            {
                "position": [
                    -6.5503926277160645,
                    3.2334766387939453,
                    0.003765106201171875
                ],
                "orientation": [
                    0.004924851469695568,
                    -0.0011349351843819022,
                    -0.6508263349533081,
                    0.759209930896759
                ]
            }
        ],
        "Stretch": [
            {
                "position": [
                    -2.4385595321655273,
                    5.435983180999756,
                    -0.0007995814085006714
                ],
                "orientation": [
                    -0.0015077237039804459,
                    0.0013057524338364601,
                    0.7559166550636292,
                    0.654664933681488
                ]
            }
        ],
        "Tiago": [
            {
                "position": [
                    -5.233353614807129,
                    3.7755186557769775,
                    0.00034427642822265625
                ],
                "orientation": [
                    1.5524687313472896e-08,
                    6.124054863221318e-08,
                    -0.8808513879776001,
                    0.47339314222335815
                ]
            }
        ]
    }
}