{
    "car.n.01_1": {
        "is_asleep": false,
        "root_link": {
            "pos": [
                -4.43150520324707,
                6.887782573699951,
                0.6677820682525635
            ],
            "ori": [
                0.0,
                0.0,
                0.0,
                1.000000238418579
            ],
            "lin_vel": [
                0.0,
                0.0,
                0.0
            ],
            "ang_vel": [
                0.0,
                0.0,
                0.0
            ]
        },
        "joint_pos": [
            2.530726909637451
        ],
        "joint_vel": [
            -7.472560348276147e-09
        ],
        "non_kin": {
            "Temperature": {
                "temperature": 23.0
            },
            "AttachedTo": {
                "attached_obj_uuid": -1
            }
        }
    },
    "sack.n.01_1": {
        "is_asleep": false,
        "root_link": {
            "pos": [
                -6.46244478225708,
                6.672446250915527,
                0.8804030418395996
            ],
            "ori": [
                0.019569234922528267,
                0.03294900059700012,
                0.5449504256248474,
                0.8375921249389648
            ],
            "lin_vel": [
                0.012634891085326672,
                0.007670878432691097,
                -0.016633158549666405
            ],
            "ang_vel": [
                -0.08716607093811035,
                0.022997207939624786,
                0.05780675262212753
            ]
        },
        "non_kin": {
            "Temperature": {
                "temperature": 23.0
            }
        }
    },
    "beefsteak_tomato.n.01_1": {
        "is_asleep": false,
        "root_link": {
            "pos": [
                -6.45867395401001,
                6.665647029876709,
                0.9702164530754089
            ],
            "ori": [
                0.04597333446145058,
                -0.10125158727169037,
                0.7448732256889343,
                0.657874345779419
            ],
            "lin_vel": [
                -0.006542468909174204,
                -0.013937758281826973,
                -0.03165847435593605
            ],
            "ang_vel": [
                -0.10232444852590561,
                0.05532538518309593,
                -0.535686731338501
            ]
        },
        "non_kin": {
            "Temperature": {
                "temperature": 23.0
            },
            "MaxTemperature": {
                "max_temperature": 23.0
            }
        }
    },
    "carton__of__milk.n.01_1": {
        "is_asleep": false,
        "root_link": {
            "pos": [
                -6.4520039558410645,
                6.6699018478393555,
                0.8533932566642761
            ],
            "ori": [
                0.014596769586205482,
                0.03573707863688469,
                0.5283289551734924,
                0.8481616973876953
            ],
            "lin_vel": [
                0.0036504538729786873,
                -0.00445751054212451,
                -0.027593092992901802
            ],
            "ang_vel": [
                0.026077058166265488,
                -0.13693495094776154,
                0.01148760411888361
            ]
        },
        "non_kin": {}
    },
    "electric_refrigerator.n.01_1": {
        "is_asleep": true,
        "root_link": {
            "pos": [
                5.201407432556152,
                -0.5687668919563293,
                0.9560030698776245
            ],
            "ori": [
                -2.1987594664096832e-05,
                1.063948730006814e-06,
                0.7071042060852051,
                0.7071110010147095
            ],
            "lin_vel": [
                0.0,
                0.0,
                0.0
            ],
            "ang_vel": [
                0.0,
                0.0,
                0.0
            ]
        },
        "joint_pos": [
            1.650092285032656e-10,
            2.181097247255792e-10
        ],
        "joint_vel": [
            1.778092833425648e-15,
            4.583070034591685e-13
        ],
        "non_kin": {
            "Temperature": {
                "temperature": 23.0
            }
        }
    },
    "floor.n.01_1": {
        "is_asleep": false,
        "root_link": {
            "pos": [
                -5.369476318359375,
                5.505799293518066,
                -0.15000003576278687
            ],
            "ori": [
                0.0,
                0.0,
                0.0,
                1.0
            ]
        },
        "non_kin": {}
    },
    "robot_poses": {
        "R1Pro": [
            {
                "position": [
                    -2.816455841064453,
                    4.950138092041016,
                    0.003765106201171875
                ],
                "orientation": [
                    0.0,
                    0.0,
                    0.4946768581867218,
                    0.8690769672393799
                ]
            }
        ],
        "Fetch": [
            {
                "position": [
                    -7.308988571166992,
                    3.7480876445770264,
                    0.0012932121753692627
                ],
                "orientation": [
                    -0.0022612065076828003,
                    -0.0018988344818353653,
                    -0.7657292485237122,
                    0.6431564688682556
                ]
            }
        ],
        "R1": [
            {
                "position": [
                    -7.0589985847473145,
                    3.446791648864746,
                    0.003765106201171875
                ],
                "orientation": [
                    -0.00010216981172561646,
                    0.005052986554801464,
                    0.8951675295829773,
                    0.44570133090019226
                ]
            }
        ],
        "Stretch": [
            {
                "position": [
                    -3.9085309505462646,
                    3.2735931873321533,
                    -0.0007995665073394775
                ],
                "orientation": [
                    0.0012566670775413513,
                    0.0015487091150134802,
                    -0.6300527453422546,
                    0.7765499353408813
                ]
            }
        ],
        "Tiago": [
            {
                "position": [
                    -4.424530982971191,
                    4.657770156860352,
                    0.00034427642822265625
                ],
                "orientation": [
                    -1.426010669547395e-07,
                    -6.026615295695592e-08,
                    0.9716412425041199,
                    0.23645983636379242
                ]
            }
        ]
    }
}