{
    "car.n.01_1": {
        "is_asleep": false,
        "root_link": {
            "pos": [
                -4.43150520324707,
                6.887782573699951,
                0.6677820682525635
            ],
            "ori": [
                0.0,
                0.0,
                0.0,
                1.000000238418579
            ],
            "lin_vel": [
                0.0,
                0.0,
                0.0
            ],
            "ang_vel": [
                0.0,
                0.0,
                0.0
            ]
        },
        "joint_pos": [
            2.5307271480560303
        ],
        "joint_vel": [
            -7.471114393808875e-09
        ],
        "non_kin": {
            "Temperature": {
                "temperature": 23.0
            },
            "AttachedTo": {
                "attached_obj_uuid": -1
            }
        }
    },
    "sack.n.01_1": {
        "is_asleep": false,
        "root_link": {
            "pos": [
                -6.506552696228027,
                6.893608570098877,
                0.8836662173271179
            ],
            "ori": [
                0.015407737344503403,
                0.03243998810648918,
                0.42864078283309937,
                0.9027610421180725
            ],
            "lin_vel": [
                0.024570878595113754,
                0.030827945098280907,
                -0.005002041347324848
            ],
            "ang_vel": [
                -0.040287625044584274,
                0.28175830841064453,
                -0.04465616121888161
            ]
        },
        "non_kin": {
            "Temperature": {
                "temperature": 23.0
            }
        }
    },
    "beefsteak_tomato.n.01_1": {
        "is_asleep": false,
        "root_link": {
            "pos": [
                -6.511938571929932,
                6.8939313888549805,
                0.9406733512878418
            ],
            "ori": [
                -0.06312748789787292,
                -0.07774659246206284,
                0.1673511266708374,
                0.9807977676391602
            ],
            "lin_vel": [
                -0.004350172355771065,
                -0.012474002316594124,
                -0.012576557695865631
            ],
            "ang_vel": [
                0.41370514035224915,
                -0.07799018174409866,
                -0.6041029095649719
            ]
        },
        "non_kin": {
            "Temperature": {
                "temperature": 23.0
            },
            "MaxTemperature": {
                "max_temperature": 23.0
            }
        }
    },
    "carton__of__milk.n.01_1": {
        "is_asleep": false,
        "root_link": {
            "pos": [
                -6.519649982452393,
                6.904640197753906,
                0.8473592400550842
            ],
            "ori": [
                0.03570571541786194,
                -0.010498383082449436,
                0.9179328680038452,
                -0.39498627185821533
            ],
            "lin_vel": [
                -0.0016039274632930756,
                0.013461053371429443,
                -0.010995253920555115
            ],
            "ang_vel": [
                0.2472866326570511,
                -0.031134823337197304,
                -0.21131564676761627
            ]
        },
        "non_kin": {}
    },
    "electric_refrigerator.n.01_1": {
        "is_asleep": true,
        "root_link": {
            "pos": [
                5.201407432556152,
                -0.5687668323516846,
                0.956002950668335
            ],
            "ori": [
                -2.1988525986671448e-05,
                1.0630174074321985e-06,
                0.7071042060852051,
                0.707111120223999
            ],
            "lin_vel": [
                0.0,
                0.0,
                0.0
            ],
            "ang_vel": [
                0.0,
                0.0,
                0.0
            ]
        },
        "joint_pos": [
            1.650092285032656e-10,
            2.181097247255792e-10
        ],
        "joint_vel": [
            2.668007458909408e-15,
            4.583070576692772e-13
        ],
        "non_kin": {
            "Temperature": {
                "temperature": 23.0
            }
        }
    },
    "floor.n.01_1": {
        "is_asleep": false,
        "root_link": {
            "pos": [
                -5.369476318359375,
                5.505799293518066,
                -0.15000003576278687
            ],
            "ori": [
                0.0,
                0.0,
                0.0,
                1.0
            ]
        },
        "non_kin": {}
    },
    "robot_poses": {
        "R1Pro": [
            {
                "position": [
                    -5.575008392333984,
                    3.9496726989746094,
                    0.003765106201171875
                ],
                "orientation": [
                    0.0,
                    0.0,
                    0.3219398558139801,
                    0.9467601180076599
                ]
            }
        ],
        "Fetch": [
            {
                "position": [
                    -7.816474914550781,
                    4.563945770263672,
                    0.001293271780014038
                ],
                "orientation": [
                    0.000977158546447754,
                    -0.002788289450109005,
                    0.33069854974746704,
                    0.9437318444252014
                ]
            }
        ],
        "R1": [
            {
                "position": [
                    -6.396984577178955,
                    5.009295463562012,
                    0.003765106201171875
                ],
                "orientation": [
                    0.004620354622602463,
                    -0.0020488665904849768,
                    -0.7829791903495789,
                    0.6220275163650513
                ]
            }
        ],
        "Stretch": [
            {
                "position": [
                    -4.558870792388916,
                    5.000113010406494,
                    -0.0007995665073394775
                ],
                "orientation": [
                    -0.001810658723115921,
                    -0.0008359886123798788,
                    0.9079262018203735,
                    -0.4191252589225769
                ]
            }
        ],
        "Tiago": [
            {
                "position": [
                    -3.188145875930786,
                    4.698681354522705,
                    0.00034427642822265625
                ],
                "orientation": [
                    -3.330111653099266e-08,
                    1.112569805172825e-07,
                    0.4040455222129822,
                    0.9147388935089111
                ]
            }
        ]
    }
}