{
    "car.n.01_1": {
        "is_asleep": false,
        "root_link": {
            "pos": [
                -4.43150520324707,
                6.887782573699951,
                0.6677820682525635
            ],
            "ori": [
                0.0,
                0.0,
                0.0,
                1.000000238418579
            ],
            "lin_vel": [
                0.0,
                0.0,
                0.0
            ],
            "ang_vel": [
                0.0,
                0.0,
                0.0
            ]
        },
        "joint_pos": [
            2.5307271480560303
        ],
        "joint_vel": [
            -7.471114393808875e-09
        ],
        "non_kin": {
            "Temperature": {
                "temperature": 23.0
            },
            "AttachedTo": {
                "attached_obj_uuid": -1
            }
        }
    },
    "sack.n.01_1": {
        "is_asleep": false,
        "root_link": {
            "pos": [
                -6.58278751373291,
                6.578892707824707,
                0.8888520002365112
            ],
            "ori": [
                0.03376146778464317,
                0.010409887880086899,
                0.9569700360298157,
                0.2880280017852783
            ],
            "lin_vel": [
                -0.003976515028625727,
                0.005703815259039402,
                -0.08697012066841125
            ],
            "ang_vel": [
                -0.13763178884983063,
                0.04663100466132164,
                0.017540279775857925
            ]
        },
        "non_kin": {
            "Temperature": {
                "temperature": 23.0
            }
        }
    },
    "beefsteak_tomato.n.01_1": {
        "is_asleep": false,
        "root_link": {
            "pos": [
                -6.587001323699951,
                6.578502655029297,
                0.9456743001937866
            ],
            "ori": [
                -0.04070521891117096,
                -0.09373967349529266,
                0.29767945408821106,
                0.9491803050041199
            ],
            "lin_vel": [
                -0.010619709268212318,
                -0.013910597190260887,
                -0.10272277146577835
            ],
            "ang_vel": [
                -0.02961910516023636,
                0.19909580051898956,
                -0.09770286828279495
            ]
        },
        "non_kin": {
            "Temperature": {
                "temperature": 23.0
            },
            "MaxTemperature": {
                "max_temperature": 23.0
            }
        }
    },
    "carton__of__milk.n.01_1": {
        "is_asleep": false,
        "root_link": {
            "pos": [
                -6.5731940269470215,
                6.583757400512695,
                0.8511170744895935
            ],
            "ori": [
                -0.00966800469905138,
                0.028935719281435013,
                -0.29012593626976013,
                0.9565020799636841
            ],
            "lin_vel": [
                -0.01041946280747652,
                -0.002672067377716303,
                -0.09852687269449234
            ],
            "ang_vel": [
                -0.011057868599891663,
                -0.0059874095022678375,
                -0.12173818051815033
            ]
        },
        "non_kin": {}
    },
    "electric_refrigerator.n.01_1": {
        "is_asleep": true,
        "root_link": {
            "pos": [
                5.201407432556152,
                -0.5687667727470398,
                0.9560027718544006
            ],
            "ori": [
                -2.1987594664096832e-05,
                1.064065145328641e-06,
                0.707103967666626,
                0.7071108818054199
            ],
            "lin_vel": [
                0.0,
                0.0,
                0.0
            ],
            "ang_vel": [
                0.0,
                0.0,
                0.0
            ]
        },
        "joint_pos": [
            1.650092285032656e-10,
            2.181097247255792e-10
        ],
        "joint_vel": [
            2.668007458909408e-15,
            4.583070576692772e-13
        ],
        "non_kin": {
            "Temperature": {
                "temperature": 23.0
            }
        }
    },
    "floor.n.01_1": {
        "is_asleep": false,
        "root_link": {
            "pos": [
                -5.369476318359375,
                5.505799293518066,
                -0.15000003576278687
            ],
            "ori": [
                0.0,
                0.0,
                0.0,
                1.0
            ]
        },
        "non_kin": {}
    },
    "robot_poses": {
        "R1Pro": [
            {
                "position": [
                    -7.703388214111328,
                    6.926597595214844,
                    0.003765106201171875
                ],
                "orientation": [
                    0.0,
                    0.0,
                    0.7695534825325012,
                    0.6385824084281921
                ]
            }
        ],
        "Fetch": [
            {
                "position": [
                    -7.3996663093566895,
                    6.780440807342529,
                    0.001293182373046875
                ],
                "orientation": [
                    0.0028990954160690308,
                    -0.0005765054374933243,
                    0.9807969927787781,
                    0.19500932097434998
                ]
            }
        ],
        "R1": [
            {
                "position": [
                    -5.5350422859191895,
                    3.8398244380950928,
                    0.003765106201171875
                ],
                "orientation": [
                    0.0038634780794382095,
                    -0.0032583167776465416,
                    -0.9256445169448853,
                    0.3783607482910156
                ]
            }
        ],
        "Stretch": [
            {
                "position": [
                    -2.691490888595581,
                    2.9036662578582764,
                    -0.0007995516061782837
                ],
                "orientation": [
                    -0.0019694939255714417,
                    -0.0003142493078485131,
                    0.987511157989502,
                    -0.157537043094635
                ]
            }
        ],
        "Tiago": [
            {
                "position": [
                    -5.9235124588012695,
                    5.375328063964844,
                    0.00034427642822265625
                ],
                "orientation": [
                    4.415465681972819e-08,
                    -7.857110517761612e-09,
                    -0.8225632309913635,
                    0.568673849105835
                ]
            }
        ]
    }
}