{
    "agent.n.01_1": {
        "is_asleep": false,
        "root_link": {
            "pos": [
                -50.0,
                -50.0,
                -50.0
            ],
            "ori": [
                0.0,
                0.0,
                0.0,
                1.0
            ],
            "lin_vel": [
                0.0,
                0.0,
                0.0
            ],
            "ang_vel": [
                0.0,
                0.0,
                0.0
            ]
        },
        "joint_pos": [
            44.77227783203125,
            53.37699508666992,
            50.00376510620117,
            -0.009805528447031975,
            0.0024560049641877413,
            2.4139673709869385,
            -7.108884892659262e-05,
            -0.00026075917412526906,
            0.00011106806778116152,
            4.836786047235364e-06,
            -5.694286301149987e-06,
            3.312190165161155e-05,
            1.9060038328170776,
            1.906006932258606,
            -0.9910048842430115,
            -0.9910093545913696,
            1.5710002183914185,
            1.5709991455078125,
            0.9149996638298035,
            0.9149991273880005,
            -1.570997953414917,
            -1.570999026298523,
            0.05000000074505806,
            0.04999992623925209,
            0.04999986290931702,
            0.05000000074505806
        ],
        "joint_vel": [
            3.347546225995757e-05,
            -8.929020623327233e-06,
            -0.000809462508186698,
            -6.0794165619881824e-05,
            -0.00010007069067796692,
            7.574701157864183e-05,
            -0.00010604473209241405,
            -0.00019743008306249976,
            0.00013840750034432858,
            0.00021869203192181885,
            0.00010002341150538996,
            0.00014260513125918806,
            -0.00040626467671245337,
            0.0003508990921545774,
            -6.66152045596391e-05,
            9.118529123952612e-05,
            0.00011706787336152047,
            0.00015020610589999706,
            -0.00025821002782322466,
            0.00023931730538606644,
            -0.000158037175424397,
            -0.00012869448983110487,
            2.1691343135898933e-05,
            -9.880823199637234e-07,
            1.6799815057311207e-05,
            8.300326044263784e-06
        ],
        "controllers": {
            "base": {
                "goal_is_valid": true,
                "goal": {
                    "target": [
                        0.0,
                        0.0,
                        0.0
                    ]
                }
            },
            "trunk": {
                "goal_is_valid": true,
                "goal": {
                    "target": [
                        -7.0435184170492e-05,
                        -0.0002607436035759747,
                        0.00011166412150487304,
                        3.354411774125765e-06
                    ]
                }
            },
            "arm_left": {
                "goal_is_valid": true,
                "goal": {
                    "target_pos": [
                        0.5446219444274902,
                        0.3968481421470642,
                        1.4467843770980835
                    ],
                    "target_ori_mat": [
                        [
                            -0.006778120994567871,
                            4.6594650484621525e-05,
                            0.9999769926071167
                        ],
                        [
                            0.003117671702057123,
                            -0.9999949932098389,
                            6.772822234779596e-05
                        ],
                        [
                            0.9999721050262451,
                            0.0031180591322481632,
                            0.006778061389923096
                        ]
                    ]
                },
                "control_filter": {
                    "past_samples": [
                        [
                            -5.323816367308609e-06,
                            1.9060057401657104,
                            -0.9910084009170532,
                            1.5710004568099976,
                            0.9149994850158691,
                            -1.570999026298523
                        ],
                        [
                            -6.254093932511751e-06,
                            1.9060026407241821,
                            -0.9910038709640503,
                            1.5710002183914185,
                            0.9150004386901855,
                            -1.5709989070892334
                        ]
                    ],
                    "current_idx": 0,
                    "fully_filled": true
                }
            },
            "gripper_left": {
                "goal_is_valid": true,
                "goal": {
                    "target": [
                        1.0
                    ]
                },
                "vel_filter": {
                    "past_samples": [
                        [
                            7.599591754114954e-06,
                            -8.493661880493164e-06
                        ],
                        [
                            -2.548098382249009e-05,
                            1.609325408935547e-05
                        ],
                        [
                            4.470347903406946e-06,
                            -3.576278459149762e-06
                        ],
                        [
                            0.0,
                            1.3411043937594513e-06
                        ],
                        [
                            -1.788139229574881e-06,
                            0.0
                        ]
                    ],
                    "current_idx": 2,
                    "fully_filled": true
                }
            },
            "arm_right": {
                "goal_is_valid": true,
                "goal": {
                    "target_pos": [
                        0.5446252822875977,
                        -0.3968372941017151,
                        1.4439862966537476
                    ],
                    "target_ori_mat": [
                        [
                            0.005850017070770264,
                            -3.909924998879433e-06,
                            0.9999828338623047
                        ],
                        [
                            -0.004663935862481594,
                            -0.9999890327453613,
                            2.337433397769928e-05
                        ],
                        [
                            0.9999719858169556,
                            -0.004663992673158646,
                            -0.0058498382568359375
                        ]
                    ]
                },
                "control_filter": {
                    "past_samples": [
                        [
                            3.290165841463022e-05,
                            1.9060101509094238,
                            -0.9910134077072144,
                            1.570999264717102,
                            0.9149963855743408,
                            -1.5709993839263916
                        ],
                        [
                            3.4379190765321255e-05,
                            1.9060063362121582,
                            -0.991004228591919,
                            1.5709997415542603,
                            0.9150016903877258,
                            -1.5709993839263916
                        ]
                    ],
                    "current_idx": 0,
                    "fully_filled": true
                }
            },
            "gripper_right": {
                "goal_is_valid": true,