{
    "ashcan.n.01_1": {
        "is_asleep": true,
        "root_link": {
            "pos": [
                6.115353107452393,
                2.1926305294036865,
                0.1348358541727066
            ],
            "ori": [
                -5.00120222568512e-07,
                -9.729701559990644e-07,
                0.9697858095169067,
                0.24395903944969177
            ],
            "lin_vel": [
                0.0,
                0.0,
                0.0
            ],
            "ang_vel": [
                0.0,
                0.0,
                0.0
            ]
        },
        "non_kin": {
            "Temperature": {
                "temperature": 23.0
            }
        }
    },
    "can__of__soda.n.01_1": {
        "is_asleep": true,
        "root_link": {
            "pos": [
                4.659656524658203,
                6.058229923248291,
                0.07145711034536362
            ],
            "ori": [
                -5.086301825940609e-06,
                -0.00020088872406631708,
                0.8274445533752441,
                0.5615472793579102
            ],
            "lin_vel": [
                0.0,
                0.0,
                0.0
            ],
            "ang_vel": [
                0.0,
                0.0,
                0.0
            ]
        },
        "non_kin": {}
    },
    "can__of__soda.n.01_2": {
        "is_asleep": true,
        "root_link": {
            "pos": [
                5.141686916351318,
                4.475869178771973,
                0.07145720720291138
            ],
            "ori": [
                1.682923175394535e-05,
                -0.00019806649652309716,
                0.8794430494308472,
                0.4760042428970337
            ],
            "lin_vel": [
                0.0,
                0.0,
                0.0
            ],
            "ang_vel": [
                0.0,
                0.0,
                0.0
            ]
        },
        "non_kin": {}
    },
    "can__of__soda.n.01_3": {
        "is_asleep": true,
        "root_link": {
            "pos": [
                4.505609035491943,
                5.683508396148682,
                0.06461404263973236
            ],
            "ori": [
                -0.0005180123262107372,
                -0.00010608014417812228,
                0.9994745254516602,
                -0.03241473436355591
            ],
            "lin_vel": [
                0.0,
                0.0,
                0.0
            ],
            "ang_vel": [
                0.0,
                0.0,
                0.0
            ]
        },
        "non_kin": {}
    },
    "floor.n.01_1": {
        "is_asleep": false,
        "root_link": {
            "pos": [
                3.866909980773926,
                5.666343688964844,
                -0.15000006556510925
            ],
            "ori": [
                0.0,
                0.0,
                0.0,
                1.0
            ]
        },
        "non_kin": {}
    },
    "floor.n.01_2": {
        "is_asleep": false,
        "root_link": {
            "pos": [
                4.8314337730407715,
                1.1399084329605103,
                -0.15000006556510925
            ],
            "ori": [
                0.0,
                0.0,
                0.0,
                1.0
            ]
        },
        "non_kin": {}
    },
    "robot_poses": {
        "R1Pro": [
            {
                "position": [
                    5.986064910888672,
                    1.0336647033691406,
                    0.003765106201171875
                ],
                "orientation": [
                    0.0,
                    0.0,
                    -0.6363796591758728,
                    0.7713760137557983
                ]
            }
        ],
        "Fetch": [
            {
                "position": [
                    7.160760402679443,
                    0.2568812072277069,
                    0.0012934505939483643
                ],
                "orientation": [
                    0.0029516667127609253,
                    -0.0001266375184059143,
                    0.9990752339363098,
                    0.04289517551660538
                ]
            }
        ],
        "R1": [
            {
                "position": [
                    6.321921348571777,
                    0.3780122995376587,
                    0.003765106201171875
                ],
                "orientation": [
                    -0.000626908615231514,
                    0.005014992784708738,
                    0.93666011095047,
                    0.3502034544944763
                ]
            }
        ],
        "Stretch": [
            {
                "position": [
                    4.338691234588623,
                    3.3443102836608887,
                    -0.0007994472980499268
                ],
                "orientation": [
                    -0.0003915727138519287,
                    0.001956507097929716,
                    0.19649620354175568,
                    0.980502724647522
                ]
            }
        ],
        "Tiago": [
            {
                "position": [
                    3.4316012859344482,
                    3.1642987728118896,
                    0.00034427642822265625
                ],
                "orientation": [
                    7.919478406392955e-08,
                    4.323629809732665e-08,
                    -0.9616934061050415,
                    0.2741273045539856
                ]
            }
        ]
    }
}