{
    "agent.n.01_1": {
        "is_asleep": false,
        "root_link": {
            "pos": [
                -50.0,
                -50.0,
                -50.0
            ],
            "ori": [
                0.0,
                0.0,
                0.0,
                1.0
            ],
            "lin_vel": [
                0.0,
                0.0,
                0.0
            ],
            "ang_vel": [
                0.0,
                0.0,
                0.0
            ]
        },
        "joint_pos": [
            56.97761535644531,
            50.476402282714844,
            50.00376510620117,
            -0.010088454931974411,
            -0.0006338396342471242,
            2.722109794616699,
            -7.015107257757336e-05,
            -0.0002605474437586963,
            0.00011198998981853947,
            4.694723429565784e-06,
            -6.7770356508845e-06,
            3.4414839319651946e-05,
            1.9060019254684448,
            1.906005620956421,
            -0.9909989833831787,
            -0.9910078048706055,
            1.570999026298523,
            1.5710012912750244,
            0.9150028824806213,
            0.9149991273880005,
            -1.5709969997406006,
            -1.5710006952285767,
            0.04999997466802597,
            0.049999918788671494,
            0.0499999076128006,
            0.04999993368983269
        ],
        "joint_vel": [
            -0.00047948257997632027,
            1.4826349797658622e-05,
            -0.0009820086415857077,
            0.00044463344966061413,
            0.001277038361877203,
            -0.0005071396590210497,
            0.0017575114034116268,
            -0.000276884064078331,
            0.00023880176013335586,
            8.998604607768357e-05,
            0.0004126718267798424,
            0.0006219777278602123,
            -0.0013331598602235317,
            0.0011526902671903372,
            -0.00015523919137194753,
            0.0002868578303605318,
            0.0005688779056072235,
            0.0010380647145211697,
            -0.0008741809870116413,
            0.0008399205980822444,
            -0.000639891775790602,
            -0.0008777815965004265,
            2.500456503184978e-05,
            2.1695950636058114e-06,
            -6.825121090514585e-08,
            1.8736536731012166e-05
        ],
        "controllers": {
            "base": {
                "goal_is_valid": true,
                "goal": {
                    "target": [
                        0.0,
                        0.0,
                        0.0
                    ]
                }
            },
            "trunk": {
                "goal_is_valid": true,
                "goal": {
                    "target": [
                        -7.039474439807236e-05,
                        -0.00026065873680636287,
                        0.00011165546311531216,
                        3.329222408865462e-06
                    ]
                }
            },
            "arm_left": {
                "goal_is_valid": true,
                "goal": {
                    "target_pos": [
                        0.5446209907531738,
                        0.396848201751709,
                        1.4467847347259521
                    ],
                    "target_ori_mat": [
                        [
                            -0.006778120994567871,
                            4.642584826797247e-05,
                            0.9999769330024719
                        ],
                        [
                            0.0031177145428955555,
                            -0.9999948740005493,
                            6.755976937711239e-05
                        ],
                        [
                            0.9999720454216003,
                            0.0031181008089333773,
                            0.006778240203857422
                        ]
                    ]
                },
                "control_filter": {
                    "past_samples": [
                        [
                            -6.232559826457873e-06,
                            1.9060026407241821,
                            -0.991001546382904,
                            1.5709991455078125,
                            0.9150024056434631,
                            -1.5709980726242065
                        ],
                        [
                            -6.833150564489188e-06,
                            1.9060008525848389,
                            -0.9909980297088623,
                            1.5709987878799438,
                            0.9150046110153198,
                            -1.5709980726242065
                        ]
                    ],
                    "current_idx": 1,
                    "fully_filled": true
                }
            },
            "gripper_left": {
                "goal_is_valid": true,
                "goal": {
                    "target": [
                        1.0
                    ]
                },
                "vel_filter": {
                    "past_samples": [
                        [
                            -6.258487246668665e-06,
                            -2.235173951703473e-06
                        ],
                        [
                            7.152556918299524e-06,
                            2.235173951703473e-06
                        ],
                        [
                            -3.576278459149762e-06,
                            -4.023313522338867e-06
                        ],
                        [
                            3.576278459149762e-06,
                            1.788139229574881e-06
                        ],
                        [
                            1.3411043937594513e-06,
                            2.6822087875189027e-06
                        ]
                    ],
                    "current_idx": 3,
                    "fully_filled": true
                }
            },
            "arm_right": {
                "goal_is_valid": true,
                "goal": {
                    "target_pos": [
                        0.5446248054504395,
                        -0.3968372344970703,
                        1.4439867734909058
                    ],
                    "target_ori_mat": [
                        [
                            0.005850315093994141,
                            -3.846362233161926e-06,
                            0.9999827742576599
                        ],
                        [
                            -0.00466366671025753,
                            -0.9999887943267822,
                            2.343743108212948e-05
                        ],
                        [
                            0.9999719262123108,
                            -0.004663724452257156,
                            -0.005849957466125488
                        ]
                    ]
                },
                "control_filter": {
                    "past_samples": [
                        [
                            3.3400585380150005e-05,
                            1.9060062170028687,
                            -0.9910073280334473,
                            1.571000099182129,
                            0.9149987697601318,
                            -1.5709999799728394
                        ],
                        [
                            3.481144449324347e-05,
                            1.906006932258606,
                            -0.9910074472427368,
                            1.5710015296936035,
                            0.9149988293647766,
                            -1.5710006952285767
                        ]
                    ],
                    "current_idx": 1,
                    "fully_filled": true
                }
            },
            "gripper_right": {
                "goal_is_valid": true,