{
    "agent.n.01_1": {
        "is_asleep": false,
        "root_link": {
            "pos": [
                -50.0,
                -50.0,
                -50.0
            ],
            "ori": [
                0.0,
                0.0,
                0.0,
                1.0
            ],
            "lin_vel": [
                0.0,
                0.0,
                0.0
            ],
            "ang_vel": [
                0.0,
                0.0,
                0.0
            ]
        },
        "joint_pos": [
            55.87416458129883,
            52.393577575683594,
            50.00376510620117,
            0.009583773091435432,
            -0.0032141937408596277,
            -0.8057482838630676,
            -6.887930067023262e-05,
            -0.00025770996580831707,
            0.00011152325168950483,
            3.93720438296441e-06,
            -8.28649353934452e-06,
            3.6257053579902276e-05,
            1.9059979915618896,
            1.9059996604919434,
            -0.9909980297088623,
            -0.9909974932670593,
            1.5709999799728394,
            1.5710006952285767,
            0.9150002598762512,
            0.9150038957595825,
            -1.5709984302520752,
            -1.5710006952285767,
            0.04999992251396179,
            0.04999997466802597,
            0.04999992623925209,
            0.049999937415122986
        ],
        "joint_vel": [
            0.001263539306819439,
            3.849829954560846e-05,
            -0.0007735404651612043,
            0.00022814361727796495,
            0.00018611196719575673,
            0.0006334337522275746,
            -0.0010022049536928535,
            0.0007445153314620256,
            0.0002839058870449662,
            0.001704048947431147,
            0.00035873224260285497,
            0.0009722050745040178,
            -0.0013544221874326468,
            0.0005390940932556987,
            0.000603790336754173,
            0.0005588876665569842,
            0.0008195210830308497,
            0.001738891238346696,
            -0.0006577911553904414,
            0.0010098433122038841,
            -0.000884086883161217,
            -0.0013931188732385635,
            1.7527576346765272e-05,
            3.357578862051014e-06,
            -2.3588472686242312e-07,
            1.2880391295766458e-05
        ],
        "controllers": {
            "base": {
                "goal_is_valid": true,
                "goal": {
                    "target": [
                        0.0,
                        0.0,
                        0.0
                    ]
                }
            },
            "trunk": {
                "goal_is_valid": true,
                "goal": {
                    "target": [
                        -7.04364720149897e-05,
                        -0.000260746106505394,
                        0.00011166450713062659,
                        3.3590899874980096e-06
                    ]
                }
            },
            "arm_left": {
                "goal_is_valid": true,
                "goal": {
                    "target_pos": [
                        0.5446209907531738,
                        0.3968491554260254,
                        1.4467846155166626
                    ],
                    "target_ori_mat": [
                        [
                            -0.006778120994567871,
                            4.721281584352255e-05,
                            0.9999769330024719
                        ],
                        [
                            0.003117891028523445,
                            -0.9999948740005493,
                            6.834813393652439e-05
                        ],
                        [
                            0.9999720454216003,
                            0.003118282649666071,
                            0.006778240203857422
                        ]
                    ]
                },
                "control_filter": {
                    "past_samples": [
                        [
                            -9.19369631446898e-06,
                            1.905996561050415,
                            -0.9909981489181519,
                            1.570999264717102,
                            0.9150000810623169,
                            -1.5709985494613647
                        ],
                        [
                            -1.0152955837838817e-05,
                            1.9059937000274658,
                            -0.9909895658493042,
                            1.571000337600708,
                            0.9150053262710571,
                            -1.5709991455078125
                        ]
                    ],
                    "current_idx": 0,
                    "fully_filled": true
                }
            },
            "gripper_left": {
                "goal_is_valid": true,
                "goal": {
                    "target": [
                        1.0
                    ]
                },
                "vel_filter": {
                    "past_samples": [
                        [
                            2.235173951703473e-06,
                            -1.251697449333733e-05
                        ],
                        [
                            -1.788139229574881e-06,
                            1.4752148672414478e-05
                        ],
                        [
                            7.152556918299524e-06,
                            -2.458691415085923e-05
                        ],
                        [
                            -1.072883515007561e-05,
                            2.503394898667466e-05
                        ],
                        [
                            5.811452410853235e-06,
                            -1.251697449333733e-05
                        ]
                    ],
                    "current_idx": 0,
                    "fully_filled": true
                }
            },
            "arm_right": {
                "goal_is_valid": true,
                "goal": {
                    "target_pos": [
                        0.5446245670318604,
                        -0.3968367576599121,
                        1.4439868927001953
                    ],
                    "target_ori_mat": [
                        [
                            0.005850017070770264,
                            -3.7513673305511475e-06,
                            0.9999827742576599
                        ],
                        [
                            -0.004663610365241766,
                            -0.9999889135360718,
                            2.3530563339591026e-05
                        ],
                        [
                            0.9999719262123108,
                            -0.0046636685729026794,
                            -0.005849719047546387
                        ]
                    ]
                },
                "control_filter": {
                    "past_samples": [
                        [
                            3.65820451406762e-05,
                            1.9059996604919434,
                            -0.9909951686859131,
                            1.5709997415542603,
                            0.9150044322013855,
                            -1.570999264717102
                        ],
                        [
                            3.872062734444626e-05,
                            1.9059962034225464,
                            -0.990991473197937,
                            1.571000576019287,
                            0.9150049090385437,
                            -1.571000099182129
                        ]
                    ],
                    "current_idx": 0,
                    "fully_filled": true
                }
            },
            "gripper_right": {
                "goal_is_valid": true,