{
    "agent.n.01_1": {
        "is_asleep": false,
        "root_link": {
            "pos": [
                -50.0,
                -50.0,
                -50.0
            ],
            "ori": [
                0.0,
                0.0,
                0.0,
                1.0
            ],
            "lin_vel": [
                0.0,
                0.0,
                0.0
            ],
            "ang_vel": [
                0.0,
                0.0,
                0.0
            ]
        },
        "joint_pos": [
            55.6843147277832,
            52.71956253051758,
            50.00376510620117,
            -0.005975870881229639,
            -0.008152826689183712,
            -2.685555934906006,
            -7.047662802506238e-05,
            -0.00026000995421782136,
            0.00011122604337288067,
            4.3609366002783645e-06,
            -7.383237061731052e-06,
            3.51353628502693e-05,
            1.9060016870498657,
            1.9060031175613403,
            -0.9909999966621399,
            -0.9910029172897339,
            1.5709996223449707,
            1.571000337600708,
            0.9150010347366333,
            0.9150015115737915,
            -1.5709985494613647,
            -1.5710008144378662,
            0.049999892711639404,
            0.04999985545873642,
            0.0499998964369297,
            0.04999993368983269
        ],
        "joint_vel": [
            4.354096745373681e-05,
            -0.00013918548938818276,
            -0.0009825258748605847,
            0.00012322960537858307,
            0.00010271315841237083,
            0.00014911282050888985,
            0.0007205462316051126,
            -0.0003530805406626314,
            0.0004926564288325608,
            0.0012858351692557335,
            0.0003358439716976136,
            0.0007565624546259642,
            -0.0016721972497180104,
            0.00140175421256572,
            -7.935846224427223e-05,
            0.00026559163234196603,
            0.0004543133545666933,
            0.0011745447991415858,
            -0.0013145048869773746,
            0.0012215077877044678,
            -0.0005572920781560242,
            -0.0009192224824801087,
            3.9846363506512716e-05,
            -1.290020463784458e-07,
            -7.86671898822533e-06,
            1.6379699445678852e-05
        ],
        "controllers": {
            "base": {
                "goal_is_valid": true,
                "goal": {
                    "target": [
                        0.0,
                        0.0,
                        0.0
                    ]
                }
            },
            "trunk": {
                "goal_is_valid": true,
                "goal": {
                    "target": [
                        -7.040121272439137e-05,
                        -0.00026067212456837296,
                        0.00011165674368385226,
                        3.3093556339736097e-06
                    ]
                }
            },
            "arm_left": {
                "goal_is_valid": true,
                "goal": {
                    "target_pos": [
                        0.544621467590332,
                        0.39684849977493286,
                        1.446784496307373
                    ],
                    "target_ori_mat": [
                        [
                            -0.00677800178527832,
                            4.673807416111231e-05,
                            0.9999769330024719
                        ],
                        [
                            0.003117865417152643,
                            -0.9999949932098389,
                            6.787257734686136e-05
                        ],
                        [
                            0.9999720454216003,
                            0.003118253778666258,
                            0.006778061389923096
                        ]
                    ]
                },
                "control_filter": {
                    "past_samples": [
                        [
                            -6.9938846536388155e-06,
                            1.9060009717941284,
                            -0.9910016655921936,
                            1.5710002183914185,
                            0.915000855922699,
                            -1.570999264717102
                        ],
                        [
                            -7.88294983067317e-06,
                            1.9060007333755493,
                            -0.9910004138946533,
                            1.5709991455078125,
                            0.9150019288063049,
                            -1.5709986686706543
                        ]
                    ],
                    "current_idx": 0,
                    "fully_filled": true
                }
            },
            "gripper_left": {
                "goal_is_valid": true,
                "goal": {
                    "target": [
                        1.0
                    ]
                },
                "vel_filter": {
                    "past_samples": [
                        [
                            -4.023313522338867e-06,
                            -5.364417575037805e-06
                        ],
                        [
                            2.6822087875189027e-06,
                            6.258487246668665e-06
                        ],
                        [
                            -3.576278459149762e-06,
                            -8.940695806813892e-06
                        ],
                        [
                            6.258487246668665e-06,
                            7.599591754114954e-06
                        ],
                        [
                            3.576278459149762e-06,
                            7.599591754114954e-06
                        ]
                    ],
                    "current_idx": 4,
                    "fully_filled": true
                }
            },
            "arm_right": {
                "goal_is_valid": true,
                "goal": {
                    "target_pos": [
                        0.5446248054504395,
                        -0.3968367874622345,
                        1.4439867734909058
                    ],
                    "target_ori_mat": [
                        [
                            0.005850017070770264,
                            -4.121335223317146e-06,
                            0.9999829530715942
                        ],
                        [
                            -0.004663430154323578,
                            -0.9999891519546509,
                            2.3160362616181374e-05
                        ],
                        [
                            0.9999721050262451,
                            -0.00466348510235548,
                            -0.005849957466125488
                        ]
                    ]
                },
                "control_filter": {
                    "past_samples": [
                        [
                            3.486058267299086e-05,
                            1.9060041904449463,
                            -0.99100261926651,
                            1.5709996223449707,
                            0.915001392364502,
                            -1.5709996223449707
                        ],
                        [
                            3.6241781344870105e-05,
                            1.906004548072815,
                            -0.9910034537315369,
                            1.5710011720657349,
                            0.915000855922699,
                            -1.5710009336471558
                        ]
                    ],
                    "current_idx": 0,
                    "fully_filled": true
                }
            },
            "gripper_right": {
                "goal_is_valid": true,