{
    "agent.n.01_1": {
        "is_asleep": false,
        "root_link": {
            "pos": [
                -50.0,
                -50.0,
                -50.0
            ],
            "ori": [
                0.0,
                0.0,
                0.0,
                1.0
            ],
            "lin_vel": [
                0.0,
                0.0,
                0.0
            ],
            "ang_vel": [
                0.0,
                0.0,
                0.0
            ]
        },
        "joint_pos": [
            56.15242385864258,
            52.34487533569336,
            50.00376510620117,
            0.0011363041121512651,
            -0.010044301860034466,
            -1.9403799772262573,
            -7.145611743908376e-05,
            -0.0002605316985864192,
            0.00011077664385084063,
            4.039642590214498e-06,
            -4.54386645287741e-06,
            3.333725544507615e-05,
            1.905998706817627,
            1.9060076475143433,
            -0.9910061955451965,
            -0.9910051822662354,
            1.5710011720657349,
            1.571000099182129,
            0.9149928092956543,
            0.9150034785270691,
            -1.5709993839263916,
            -1.5710009336471558,
            0.049999840557575226,
            0.04999976605176926,
            0.049999743700027466,
            0.04999995231628418
        ],
        "joint_vel": [
            0.00014697245205752552,
            -6.477102579083294e-05,
            -0.0011036003706976771,
            -0.00046457297867164016,
            -9.210462303599343e-05,
            0.00017305021174252033,
            0.0010006766533479095,
            -0.000877499405760318,
            0.0004799437883775681,
            0.001176744233816862,
            0.0007213540375232697,
            0.000596520199906081,
            -0.0024022350553423166,
            0.0019691558554768562,
            -0.00016134590259753168,
            0.0004735706315841526,
            0.000939967401791364,
            0.000747192301787436,
            -0.001185980043374002,
            0.0012168745743110776,
            -0.0008536704699508846,
            -0.0006976649165153503,
            3.674809340736829e-05,
            3.379122063051909e-06,
            9.310309906140901e-06,
            1.9724659068742767e-05
        ],
        "controllers": {
            "base": {
                "goal_is_valid": true,
                "goal": {
                    "target": [
                        0.0,
                        0.0,
                        0.0
                    ]
                }
            },
            "trunk": {
                "goal_is_valid": true,
                "goal": {
                    "target": [
                        -7.038575131446123e-05,
                        -0.0002606392663437873,
                        0.00011165297473780811,
                        3.278730901001836e-06
                    ]
                }
            },
            "arm_left": {
                "goal_is_valid": true,
                "goal": {
                    "target_pos": [
                        0.5446209907531738,
                        0.3968496322631836,
                        1.4467839002609253
                    ],
                    "target_ori_mat": [
                        [
                            -0.006777644157409668,
                            4.6983594074845314e-05,
                            0.9999771118164062
                        ],
                        [
                            0.003117921994999051,
                            -0.999995231628418,
                            6.81169331073761e-05
                        ],
                        [
                            0.9999722242355347,
                            0.0031183119863271713,
                            0.006777346134185791
                        ]
                    ]
                },
                "control_filter": {
                    "past_samples": [
                        [
                            -4.689065008278703e-06,
                            1.905998706817627,
                            -0.9910070300102234,
                            1.5710015296936035,
                            0.9149931073188782,
                            -1.5709997415542603
                        ],
                        [
                            -4.380604423204204e-06,
                            1.905998706817627,
                            -0.9910070300102234,
                            1.5710017681121826,
                            0.9149929285049438,
                            -1.5710002183914185
                        ]
                    ],
                    "current_idx": 0,
                    "fully_filled": true
                }
            },
            "gripper_left": {
                "goal_is_valid": true,
                "goal": {
                    "target": [
                        1.0
                    ]
                },
                "vel_filter": {
                    "past_samples": [
                        [
                            1.788139229574881e-06,
                            5.811452410853235e-06
                        ],
                        [
                            4.023313522338867e-06,
                            1.3411043937594513e-06
                        ],
                        [
                            -6.7055220824840944e-06,
                            -7.152556918299524e-06
                        ],
                        [
                            5.364417575037805e-06,
                            1.251697449333733e-05
                        ],
                        [
                            -6.258487246668665e-06,
                            -1.072883515007561e-05
                        ]
                    ],
                    "current_idx": 4,
                    "fully_filled": true
                }
            },
            "arm_right": {
                "goal_is_valid": true,
                "goal": {
                    "target_pos": [
                        0.5446248054504395,
                        -0.3968362808227539,
                        1.443986415863037
                    ],
                    "target_ori_mat": [
                        [
                            0.005850315093994141,
                            -3.973487764596939e-06,
                            0.9999828338623047
                        ],
                        [
                            -0.004663131665438414,
                            -0.9999890327453613,
                            2.3307744413614273e-05
                        ],
                        [
                            0.9999719858169556,
                            -0.004663188010454178,
                            -0.00585019588470459
                        ]
                    ]
                },
                "control_filter": {
                    "past_samples": [
                        [
                            3.337375892442651e-05,
                            1.9060087203979492,
                            -0.9910069108009338,
                            1.5709996223449707,
                            0.9150018692016602,
                            -1.5709998607635498
                        ],
                        [
                            3.3775391784729436e-05,
                            1.906008005142212,
                            -0.9910025000572205,
                            1.571000099182129,
                            0.9150057435035706,
                            -1.5710004568099976
                        ]
                    ],
                    "current_idx": 0,
                    "fully_filled": true
                }
            },
            "gripper_right": {
                "goal_is_valid": true,