{
    "ashcan.n.01_1": {
        "is_asleep": false,
        "root_link": {
            "pos": [
                7.48033332824707,
                2.676038980484009,
                0.13483569025993347
            ],
            "ori": [
                1.0388903319835663e-06,
                4.3751788325607777e-07,
                0.9991034269332886,
                0.04233716428279877
            ],
            "lin_vel": [
                -0.00017663186008576304,
                -0.00038015941390767694,
                -7.493134762626141e-05
            ],
            "ang_vel": [
                0.0008096317760646343,
                -0.000978492316789925,
                -0.0013896587770432234
            ]
        },
        "non_kin": {
            "Temperature": {
                "temperature": 23.0
            }
        }
    },
    "can__of__soda.n.01_1": {
        "is_asleep": true,
        "root_link": {
            "pos": [
                4.260007858276367,
                6.799366474151611,
                0.07145721465349197
            ],
            "ori": [
                -0.00017108353495132178,
                7.451145211234689e-05,
                -0.8203741908073425,
                0.571827232837677
            ],
            "lin_vel": [
                0.0,
                0.0,
                0.0
            ],
            "ang_vel": [
                0.0,
                0.0,
                0.0
            ]
        },
        "non_kin": {}
    },
    "can__of__soda.n.01_2": {
        "is_asleep": true,
        "root_link": {
            "pos": [
                4.640259265899658,
                3.968033790588379,
                0.07145717740058899
            ],
            "ori": [
                -0.00019619973318185657,
                5.81627718929667e-05,
                -0.7685862183570862,
                0.6397465467453003
            ],
            "lin_vel": [
                0.0,
                0.0,
                0.0
            ],
            "ang_vel": [
                0.0,
                0.0,
                0.0
            ]
        },
        "non_kin": {}
    },
    "can__of__soda.n.01_3": {
        "is_asleep": true,
        "root_link": {
            "pos": [
                4.530434608459473,
                4.303462982177734,
                0.06461407989263535
            ],
            "ori": [
                -0.00019509675621520728,
                0.0004080405051354319,
                0.0988810807466507,
                0.9950992465019226
            ],
            "lin_vel": [
                0.0,
                0.0,
                0.0
            ],
            "ang_vel": [
                0.0,
                0.0,
                0.0
            ]
        },
        "non_kin": {}
    },
    "floor.n.01_1": {
        "is_asleep": false,
        "root_link": {
            "pos": [
                3.866909980773926,
                5.666343688964844,
                -0.15000006556510925
            ],
            "ori": [
                0.0,
                0.0,
                0.0,
                1.0
            ]
        },
        "non_kin": {}
    },
    "floor.n.01_2": {
        "is_asleep": false,
        "root_link": {
            "pos": [
                4.8314337730407715,
                1.1399084329605103,
                -0.15000006556510925
            ],
            "ori": [
                0.0,
                0.0,
                0.0,
                1.0
            ]
        },
        "non_kin": {}
    },
    "robot_poses": {
        "R1Pro": [
            {
                "position": [
                    3.6907501220703125,
                    2.8614349365234375,
                    0.003765106201171875
                ],
                "orientation": [
                    0.0,
                    0.0,
                    -0.46042779088020325,
                    0.887697160243988
                ]
            }
        ],
        "Fetch": [
            {
                "position": [
                    6.114180564880371,
                    1.487502932548523,
                    0.0012931525707244873
                ],
                "orientation": [
                    0.00290052592754364,
                    -0.0005760937929153442,
                    0.9808733463287354,
                    0.1946244239807129
                ]
            }
        ],
        "R1": [
            {
                "position": [
                    5.733428478240967,
                    2.5605835914611816,
                    0.003765106201171875
                ],
                "orientation": [
                    0.005015023052692413,
                    -0.0006279338849708438,
                    -0.5701777338981628,
                    0.8215059041976929
                ]
            }
        ],
        "Stretch": [
            {
                "position": [
                    6.4518046379089355,
                    0.41043922305107117,
                    -0.0007993727922439575
                ],
                "orientation": [
                    -0.0017809271812438965,
                    0.0008994347299449146,
                    0.8927445411682129,
                    0.45055869221687317
                ]
            }
        ],
        "Tiago": [
            {
                "position": [
                    3.440523862838745,
                    3.1043334007263184,
                    0.00034427642822265625
                ],
                "orientation": [
                    5.9678839647858695e-09,
                    5.649410894648099e-08,
                    0.9350436329841614,
                    0.3545326590538025
                ]
            }
        ]
    }
}