{
    "ashcan.n.01_1": {
        "is_asleep": true,
        "root_link": {
            "pos": [
                6.819915771484375,
                1.9519529342651367,
                0.1348358690738678
            ],
            "ori": [
                -1.4472752809524536e-06,
                -1.0587755241431296e-06,
                -0.3298964202404022,
                0.944017231464386
            ],
            "lin_vel": [
                0.0,
                0.0,
                0.0
            ],
            "ang_vel": [
                0.0,
                0.0,
                0.0
            ]
        },
        "non_kin": {
            "Temperature": {
                "temperature": 23.0
            }
        }
    },
    "can__of__soda.n.01_1": {
        "is_asleep": true,
        "root_link": {
            "pos": [
                3.5885396003723145,
                4.042324066162109,
                0.07145720720291138
            ],
            "ori": [
                -0.00017619424033910036,
                8.51323566166684e-05,
                -0.8533337712287903,
                0.5213651061058044
            ],
            "lin_vel": [
                0.0,
                0.0,
                0.0
            ],
            "ang_vel": [
                0.0,
                0.0,
                0.0
            ]
        },
        "non_kin": {}
    },
    "can__of__soda.n.01_2": {
        "is_asleep": true,
        "root_link": {
            "pos": [
                3.6198651790618896,
                6.66410493850708,
                0.07145742326974869
            ],
            "ori": [
                -0.00011667551007121801,
                7.61358896852471e-05,
                -0.8241053223609924,
                0.566436767578125
            ],
            "lin_vel": [
                0.0,
                0.0,
                0.0
            ],
            "ang_vel": [
                0.0,
                0.0,
                0.0
            ]
        },
        "non_kin": {}
    },
    "can__of__soda.n.01_3": {
        "is_asleep": true,
        "root_link": {
            "pos": [
                5.1802215576171875,
                4.571730613708496,
                0.0646071508526802
            ],
            "ori": [
                -0.00041879061609506607,
                0.00021758885122835636,
                -0.7791978120803833,
                0.6267780661582947
            ],
            "lin_vel": [
                0.0,
                0.0,
                0.0
            ],
            "ang_vel": [
                0.0,
                0.0,
                0.0
            ]
        },
        "non_kin": {}
    },
    "floor.n.01_1": {
        "is_asleep": false,
        "root_link": {
            "pos": [
                3.866909980773926,
                5.666343688964844,
                -0.15000006556510925
            ],
            "ori": [
                0.0,
                0.0,
                0.0,
                1.0
            ]
        },
        "non_kin": {}
    },
    "floor.n.01_2": {
        "is_asleep": false,
        "root_link": {
            "pos": [
                4.8314337730407715,
                1.1399084329605103,
                -0.15000006556510925
            ],
            "ori": [
                0.0,
                0.0,
                0.0,
                1.0
            ]
        },
        "non_kin": {}
    },
    "robot_poses": {
        "R1Pro": [
            {
                "position": [
                    2.3826141357421875,
                    2.9773178100585938,
                    0.003765106201171875
                ],
                "orientation": [
                    0.0,
                    0.0,
                    -0.2905419170856476,
                    0.9568622708320618
                ]
            }
        ],
        "Fetch": [
            {
                "position": [
                    6.959672451019287,
                    1.366325855255127,
                    0.0012932419776916504
                ],
                "orientation": [
                    -0.001977205276489258,
                    -0.002199123613536358,
                    -0.6685022711753845,
                    0.7437041997909546
                ]
            }
        ],
        "R1": [
            {
                "position": [
                    7.145637035369873,
                    2.6027767658233643,
                    0.003765106201171875
                ],
                "orientation": [
                    0.0011404063552618027,
                    0.004923896864056587,
                    0.7585155963897705,
                    0.6516353487968445
                ]
            }
        ],
        "Stretch": [
            {
                "position": [
                    3.339744806289673,
                    2.574564218521118,
                    -0.0007995665073394775
                ],
                "orientation": [
                    -0.00013586797285825014,
                    0.0019901306368410587,
                    0.06814916431903839,
                    0.9976732134819031
                ]
            }
        ],
        "Tiago": [
            {
                "position": [
                    3.4729678630828857,
                    3.1763105392456055,
                    0.00034427642822265625
                ],
                "orientation": [
                    -1.0635620384391586e-07,
                    -6.4296123980511766e-09,
                    -0.6991974115371704,
                    0.7149286270141602
                ]
            }
        ]
    }
}