{
    "ashcan.n.01_1": {
        "is_asleep": true,
        "root_link": {
            "pos": [
                5.947298526763916,
                2.4171175956726074,
                0.1348358690738678
            ],
            "ori": [
                7.329508662223816e-07,
                -1.6256672097370028e-06,
                0.8523520231246948,
                0.5229687094688416
            ],
            "lin_vel": [
                0.0,
                0.0,
                0.0
            ],
            "ang_vel": [
                0.0,
                0.0,
                0.0
            ]
        },
        "non_kin": {
            "Temperature": {
                "temperature": 23.0
            }
        }
    },
    "can__of__soda.n.01_1": {
        "is_asleep": true,
        "root_link": {
            "pos": [
                4.530383586883545,
                5.988414764404297,
                0.07145696133375168
            ],
            "ori": [
                -0.0001615075016161427,
                -0.00011340668424963951,
                0.04559702053666115,
                0.9989599585533142
            ],
            "lin_vel": [
                0.0,
                0.0,
                0.0
            ],
            "ang_vel": [
                0.0,
                0.0,
                0.0
            ]
        },
        "non_kin": {}
    },
    "can__of__soda.n.01_2": {
        "is_asleep": true,
        "root_link": {
            "pos": [
                2.7660317420959473,
                3.6114284992218018,
                0.07145702838897705
            ],
            "ori": [
                -0.00019305257592350245,
                -9.714518091641366e-05,
                -0.1346278339624405,
                0.9908963441848755
            ],
            "lin_vel": [
                0.0,
                0.0,
                0.0
            ],
            "ang_vel": [
                0.0,
                0.0,
                0.0
            ]
        },
        "non_kin": {}
    },
    "can__of__soda.n.01_3": {
        "is_asleep": true,
        "root_link": {
            "pos": [
                4.6984357833862305,
                6.805765628814697,
                0.06461405009031296
            ],
            "ori": [
                -0.0005852414760738611,
                0.00012531498214229941,
                -0.5134626626968384,
                0.8581119775772095
            ],
            "lin_vel": [
                0.0,
                0.0,
                0.0
            ],
            "ang_vel": [
                0.0,
                0.0,
                0.0
            ]
        },
        "non_kin": {}
    },
    "floor.n.01_1": {
        "is_asleep": false,
        "root_link": {
            "pos": [
                3.866909980773926,
                5.666343688964844,
                -0.15000006556510925
            ],
            "ori": [
                0.0,
                0.0,
                0.0,
                1.0
            ]
        },
        "non_kin": {}
    },
    "floor.n.01_2": {
        "is_asleep": false,
        "root_link": {
            "pos": [
                4.8314337730407715,
                1.1399084329605103,
                -0.15000006556510925
            ],
            "ori": [
                0.0,
                0.0,
                0.0,
                1.0
            ]
        },
        "non_kin": {}
    },
    "robot_poses": {
        "R1Pro": [
            {
                "position": [
                    6.6937103271484375,
                    2.15802001953125,
                    0.003765106201171875
                ],
                "orientation": [
                    0.0,
                    0.0,
                    -0.8031978011131287,
                    0.595712423324585
                ]
            }
        ],
        "Fetch": [
            {
                "position": [
                    3.73136568069458,
                    2.6738293170928955,
                    0.0012933909893035889
                ],
                "orientation": [
                    0.0010445527732372284,
                    -0.002763020806014538,
                    0.3537047207355499,
                    0.9353525638580322
                ]
            }
        ],
        "R1": [
            {
                "position": [
                    7.087714195251465,
                    1.6041316986083984,
                    0.003765106201171875
                ],
                "orientation": [
                    -0.0020552128553390503,
                    0.004617317114025354,
                    0.997978925704956,
                    0.06334434449672699
                ]
            }
        ],
        "Stretch": [
            {
                "position": [
                    5.644273281097412,
                    2.915898084640503,
                    -0.0007996112108230591
                ],
                "orientation": [
                    0.00047416798770427704,
                    0.0019370729569345713,
                    -0.23776958882808685,
                    0.9713196754455566
                ]
            }
        ],
        "Tiago": [
            {
                "position": [
                    2.9777472019195557,
                    0.1447005271911621,
                    0.00034427642822265625
                ],
                "orientation": [
                    6.166942512209062e-10,
                    2.505560559029618e-08,
                    -0.9548691511154175,
                    0.29702678322792053
                ]
            }
        ]
    }
}