{
    "ashcan.n.01_1": {
        "is_asleep": false,
        "root_link": {
            "pos": [
                6.039728164672852,
                1.5776022672653198,
                0.13483569025993347
            ],
            "ori": [
                1.9082799553871155e-06,
                -4.0467712096869946e-06,
                0.5833361148834229,
                0.8122309446334839
            ],
            "lin_vel": [
                -0.0004073225427418947,
                -0.00034102206700481474,
                5.128626071382314e-06
            ],
            "ang_vel": [
                0.0033655744045972824,
                -0.001982492860406637,
                -0.0005890293978154659
            ]
        },
        "non_kin": {
            "Temperature": {
                "temperature": 23.0
            }
        }
    },
    "can__of__soda.n.01_1": {
        "is_asleep": true,
        "root_link": {
            "pos": [
                5.346987247467041,
                6.8733062744140625,
                0.07145725190639496
            ],
            "ori": [
                -0.00017945529543794692,
                7.132375321816653e-05,
                -0.8106988072395325,
                0.5854635834693909
            ],
            "lin_vel": [
                0.0,
                0.0,
                0.0
            ],
            "ang_vel": [
                0.0,
                0.0,
                0.0
            ]
        },
        "non_kin": {}
    },
    "can__of__soda.n.01_2": {
        "is_asleep": true,
        "root_link": {
            "pos": [
                5.650904655456543,
                4.7729597091674805,
                0.07145743072032928
            ],
            "ori": [
                -0.00013979856157675385,
                -3.8766225770814344e-05,
                -0.14785002171993256,
                0.9890099167823792
            ],
            "lin_vel": [
                0.0,
                0.0,
                0.0
            ],
            "ang_vel": [
                0.0,
                0.0,
                0.0
            ]
        },
        "non_kin": {}
    },
    "can__of__soda.n.01_3": {
        "is_asleep": true,
        "root_link": {
            "pos": [
                4.732606410980225,
                4.841584205627441,
                0.06460432708263397
            ],
            "ori": [
                8.905635331757367e-05,
                -0.0003910255036316812,
                0.9780446887016296,
                0.20839542150497437
            ],
            "lin_vel": [
                0.0,
                0.0,
                0.0
            ],
            "ang_vel": [
                0.0,
                0.0,
                0.0
            ]
        },
        "non_kin": {}
    },
    "floor.n.01_1": {
        "is_asleep": false,
        "root_link": {
            "pos": [
                3.866909980773926,
                5.666343688964844,
                -0.15000006556510925
            ],
            "ori": [
                0.0,
                0.0,
                0.0,
                1.0
            ]
        },
        "non_kin": {}
    },
    "floor.n.01_2": {
        "is_asleep": false,
        "root_link": {
            "pos": [
                4.8314337730407715,
                1.1399084329605103,
                -0.15000006556510925
            ],
            "ori": [
                0.0,
                0.0,
                0.0,
                1.0
            ]
        },
        "non_kin": {}
    },
    "robot_poses": {
        "R1Pro": [
            {
                "position": [
                    2.141254425048828,
                    2.9938011169433594,
                    0.003765106201171875
                ],
                "orientation": [
                    0.0,
                    0.0,
                    0.29146596789360046,
                    0.956581175327301
                ]
            }
        ],
        "Fetch": [
            {
                "position": [
                    2.1761555671691895,
                    3.025916337966919,
                    0.0012934207916259766
                ],
                "orientation": [
                    0.002944275736808777,
                    -0.0002117753028869629,
                    0.9974167346954346,
                    0.07177213579416275
                ]
            }
        ],
        "R1": [
            {
                "position": [
                    2.9747495651245117,
                    2.811009407043457,
                    0.0037649869918823242
                ],
                "orientation": [
                    0.004420462995767593,
                    -0.002450590720400214,
                    -0.8350972533226013,
                    0.5500791668891907
                ]
            }
        ],
        "Stretch": [
            {
                "position": [
                    5.745030879974365,
                    0.22596552968025208,
                    -0.0007993876934051514
                ],
                "orientation": [
                    -0.0013656169176101685,
                    0.0014537028037011623,
                    0.684988796710968,
                    0.7285510897636414
                ]
            }
        ],
        "Tiago": [
            {
                "position": [
                    7.019412040710449,
                    2.6886932849884033,
                    0.00034427642822265625
                ],
                "orientation": [
                    4.301071143686386e-08,
                    -3.379881707843424e-09,
                    0.19899004697799683,
                    0.9800015091896057
                ]
            }
        ]
    }
}