{
    "agent.n.01_1": {
        "is_asleep": false,
        "root_link": {
            "pos": [
                -50.0,
                -50.0,
                -50.0
            ],
            "ori": [
                0.0,
                0.0,
                0.0,
                1.0
            ],
            "lin_vel": [
                0.0,
                0.0,
                0.0
            ],
            "ang_vel": [
                0.0,
                0.0,
                0.0
            ]
        },
        "joint_pos": [
            72.40284729003906,
            64.24823760986328,
            50.003753662109375,
            -0.008926374837756157,
            -0.0047422838397324085,
            -3.1355512142181396,
            -7.029130210867152e-05,
            -0.00026047250139527023,
            0.00011147805344080552,
            6.236625267774798e-06,
            -4.915602403343655e-06,
            3.415727405808866e-05,
            1.9059898853302002,
            1.9060019254684448,
            -0.9909914135932922,
            -0.9909937381744385,
            1.5710006952285767,
            1.571000576019287,
            0.9150070548057556,
            0.9150036573410034,
            -1.5709986686706543,
            -1.5709999799728394,
            0.04999985918402672,
            0.049999527633190155,
            0.049999337643384933,
            0.04999997839331627
        ],
        "joint_vel": [
            -0.0005155615508556366,
            0.00017918075900524855,
            0.0010587384458631277,
            -0.0013261389685794711,
            0.002673514187335968,
            0.00029074258054606616,
            0.00278697581961751,
            -0.0003679178189486265,
            -7.49793543945998e-05,
            -0.004331660456955433,
            -0.004704408347606659,
            0.003222708823159337,
            0.0027300179935991764,
            -0.0007629226893186569,
            -0.0012608098331838846,
            -0.0004101275699213147,
            -0.010702181607484818,
            0.006099221296608448,
            0.003649207064881921,
            -0.003448299365118146,
            0.007337675429880619,
            -0.003149591851979494,
            -1.5184705262072384e-06,
            5.029270687373355e-05,
            0.00012244749814271927,
            4.271264515409712e-06
        ],
        "controllers": {
            "base": {
                "goal_is_valid": true,
                "goal": {
                    "target": [
                        0.0,
                        0.0,
                        0.0
                    ]
                }
            },
            "trunk": {
                "goal_is_valid": true,
                "goal": {
                    "target": [
                        -7.034217560430989e-05,
                        -0.00026054837508127093,
                        0.00011164477473357692,
                        3.3155354230984813e-06
                    ]
                }
            },
            "arm_left": {
                "goal_is_valid": true,
                "goal": {
                    "target_pos": [
                        0.5446243286132812,
                        0.3968496322631836,
                        1.446784257888794
                    ],
                    "target_ori_mat": [
                        [
                            -0.00677800178527832,
                            4.669197369366884e-05,
                            0.9999769330024719
                        ],
                        [
                            0.0031177266500890255,
                            -0.9999949932098389,
                            6.782554555684328e-05
                        ],
                        [
                            0.9999720454216003,
                            0.003118114545941353,
                            0.006778061389923096
                        ]
                    ]
                },
                "control_filter": {
                    "past_samples": [
                        [
                            -5.034637524659047e-06,
                            1.9059942960739136,
                            -0.9909908175468445,
                            1.5710017681121826,
                            0.9150074124336243,
                            -1.5709998607635498
                        ],
                        [
                            -5.8315049500379246e-06,
                            1.905994176864624,
                            -0.9909903407096863,
                            1.5710011720657349,
                            0.915006697177887,
                            -1.5709993839263916
                        ]
                    ],
                    "current_idx": 1,
                    "fully_filled": true
                }
            },
            "gripper_left": {
                "goal_is_valid": true,
                "goal": {
                    "target": [
                        1.0
                    ]
                },
                "vel_filter": {
                    "past_samples": [
                        [
                            -4.917382739222376e-06,
                            1.296400932915276e-05
                        ],
                        [
                            4.917382739222376e-06,
                            -1.162290482170647e-05
                        ],
                        [
                            -1.117586998589104e-05,
                            7.599591754114954e-06
                        ],
                        [
                            -1.072883515007561e-05,
                            6.7055220824840944e-06
                        ],
                        [
                            8.493661880493164e-06,
                            -9.834765478444751e-06
                        ]
                    ],
                    "current_idx": 3,
                    "fully_filled": true
                }
            },
            "arm_right": {
                "goal_is_valid": true,
                "goal": {
                    "target_pos": [
                        0.5446243286132812,
                        -0.3968372344970703,
                        1.4439862966537476
                    ],
                    "target_ori_mat": [
                        [
                            0.005850315093994141,
                            -3.863358870148659e-06,
                            0.9999828338623047
                        ],
                        [
                            -0.004663440398871899,
                            -0.9999890327453613,
                            2.341950312256813e-05
                        ],
                        [
                            0.9999719858169556,
                            -0.00466349720954895,
                            -0.00585019588470459
                        ]
                    ]
                },
                "control_filter": {
                    "past_samples": [
                        [
                            3.359903712407686e-05,
                            1.906000018119812,
                            -0.9909942746162415,
                            1.5709997415542603,
                            0.9150032997131348,
                            -1.5709998607635498
                        ],
                        [
                            3.4025910281343386e-05,
                            1.9059990644454956,
                            -0.9909942150115967,
                            1.5709998607635498,
                            0.9150033593177795,
                            -1.5709998607635498
                        ]
                    ],
                    "current_idx": 1,
                    "fully_filled": true
                }
            },
            "gripper_right": {
                "goal_is_valid": true,