{
    "laptop.n.01_1": {
        "is_asleep": true,
        "root_link": {
            "pos": [
                20.690889358520508,
                12.740240097045898,
                0.5062973499298096
            ],
            "ori": [
                -0.02509000524878502,
                -0.004146976862102747,
                0.9925635457038879,
                0.11904191225767136
            ],
            "lin_vel": [
                0.0,
                0.0,
                0.0
            ],
            "ang_vel": [
                0.0,
                0.0,
                0.0
            ]
        },
        "joint_pos": [
            2.399829149246216
        ],
        "joint_vel": [
            0.0006308871088549495
        ],
        "non_kin": {
            "ToggledOn": {
                "value": false,
                "hand_in_marker_steps": 0
            }
        }
    },
    "desk.n.01_1": {
        "is_asleep": false,
        "root_link": {
            "pos": [
                23.909387588500977,
                13.200728416442871,
                0.4939129650592804
            ],
            "ori": [
                0.0,
                0.0,
                -0.0012448775814846158,
                0.9999992251396179
            ]
        },
        "non_kin": {}
    },
    "folder.n.02_1": {
        "is_asleep": true,
        "root_link": {
            "pos": [
                24.062273025512695,
                13.830839157104492,
                0.7876507043838501
            ],
            "ori": [
                -1.6255125956377015e-07,
                2.3948582565935794e-06,
                0.2374846637248993,
                0.9713913202285767
            ],
            "lin_vel": [
                0.0,
                0.0,
                0.0
            ],
            "ang_vel": [
                0.0,
                0.0,
                0.0
            ]
        },
        "non_kin": {}
    },
    "folder.n.02_2": {
        "is_asleep": true,
        "root_link": {
            "pos": [
                23.22271156311035,
                13.245545387268066,
                0.553341269493103
            ],
            "ori": [
                -0.005176127888262272,
                0.0660644993185997,
                0.9932776093482971,
                -0.09491349011659622
            ],
            "lin_vel": [
                0.0,
                0.0,
                0.0
            ],
            "ang_vel": [
                0.0,
                0.0,
                0.0
            ]
        },
        "non_kin": {}
    },
    "floor.n.01_1": {
        "is_asleep": false,
        "root_link": {
            "pos": [
                22.27508544921875,
                13.629399299621582,
                -0.13880956172943115
            ],
            "ori": [
                0.0,
                0.0,
                0.0,
                1.0
            ]
        },
        "non_kin": {}
    },
    "pencil.n.01_1": {
        "is_asleep": true,
        "root_link": {
            "pos": [
                23.794021606445312,
                13.051965713500977,
                0.7745987772941589
            ],
            "ori": [
                0.00012955476995557547,
                2.7000776753993705e-05,
                0.006015279795974493,
                0.9999820590019226
            ],
            "lin_vel": [
                0.0,
                0.0,
                0.0
            ],
            "ang_vel": [
                0.0,
                0.0,
                0.0
            ]
        },
        "non_kin": {}
    },
    "pen.n.01_1": {
        "is_asleep": true,
        "root_link": {
            "pos": [
                23.776830673217773,
                13.218914031982422,
                0.7739090919494629
            ],
            "ori": [
                0.00011834432370960712,
                0.0001209559413837269,
                0.6788042187690735,
                0.7343195080757141
            ],
            "lin_vel": [
                0.0,
                0.0,
                0.0
            ],
            "ang_vel": [
                0.0,
                0.0,
                0.0
            ]
        },
        "non_kin": {}
    },
    "pen.n.01_2": {
        "is_asleep": true,
        "root_link": {
            "pos": [
                23.638572692871094,
                13.996033668518066,
                0.7739096283912659
            ],
            "ori": [
                6.079545710235834e-05,
                3.978444146923721e-05,
                0.459970623254776,
                0.8879342675209045
            ],
            "lin_vel": [
                0.0,
                0.0,
                0.0
            ],
            "ang_vel": [
                0.0,
                0.0,
                0.0
            ]
        },
        "non_kin": {}
    },
    "stapler.n.01_1": {
        "is_asleep": true,
        "root_link": {
            "pos": [
                22.48241424560547,
                12.414420127868652,
                0.58655846118927
            ],
            "ori": [
                0.000531509518623352,
                0.00018494052346795797,
                0.944389283657074,
                -0.3288297653198242
            ],
            "lin_vel": [
                0.0,
                0.0,
                0.0
            ],
            "ang_vel": [
                0.0,
                0.0,
                0.0
            ]
        },
        "non_kin": {}
    },
    "paperback_book.n.01_1": {
        "is_asleep": true,
        "root_link": {
            "pos": [
                23.784467697143555,
                13.525476455688477,
                0.7771163582801819
            ],
            "ori": [
                3.2266160587823833e-07,
                -1.758720458155949e-07,
                -0.6320953965187073,
                0.774890661239624
            ],
            "lin_vel": [
                0.0,
                0.0,
                0.0
            ],
            "ang_vel": [
                0.0,
                0.0,
                0.0
            ]
        },
        "non_kin": {
            "Temperature": {
                "temperature": 23.0
            }
        }
    },
    "paperback_book.n.01_2": {
        "is_asleep": true,
        "root_link": {
            "pos": [
                23.750608444213867,
                12.900662422180176,
                0.7771164178848267
            ],
            "ori": [
                3.3934915677491517e-07,
                -6.239208971692278e-08,
                -0.21745136380195618,
                0.9760711789131165
            ],
            "lin_vel": [
                0.0,
                0.0,
                0.0
            ],
            "ang_vel": [
                0.0,
                0.0,
                0.0
            ]
        },
        "non_kin": {
            "Temperature": {
                "temperature": 23.0
            }
        }
    },
    "pencil_box.n.01_1": {
        "is_asleep": false,
        "root_link": {
            "pos": [
                23.84709358215332,
                12.459765434265137,
                0.8165010213851929
            ],
            "ori": [
                -0.0002293832367286086,
                1.9199331291019917e-05,
                -0.024852219969034195,
                0.9996912479400635
            ],
            "lin_vel": [
                0.00035479795769788325,
                -3.358250978635624e-05,
                -9.74611975834705e-06
            ],
            "ang_vel": [
                0.0008124173618853092,
                0.007561125326901674,
                1.7824933820520528e-05
            ]
        },
        "non_kin": {
            "Temperature": {
                "temperature": 23.0
            }
        }
    },
    "bookcase.n.01_1": {
        "is_asleep": false,