{
    "agent.n.01_1": {
        "is_asleep": false,
        "root_link": {
            "pos": [
                -50.0,
                -50.0,
                -50.0
            ],
            "ori": [
                0.0,
                0.0,
                0.0,
                1.0
            ],
            "lin_vel": [
                0.0,
                0.0,
                0.0
            ],
            "ang_vel": [
                0.0,
                0.0,
                0.0
            ]
        },
        "joint_pos": [
            72.55770111083984,
            64.24311828613281,
            50.003753662109375,
            -0.006334350910037756,
            0.007876354269683361,
            1.7657690048217773,
            -7.054720481391996e-05,
            -0.0002605473855510354,
            0.0001115468839998357,
            8.264233656518627e-06,
            -3.812548357018386e-06,
            3.299297532066703e-05,
            1.9059922695159912,
            1.906009316444397,
            -0.9909883737564087,
            -0.9910030961036682,
            1.571000576019287,
            1.5709997415542603,
            0.9150124192237854,
            0.9150015115737915,
            -1.5709991455078125,
            -1.5709996223449707,
            0.049999408423900604,
            0.04999898001551628,
            0.04999998211860657,
            0.04999900236725807
        ],
        "joint_vel": [
            -5.057064845459536e-05,
            0.0004512392042670399,
            0.0009066073689609766,
            0.00212126225233078,
            0.0009857058757916093,
            0.00041255838004872203,
            0.002464110730215907,
            -0.000472829065984115,
            0.00027769029838964343,
            -0.0033961136359721422,
            -0.004312146920710802,
            0.003220614045858383,
            0.0009931589011102915,
            0.00047904718667268753,
            -0.001237667165696621,
            0.0003018659190274775,
            -0.009539376012980938,
            0.0061376821249723434,
            0.0030563967302441597,
            -0.002172357402741909,
            0.006460672244429588,
            -0.0033693346194922924,
            -1.5007317415438592e-06,
            0.00010793536057462916,
            0.00012727286957670003,
            2.365821819694247e-05
        ],
        "controllers": {
            "base": {
                "goal_is_valid": true,
                "goal": {
                    "target": [
                        0.0,
                        0.0,
                        0.0
                    ]
                }
            },
            "trunk": {
                "goal_is_valid": true,
                "goal": {
                    "target": [
                        -7.03550613252446e-05,
                        -0.0002605759655125439,
                        0.00011164782335981727,
                        3.3458748021075735e-06
                    ]
                }
            },
            "arm_left": {
                "goal_is_valid": true,
                "goal": {
                    "target_pos": [
                        0.5446205139160156,
                        0.3968467712402344,
                        1.4467839002609253
                    ],
                    "target_ori_mat": [
                        [
                            -0.006777644157409668,
                            4.62894095107913e-05,
                            0.9999769330024719
                        ],
                        [
                            0.0031180763617157936,
                            -0.9999949932098389,
                            6.742426194250584e-05
                        ],
                        [
                            0.9999720454216003,
                            0.003118461463600397,
                            0.006777703762054443
                        ]
                    ]
                },
                "control_filter": {
                    "past_samples": [
                        [
                            -3.965697942476254e-06,
                            1.905997395515442,
                            -0.9909906387329102,
                            1.571001410484314,
                            0.9150115251541138,
                            -1.5709998607635498
                        ],
                        [
                            -5.577672709478065e-06,
                            1.9059985876083374,
                            -0.9909868836402893,
                            1.5709999799728394,
                            0.9150165319442749,
                            -1.5709991455078125
                        ]
                    ],
                    "current_idx": 0,
                    "fully_filled": true
                }
            },
            "gripper_left": {
                "goal_is_valid": true,
                "goal": {
                    "target": [
                        1.0
                    ]
                },
                "vel_filter": {
                    "past_samples": [
                        [
                            -2.6375053494120948e-05,
                            -1.788139229574881e-06
                        ],
                        [
                            5.4985281167319044e-05,
                            5.364417575037805e-06
                        ],
                        [
                            8.940696147874405e-07,
                            4.917382739222376e-06
                        ],
                        [
                            -5.811452410853235e-06,
                            6.258487246668665e-06
                        ],
                        [
                            1.072883515007561e-05,
                            -6.258487246668665e-06
                        ]
                    ],
                    "current_idx": 2,
                    "fully_filled": true
                }
            },
            "arm_right": {
                "goal_is_valid": true,
                "goal": {
                    "target_pos": [
                        0.5446233749389648,
                        -0.3968372344970703,
                        1.443986415863037
                    ],
                    "target_ori_mat": [
                        [
                            0.005850017070770264,
                            -3.8316939026117325e-06,
                            0.9999829530715942
                        ],
                        [
                            -0.004663594998419285,
                            -0.9999891519546509,
                            2.3451168090105057e-05
                        ],
                        [
                            0.9999721050262451,
                            -0.004663652274757624,
                            -0.005849957466125488
                        ]
                    ]
                },
                "control_filter": {
                    "past_samples": [
                        [
                            3.234842370147817e-05,
                            1.9060091972351074,
                            -0.9910001754760742,
                            1.5709986686706543,
                            0.9150049686431885,
                            -1.5709989070892334
                        ],
                        [
                            3.388477489352226e-05,
                            1.9060075283050537,
                            -0.9909974932670593,
                            1.571000099182129,
                            0.9150061011314392,
                            -1.5709999799728394
                        ]
                    ],
                    "current_idx": 0,
                    "fully_filled": true
                }
            },
            "gripper_right": {
                "goal_is_valid": true,