{
    "agent.n.01_1": {
        "is_asleep": false,
        "root_link": {
            "pos": [
                -50.0,
                -50.0,
                -50.0
            ],
            "ori": [
                0.0,
                0.0,
                0.0,
                1.0
            ],
            "lin_vel": [
                0.0,
                0.0,
                0.0
            ],
            "ang_vel": [
                0.0,
                0.0,
                0.0
            ]
        },
        "joint_pos": [
            71.46546936035156,
            64.33511352539062,
            50.003753662109375,
            0.008203631266951561,
            0.005903206765651703,
            0.141653373837471,
            -7.346102211158723e-05,
            -0.00026531991898082197,
            0.0001112691534217447,
            6.028071766195353e-06,
            2.293313627887983e-05,
            6.778529950679513e-06,
            1.9060454368591309,
            1.9060676097869873,
            -0.9910882115364075,
            -0.9911019206047058,
            1.5710008144378662,
            1.5710011720657349,
            0.9149653911590576,
            0.9149621725082397,
            -1.5709996223449707,
            -1.5710011720657349,
            0.049999579787254333,
            0.04999949038028717,
            0.04999968409538269,
            0.04999973624944687
        ],
        "joint_vel": [
            0.0006501604802906513,
            0.00012473604874685407,
            0.0010678478283807635,
            0.0013633115449920297,
            4.896806785836816e-05,
            0.002525070682168007,
            0.00180599105078727,
            -0.00070080382283777,
            -0.0001989907759707421,
            -0.0014252096880227327,
            -0.00418613338842988,
            0.004353799391537905,
            0.0016366562340408564,
            -0.00040108134271577,
            -0.0009221388027071953,
            0.0006725603016093373,
            -0.008111151866614819,
            0.00867789052426815,
            0.0024097489658743143,
            -0.0015910095535218716,
            0.005008548032492399,
            -0.005435061641037464,
            -2.81001121038571e-07,
            6.762523844372481e-05,
            0.00010199476673733443,
            2.4866098101483658e-05
        ],
        "controllers": {
            "base": {
                "goal_is_valid": true,
                "goal": {
                    "target": [
                        0.0,
                        0.0,
                        0.0
                    ]
                }
            },
            "trunk": {
                "goal_is_valid": true,
                "goal": {
                    "target": [
                        -7.034942245809361e-05,
                        -0.0002605634508654475,
                        0.00011164671741425991,
                        3.3185908705490874e-06
                    ]
                }
            },
            "arm_left": {
                "goal_is_valid": true,
                "goal": {
                    "target_pos": [
                        0.5446205139160156,
                        0.3968477249145508,
                        1.446784257888794
                    ],
                    "target_ori_mat": [
                        [
                            -0.006778120994567871,
                            4.649278707802296e-05,
                            0.9999769330024719
                        ],
                        [
                            0.0031179150100797415,
                            -0.9999948740005493,
                            6.762822158634663e-05
                        ],
                        [
                            0.9999720454216003,
                            0.0031183017417788506,
                            0.006778240203857422
                        ]
                    ]
                },
                "control_filter": {
                    "past_samples": [
                        [
                            1.3632577065436635e-05,
                            1.9060388803482056,
                            -0.9910647869110107,
                            1.5710002183914185,
                            0.9149778485298157,
                            -1.5709993839263916
                        ],
                        [
                            2.5614359401515685e-05,
                            1.9060534238815308,
                            -0.9910978078842163,
                            1.571001648902893,
                            0.9149585366249084,
                            -1.5710002183914185
                        ]
                    ],
                    "current_idx": 1,
                    "fully_filled": true
                }
            },
            "gripper_left": {
                "goal_is_valid": true,
                "goal": {
                    "target": [
                        1.0
                    ]
                },
                "vel_filter": {
                    "past_samples": [
                        [
                            -7.465481030521914e-05,
                            8.940695806813892e-06
                        ],
                        [
                            6.973743438720703e-05,
                            -9.387730642629322e-06
                        ],
                        [
                            -5.856155985384248e-05,
                            0.0
                        ],
                        [
                            -8.225440251408145e-05,
                            2.190470513596665e-05
                        ],
                        [
                            7.465481030521914e-05,
                            -1.4305113836599048e-05
                        ]
                    ],
                    "current_idx": 3,
                    "fully_filled": true
                }
            },
            "arm_right": {
                "goal_is_valid": true,
                "goal": {
                    "target_pos": [
                        0.5446243286132812,
                        -0.3968381881713867,
                        1.4439866542816162
                    ],
                    "target_ori_mat": [
                        [
                            0.0058501362800598145,
                            -4.049390554428101e-06,
                            0.9999829530715942
                        ],
                        [
                            -0.004663177765905857,
                            -0.9999892711639404,
                            2.3231608793139458e-05
                        ],
                        [
                            0.9999721050262451,
                            -0.004663233645260334,
                            -0.00585019588470459
                        ]
                    ]
                },
                "control_filter": {
                    "past_samples": [
                        [
                            1.469392009312287e-05,
                            1.9060519933700562,
                            -0.9910843968391418,
                            1.5710008144378662,
                            0.9149649143218994,
                            -1.5710008144378662
                        ],
                        [
                            3.6696510505862534e-06,
                            1.9060721397399902,
                            -0.9911059737205505,
                            1.5710006952285767,
                            0.9149645566940308,
                            -1.5710010528564453
                        ]
                    ],
                    "current_idx": 1,
                    "fully_filled": true
                }
            },
            "gripper_right": {
                "goal_is_valid": true,