{
    "agent.n.01_1": {
        "is_asleep": false,
        "root_link": {
            "pos": [
                -50.0,
                -50.0,
                -50.0
            ],
            "ori": [
                0.0,
                0.0,
                0.0,
                1.0
            ],
            "lin_vel": [
                0.0,
                0.0,
                0.0
            ],
            "ang_vel": [
                0.0,
                0.0,
                0.0
            ]
        },
        "joint_pos": [
            71.87565612792969,
            64.68147277832031,
            50.003753662109375,
            0.004910679068416357,
            -0.008834445849061012,
            -1.5454792976379395,
            -7.006077794358134e-05,
            -0.0002593633544165641,
            0.00011104096483904868,
            5.643951226375066e-06,
            -6.501905772893224e-06,
            3.5766752262134105e-05,
            1.9059903621673584,
            1.9060070514678955,
            -0.9910003542900085,
            -0.9910025000572205,
            1.5709997415542603,
            1.5710008144378662,
            0.9149984121322632,
            0.9150001406669617,
            -1.5709987878799438,
            -1.571000099182129,
            0.04999933019280434,
            0.049999698996543884,
            0.049998871982097626,
            0.0499996691942215
        ],
        "joint_vel": [
            -0.00018694961909204721,
            -0.0021312199532985687,
            0.0010749829234555364,
            -0.004697465803474188,
            -0.0007264392916113138,
            0.0003365325974300504,
            0.005350166466087103,
            -0.000988248037174344,
            0.00014746110537089407,
            -0.004377630539238453,
            -0.006311118137091398,
            0.003886341815814376,
            0.004084808751940727,
            -0.0015120075549930334,
            -0.0014161905273795128,
            -0.0004403179045766592,
            -0.012089491821825504,
            0.008006615564227104,
            0.003296238137409091,
            -0.0031575134489685297,
            0.008115225471556187,
            -0.0043905917555093765,
            -1.8463788364897482e-07,
            5.693601997336373e-05,
            0.0001755565608618781,
            3.168082548654638e-05
        ],
        "controllers": {
            "base": {
                "goal_is_valid": true,
                "goal": {
                    "target": [
                        0.0,
                        0.0,
                        0.0
                    ]
                }
            },
            "trunk": {
                "goal_is_valid": true,
                "goal": {
                    "target": [
                        -7.034209556877613e-05,
                        -0.00026054817135445774,
                        0.00011164508032379672,
                        3.322264092275873e-06
                    ]
                }
            },
            "arm_left": {
                "goal_is_valid": true,
                "goal": {
                    "target_pos": [
                        0.5446205139160156,
                        0.3968486785888672,
                        1.446784257888794
                    ],
                    "target_ori_mat": [
                        [
                            -0.00677800178527832,
                            4.626472946256399e-05,
                            0.9999769330024719
                        ],
                        [
                            0.003117588348686695,
                            -0.9999949932098389,
                            6.739725358784199e-05
                        ],
                        [
                            0.9999720454216003,
                            0.0031179736834019423,
                            0.006778061389923096
                        ]
                    ]
                },
                "control_filter": {
                    "past_samples": [
                        [
                            -7.794401426508557e-06,
                            1.905998945236206,
                            -0.9910043478012085,
                            1.571000337600708,
                            0.9149970412254333,
                            -1.5709989070892334
                        ],
                        [
                            -7.87085355113959e-06,
                            1.905992865562439,
                            -0.990994930267334,
                            1.571000337600708,
                            0.9150009155273438,
                            -1.5709986686706543
                        ]
                    ],
                    "current_idx": 0,
                    "fully_filled": true
                }
            },
            "gripper_left": {
                "goal_is_valid": true,
                "goal": {
                    "target": [
                        1.0
                    ]
                },
                "vel_filter": {
                    "past_samples": [
                        [
                            -4.336237543611787e-05,
                            -6.258487246668665e-06
                        ],
                        [
                            -4.246830576448701e-05,
                            -1.3411044164968189e-05
                        ],
                        [
                            4.1574236092856154e-05,
                            1.0281800314260181e-05
                        ],
                        [
                            -4.82797586300876e-05,
                            3.1292436233343324e-06
                        ],
                        [
                            5.096196764498018e-05,
                            -6.7055220824840944e-06
                        ]
                    ],
                    "current_idx": 1,
                    "fully_filled": true
                }
            },
            "arm_right": {
                "goal_is_valid": true,
                "goal": {
                    "target_pos": [
                        0.5446243286132812,
                        -0.3968353271484375,
                        1.4439865350723267
                    ],
                    "target_ori_mat": [
                        [
                            0.0058501362800598145,
                            -3.7874560803174973e-06,
                            0.9999827742576599
                        ],
                        [
                            -0.004663728177547455,
                            -0.9999889135360718,
                            2.34958715736866e-05
                        ],
                        [
                            0.9999719262123108,
                            -0.004663785919547081,
                            -0.0058498382568359375
                        ]
                    ]
                },
                "control_filter": {
                    "past_samples": [
                        [
                            3.623844895628281e-05,
                            1.9060068130493164,
                            -0.9910054802894592,
                            1.571000337600708,
                            0.9149993062019348,
                            -1.5710002183914185
                        ],
                        [
                            3.6243574868422e-05,
                            1.9060022830963135,
                            -0.9910008311271667,
                            1.571000099182129,
                            0.91499924659729,
                            -1.571000099182129
                        ]
                    ],
                    "current_idx": 0,
                    "fully_filled": true
                }
            },
            "gripper_right": {
                "goal_is_valid": true,