{
    "laptop.n.01_1": {
        "is_asleep": false,
        "root_link": {
            "pos": [
                21.34532356262207,
                13.302080154418945,
                0.5080180764198303
            ],
            "ori": [
                -0.0010233551729470491,
                -0.0009964746423065662,
                0.5352048873901367,
                0.8447210788726807
            ],
            "lin_vel": [
                -1.2944399259140482e-06,
                -1.3758634850091767e-05,
                -5.8847814216278493e-05
            ],
            "ang_vel": [
                9.642871009418741e-05,
                -0.0002820177760440856,
                4.278641426935792e-05
            ]
        },
        "joint_pos": [
            2.399827480316162
        ],
        "joint_vel": [
            -0.0029947329312562943
        ],
        "non_kin": {
            "ToggledOn": {
                "value": false,
                "hand_in_marker_steps": 0
            }
        }
    },
    "desk.n.01_1": {
        "is_asleep": false,
        "root_link": {
            "pos": [
                23.90938949584961,
                13.200728416442871,
                0.4939129650592804
            ],
            "ori": [
                0.0,
                0.0,
                -0.0012448775814846158,
                0.9999992251396179
            ]
        },
        "non_kin": {}
    },
    "folder.n.02_1": {
        "is_asleep": true,
        "root_link": {
            "pos": [
                23.86721420288086,
                13.933279991149902,
                0.7876507043838501
            ],
            "ori": [
                -9.188206604449078e-07,
                2.1742926037404686e-06,
                0.5399786233901978,
                0.8416787981987
            ],
            "lin_vel": [
                0.0,
                0.0,
                0.0
            ],
            "ang_vel": [
                0.0,
                0.0,
                0.0
            ]
        },
        "non_kin": {}
    },
    "folder.n.02_2": {
        "is_asleep": false,
        "root_link": {
            "pos": [
                23.22403907775879,
                13.36849594116211,
                0.5422104001045227
            ],
            "ori": [
                -0.0479125902056694,
                -0.021943828091025352,
                -0.6482128500938416,
                0.7596336007118225
            ],
            "lin_vel": [
                0.0006348256720229983,
                0.00047257289406843483,
                -4.808442099601962e-05
            ],
            "ang_vel": [
                -0.02391725406050682,
                0.022651171311736107,
                -0.001805646694265306
            ]
        },
        "non_kin": {}
    },
    "floor.n.01_1": {
        "is_asleep": false,
        "root_link": {
            "pos": [
                22.27508544921875,
                13.629399299621582,
                -0.13880956172943115
            ],
            "ori": [
                0.0,
                0.0,
                0.0,
                1.0
            ]
        },
        "non_kin": {}
    },
    "pencil.n.01_1": {
        "is_asleep": true,
        "root_link": {
            "pos": [
                23.777610778808594,
                13.326953887939453,
                0.7745987176895142
            ],
            "ori": [
                0.00019670434994623065,
                0.0001696015679044649,
                0.5984582901000977,
                0.8011539578437805
            ],
            "lin_vel": [
                0.0,
                0.0,
                0.0
            ],
            "ang_vel": [
                0.0,
                0.0,
                0.0
            ]
        },
        "non_kin": {}
    },
    "pen.n.01_1": {
        "is_asleep": true,
        "root_link": {
            "pos": [
                23.937625885009766,
                13.80490493774414,
                0.7739095687866211
            ],
            "ori": [
                -4.027760587632656e-05,
                5.810018046759069e-05,
                0.8764591813087463,
                -0.4814762473106384
            ],
            "lin_vel": [
                0.0,
                0.0,
                0.0
            ],
            "ang_vel": [
                0.0,
                0.0,
                0.0
            ]
        },
        "non_kin": {}
    },
    "pen.n.01_2": {
        "is_asleep": true,
        "root_link": {
            "pos": [
                23.803407669067383,
                12.91259765625,
                0.7739093899726868
            ],
            "ori": [
                -5.1287002861499786e-05,
                8.443102706223726e-05,
                0.8928934931755066,
                -0.4502680003643036
            ],
            "lin_vel": [
                0.0,
                0.0,
                0.0
            ],
            "ang_vel": [
                0.0,
                0.0,
                0.0
            ]
        },
        "non_kin": {}
    },
    "stapler.n.01_1": {
        "is_asleep": true,
        "root_link": {
            "pos": [
                22.92395782470703,
                12.442920684814453,
                0.9810699820518494
            ],
            "ori": [
                0.003884129226207733,
                -0.0030431717168539762,
                -0.8469767570495605,
                0.5316075682640076
            ],
            "lin_vel": [
                0.0,
                0.0,
                0.0
            ],
            "ang_vel": [
                0.0,
                0.0,
                0.0
            ]
        },
        "non_kin": {}
    },
    "paperback_book.n.01_1": {
        "is_asleep": true,
        "root_link": {
            "pos": [
                23.715633392333984,
                12.623098373413086,
                0.7771163582801819
            ],
            "ori": [
                2.160319496624652e-07,
                2.145745980897118e-07,
                0.6780585646629333,
                0.7350079417228699
            ],
            "lin_vel": [
                0.0,
                0.0,
                0.0
            ],
            "ang_vel": [
                0.0,
                0.0,
                0.0
            ]
        },
        "non_kin": {
            "Temperature": {
                "temperature": 23.0
            }
        }
    },
    "paperback_book.n.01_2": {
        "is_asleep": true,
        "root_link": {
            "pos": [
                23.705636978149414,
                13.700461387634277,
                0.7771162986755371
            ],
            "ori": [
                2.0021711577555834e-07,
                2.3226343159876706e-07,
                0.7146914005279541,
                0.6994399428367615
            ],
            "lin_vel": [
                0.0,
                0.0,
                0.0
            ],
            "ang_vel": [
                0.0,
                0.0,
                0.0
            ]
        },
        "non_kin": {
            "Temperature": {
                "temperature": 23.0
            }
        }
    },
    "pencil_box.n.01_1": {
        "is_asleep": true,
        "root_link": {
            "pos": [
                23.917709350585938,
                13.196817398071289,
                0.8165010809898376
            ],
            "ori": [
                -8.114427328109741e-05,
                -0.0002156871632905677,
                0.9650670886039734,
                0.2620035409927368
            ],
            "lin_vel": [
                0.0,
                0.0,
                0.0
            ],
            "ang_vel": [
                0.0,
                0.0,
                0.0
            ]
        },
        "non_kin": {
            "Temperature": {
                "temperature": 23.0
            }
        }
    },