{
    "laptop.n.01_1": {
        "is_asleep": true,
        "root_link": {
            "pos": [
                22.122770309448242,
                12.763432502746582,
                0.4999995529651642
            ],
            "ori": [
                0.003079999703913927,
                0.0021164086647331715,
                0.4365052580833435,
                0.8996937274932861
            ],
            "lin_vel": [
                0.0,
                0.0,
                0.0
            ],
            "ang_vel": [
                0.0,
                0.0,
                0.0
            ]
        },
        "joint_pos": [
            2.399829149246216
        ],
        "joint_vel": [
            -0.00125135388225317
        ],
        "non_kin": {
            "ToggledOn": {
                "value": false,
                "hand_in_marker_steps": 0
            }
        }
    },
    "desk.n.01_1": {
        "is_asleep": false,
        "root_link": {
            "pos": [
                23.909379959106445,
                13.200728416442871,
                0.4939129650592804
            ],
            "ori": [
                0.0,
                0.0,
                -0.0012448775814846158,
                0.9999992251396179
            ]
        },
        "non_kin": {}
    },
    "folder.n.02_1": {
        "is_asleep": true,
        "root_link": {
            "pos": [
                23.833040237426758,
                13.129317283630371,
                0.7876507043838501
            ],
            "ori": [
                -2.394783223280683e-06,
                1.938616378538427e-07,
                0.9976365566253662,
                -0.06871315091848373
            ],
            "lin_vel": [
                0.0,
                0.0,
                0.0
            ],
            "ang_vel": [
                0.0,
                0.0,
                0.0
            ]
        },
        "non_kin": {}
    },
    "folder.n.02_2": {
        "is_asleep": true,
        "root_link": {
            "pos": [
                23.200607299804688,
                13.25246524810791,
                0.5527082681655884
            ],
            "ori": [
                -0.006926623173058033,
                0.0635586678981781,
                0.9977452158927917,
                0.020422231405973434
            ],
            "lin_vel": [
                0.0,
                0.0,
                0.0
            ],
            "ang_vel": [
                0.0,
                0.0,
                0.0
            ]
        },
        "non_kin": {}
    },
    "floor.n.01_1": {
        "is_asleep": false,
        "root_link": {
            "pos": [
                22.27508544921875,
                13.629399299621582,
                -0.13880956172943115
            ],
            "ori": [
                0.0,
                0.0,
                0.0,
                1.0
            ]
        },
        "non_kin": {}
    },
    "pencil.n.01_1": {
        "is_asleep": true,
        "root_link": {
            "pos": [
                23.696443557739258,
                13.94774055480957,
                0.7745988965034485
            ],
            "ori": [
                -0.0008132504299283028,
                -0.00018558144802227616,
                0.32032716274261475,
                0.9473068118095398
            ],
            "lin_vel": [
                0.0,
                0.0,
                0.0
            ],
            "ang_vel": [
                0.0,
                0.0,
                0.0
            ]
        },
        "non_kin": {}
    },
    "pen.n.01_1": {
        "is_asleep": true,
        "root_link": {
            "pos": [
                23.813993453979492,
                14.042969703674316,
                0.7739095687866211
            ],
            "ori": [
                -3.9200764149427414e-05,
                5.85965026402846e-05,
                0.8836281299591064,
                -0.4681897461414337
            ],
            "lin_vel": [
                0.0,
                0.0,
                0.0
            ],
            "ang_vel": [
                0.0,
                0.0,
                0.0
            ]
        },
        "non_kin": {}
    },
    "pen.n.01_2": {
        "is_asleep": true,
        "root_link": {
            "pos": [
                23.803997039794922,
                12.752189636230469,
                0.7739095091819763
            ],
            "ori": [
                -1.8629245460033417e-05,
                6.988988752709702e-05,
                0.9876698851585388,
                -0.1565513014793396
            ],
            "lin_vel": [
                0.0,
                0.0,
                0.0
            ],
            "ang_vel": [
                0.0,
                0.0,
                0.0
            ]
        },
        "non_kin": {}
    },
    "stapler.n.01_1": {
        "is_asleep": true,
        "root_link": {
            "pos": [
                22.860443115234375,
                12.451431274414062,
                0.5816978216171265
            ],
            "ori": [
                0.015598081052303314,
                0.012839640490710735,
                0.7524217963218689,
                0.6583718061447144
            ],
            "lin_vel": [
                0.0,
                0.0,
                0.0
            ],
            "ang_vel": [
                0.0,
                0.0,
                0.0
            ]
        },
        "non_kin": {}
    },
    "paperback_book.n.01_1": {
        "is_asleep": true,
        "root_link": {
            "pos": [
                23.777267456054688,
                13.485749244689941,
                0.7771164178848267
            ],
            "ori": [
                3.4236603596582427e-07,
                -2.409055355201417e-07,
                -0.6599202752113342,
                0.751335620880127
            ],
            "lin_vel": [
                0.0,
                0.0,
                0.0
            ],
            "ang_vel": [
                0.0,
                0.0,
                0.0
            ]
        },
        "non_kin": {
            "Temperature": {
                "temperature": 23.0
            }
        }
    },
    "paperback_book.n.01_2": {
        "is_asleep": true,
        "root_link": {
            "pos": [
                23.98058319091797,
                13.842146873474121,
                0.7771164178848267
            ],
            "ori": [
                3.0020518693163467e-07,
                -1.0557810981026705e-07,
                -0.36846545338630676,
                0.9296414852142334
            ],
            "lin_vel": [
                0.0,
                0.0,
                0.0
            ],
            "ang_vel": [
                0.0,
                0.0,
                0.0
            ]
        },
        "non_kin": {
            "Temperature": {
                "temperature": 23.0
            }
        }
    },
    "pencil_box.n.01_1": {
        "is_asleep": true,
        "root_link": {
            "pos": [
                23.780746459960938,
                12.489306449890137,
                0.8165009021759033
            ],
            "ori": [
                -0.00023321714252233505,
                1.6767229681136087e-05,
                -0.2444542646408081,
                0.9696616530418396
            ],
            "lin_vel": [
                0.0,
                0.0,
                0.0
            ],
            "ang_vel": [
                0.0,
                0.0,
                0.0
            ]
        },
        "non_kin": {
            "Temperature": {
                "temperature": 23.0
            }
        }
    },
    "bookcase.n.01_1": {
        "is_asleep": false,
        "root_link": {
            "pos": [
                22.8929443359375,
                12.474979400634766,
                0.9082357883453369
            ],