{
    "agent.n.01_1": {
        "is_asleep": false,
        "root_link": {
            "pos": [
                -50.0,
                -50.0,
                -50.0
            ],
            "ori": [
                0.0,
                0.0,
                0.0,
                1.0
            ],
            "lin_vel": [
                0.0,
                0.0,
                0.0
            ],
            "ang_vel": [
                0.0,
                0.0,
                0.0
            ]
        },
        "joint_pos": [
            72.87265014648438,
            64.3652572631836,
            50.003753662109375,
            -0.008754041977226734,
            -0.005055742338299751,
            -3.1000747680664062,
            -7.162530528148636e-05,
            -0.00026121220435015857,
            0.00011067651939811185,
            5.4146958063938655e-06,
            -6.24973836238496e-06,
            3.567073872545734e-05,
            1.9059911966323853,
            1.9060072898864746,
            -0.9909934997558594,
            -0.9910106658935547,
            1.570999264717102,
            1.5710023641586304,
            0.9150062203407288,
            0.9149922132492065,
            -1.570998191833496,
            -1.5710009336471558,
            0.04999985173344612,
            0.04999955743551254,
            0.04999992251396179,
            0.04999987408518791
        ],
        "joint_vel": [
            -0.002257011365145445,
            4.4535481720231473e-05,
            0.001459444873034954,
            -0.0016940449131652713,
            0.0013923776568844914,
            0.0007272515795193613,
            -0.0006059070001356304,
            0.0015643676742911339,
            0.0003115500439889729,
            -0.003832031274214387,
            -0.005763444118201733,
            0.004126260522753,
            0.00384740112349391,
            -0.001324826735071838,
            -0.0015863832086324692,
            -0.0005608770297840238,
            -0.012853773310780525,
            0.008152483962476254,
            0.0035166710149496794,
            -0.003662455826997757,
            0.008739258162677288,
            -0.004333191551268101,
            -1.9451690604910254e-06,
            5.654602136928588e-05,
            7.892656867625192e-05,
            -1.3267117537907325e-07
        ],
        "controllers": {
            "base": {
                "goal_is_valid": true,
                "goal": {
                    "target": [
                        0.0,
                        0.0,
                        0.0
                    ]
                }
            },
            "trunk": {
                "goal_is_valid": true,
                "goal": {
                    "target": [
                        -7.034247391857207e-05,
                        -0.0002605500048957765,
                        0.0001116449711844325,
                        3.3180947411892703e-06
                    ]
                }
            },
            "arm_left": {
                "goal_is_valid": true,
                "goal": {
                    "target_pos": [
                        0.5446205139160156,
                        0.3968486785888672,
                        1.446784496307373
                    ],
                    "target_ori_mat": [
                        [
                            -0.006778359413146973,
                            4.6737026423215866e-05,
                            0.9999771118164062
                        ],
                        [
                            0.003117601154372096,
                            -0.999995231628418,
                            6.787036545574665e-05
                        ],
                        [
                            0.9999722242355347,
                            0.0031179895158857107,
                            0.006778061389923096
                        ]
                    ]
                },
                "control_filter": {
                    "past_samples": [
                        [
                            -6.753654361091321e-06,
                            1.905996561050415,
                            -0.9909912347793579,
                            1.5709997415542603,
                            0.9150084853172302,
                            -1.5709980726242065
                        ],
                        [
                            -6.344311714201467e-06,
                            1.906001091003418,
                            -0.9910023212432861,
                            1.5709999799728394,
                            0.9150010347366333,
                            -1.5709980726242065
                        ]
                    ],
                    "current_idx": 0,
                    "fully_filled": true
                }
            },
            "gripper_left": {
                "goal_is_valid": true,
                "goal": {
                    "target": [
                        1.0
                    ]
                },
                "vel_filter": {
                    "past_samples": [
                        [
                            -1.788139229574881e-06,
                            -1.072883515007561e-05
                        ],
                        [
                            8.940696147874405e-07,
                            6.7055220824840944e-06
                        ],
                        [
                            -4.4703480739372026e-07,
                            -3.576278459149762e-06
                        ],
                        [
                            8.940696147874405e-07,
                            6.258487246668665e-06
                        ],
                        [
                            -5.364417575037805e-06,
                            1.564621925354004e-05
                        ]
                    ],
                    "current_idx": 4,
                    "fully_filled": true
                }
            },
            "arm_right": {
                "goal_is_valid": true,
                "goal": {
                    "target_pos": [
                        0.5446262359619141,
                        -0.3968372344970703,
                        1.4439867734909058
                    ],
                    "target_ori_mat": [
                        [
                            0.005850315093994141,
                            -4.006316885352135e-06,
                            0.9999828338623047
                        ],
                        [
                            -0.004663471132516861,
                            -0.9999890327453613,
                            2.3277010768651962e-05
                        ],
                        [
                            0.9999719858169556,
                            -0.0046635279431939125,
                            -0.00585019588470459
                        ]
                    ]
                },
                "control_filter": {
                    "past_samples": [
                        [
                            3.529816967784427e-05,
                            1.906001091003418,
                            -0.9910128116607666,
                            1.571001648902893,
                            0.914986789226532,
                            -1.5710009336471558
                        ],
                        [
                            3.443050445639528e-05,
                            1.9060066938400269,
                            -0.9910107254981995,
                            1.5710012912750244,
                            0.9149949550628662,
                            -1.5710002183914185
                        ]
                    ],
                    "current_idx": 0,
                    "fully_filled": true
                }
            },
            "gripper_right": {
                "goal_is_valid": true,