{
    "laptop.n.01_1": {
        "is_asleep": false,
        "root_link": {
            "pos": [
                21.73410987854004,
                13.422017097473145,
                0.5029094815254211
            ],
            "ori": [
                0.008813496679067612,
                0.0012654077727347612,
                0.9529781341552734,
                -0.3029085099697113
            ],
            "lin_vel": [
                -0.00027197832241654396,
                0.00013808798394165933,
                -0.0002456569345667958
            ],
            "ang_vel": [
                -0.002076203702017665,
                -0.004079547710716724,
                0.0018404418369755149
            ]
        },
        "joint_pos": [
            2.399829149246216
        ],
        "joint_vel": [
            0.006324789021164179
        ],
        "non_kin": {
            "ToggledOn": {
                "value": false,
                "hand_in_marker_steps": 0
            }
        }
    },
    "desk.n.01_1": {
        "is_asleep": false,
        "root_link": {
            "pos": [
                23.90938949584961,
                13.200728416442871,
                0.4939129650592804
            ],
            "ori": [
                0.0,
                0.0,
                -0.0012448775814846158,
                0.9999992251396179
            ]
        },
        "non_kin": {}
    },
    "folder.n.02_1": {
        "is_asleep": true,
        "root_link": {
            "pos": [
                24.087080001831055,
                13.881834983825684,
                0.7876507043838501
            ],
            "ori": [
                -2.305649104528129e-06,
                -5.096127893011726e-07,
                0.9264520406723022,
                -0.3764130175113678
            ],
            "lin_vel": [
                0.0,
                0.0,
                0.0
            ],
            "ang_vel": [
                0.0,
                0.0,
                0.0
            ]
        },
        "non_kin": {}
    },
    "folder.n.02_2": {
        "is_asleep": true,
        "root_link": {
            "pos": [
                23.220918655395508,
                13.247401237487793,
                0.552811861038208
            ],
            "ori": [
                0.005021297372877598,
                0.07246144860982895,
                0.9759274125099182,
                -0.20564498007297516
            ],
            "lin_vel": [
                0.0,
                0.0,
                0.0
            ],
            "ang_vel": [
                0.0,
                0.0,
                0.0
            ]
        },
        "non_kin": {}
    },
    "floor.n.01_1": {
        "is_asleep": false,
        "root_link": {
            "pos": [
                22.27508544921875,
                13.629399299621582,
                -0.13880956172943115
            ],
            "ori": [
                0.0,
                0.0,
                0.0,
                1.0
            ]
        },
        "non_kin": {}
    },
    "pencil.n.01_1": {
        "is_asleep": true,
        "root_link": {
            "pos": [
                23.66306495666504,
                13.795154571533203,
                0.7745988965034485
            ],
            "ori": [
                -0.0004812511324416846,
                6.250823207665235e-05,
                0.0012036082334816456,
                0.9999992847442627
            ],
            "lin_vel": [
                0.0,
                0.0,
                0.0
            ],
            "ang_vel": [
                0.0,
                0.0,
                0.0
            ]
        },
        "non_kin": {}
    },
    "pen.n.01_1": {
        "is_asleep": true,
        "root_link": {
            "pos": [
                23.664865493774414,
                12.897068977355957,
                0.7739095687866211
            ],
            "ori": [
                6.201700307428837e-05,
                -3.663299139589071e-05,
                -0.5935161113739014,
                0.8048222064971924
            ],
            "lin_vel": [
                0.0,
                0.0,
                0.0
            ],
            "ang_vel": [
                0.0,
                0.0,
                0.0
            ]
        },
        "non_kin": {}
    },
    "pen.n.01_2": {
        "is_asleep": true,
        "root_link": {
            "pos": [
                23.860376358032227,
                13.333901405334473,
                0.7739096283912659
            ],
            "ori": [
                5.385593976825476e-05,
                -1.53938599396497e-05,
                -0.38844290375709534,
                0.9214728474617004
            ],
            "lin_vel": [
                0.0,
                0.0,
                0.0
            ],
            "ang_vel": [
                0.0,
                0.0,
                0.0
            ]
        },
        "non_kin": {}
    },
    "stapler.n.01_1": {
        "is_asleep": true,
        "root_link": {
            "pos": [
                22.92317771911621,
                12.539238929748535,
                1.3891103267669678
            ],
            "ori": [
                0.003857038915157318,
                -0.0037534686271101236,
                -0.7845319509506226,
                0.6200653910636902
            ],
            "lin_vel": [
                0.0,
                0.0,
                0.0
            ],
            "ang_vel": [
                0.0,
                0.0,
                0.0
            ]
        },
        "non_kin": {}
    },
    "paperback_book.n.01_1": {
        "is_asleep": true,
        "root_link": {
            "pos": [
                23.70148468017578,
                12.480011940002441,
                0.7771164178848267
            ],
            "ori": [
                1.3129692888469435e-07,
                3.357865807629423e-07,
                0.9363198280334473,
                0.35114842653274536
            ],
            "lin_vel": [
                0.0,
                0.0,
                0.0
            ],
            "ang_vel": [
                0.0,
                0.0,
                0.0
            ]
        },
        "non_kin": {
            "Temperature": {
                "temperature": 23.0
            }
        }
    },
    "paperback_book.n.01_2": {
        "is_asleep": true,
        "root_link": {
            "pos": [
                23.851198196411133,
                12.984938621520996,
                0.7771164774894714
            ],
            "ori": [
                3.392450480532716e-07,
                -1.4698693462378287e-07,
                -0.40107953548431396,
                0.9160433411598206
            ],
            "lin_vel": [
                0.0,
                0.0,
                0.0
            ],
            "ang_vel": [
                0.0,
                0.0,
                0.0
            ]
        },
        "non_kin": {
            "Temperature": {
                "temperature": 23.0
            }
        }
    },
    "pencil_box.n.01_1": {
        "is_asleep": false,
        "root_link": {
            "pos": [
                23.75772476196289,
                13.87458324432373,
                0.816500723361969
            ],
            "ori": [
                -0.0001255422830581665,
                -0.00020313409913796932,
                0.6886826157569885,
                0.7250632047653198
            ],
            "lin_vel": [
                -3.5763674532063305e-05,
                -0.0002492547791916877,
                -3.014143294421956e-05
            ],
            "ang_vel": [
                0.005041063763201237,
                0.00010633563942974433,
                -2.1696592739317566e-05
            ]
        },
        "non_kin": {
            "Temperature": {
                "temperature": 23.0
            }
        }
    },