{
    "firewood.n.01_1": {
        "is_asleep": true,
        "root_link": {
            "pos": [
                5.394524574279785,
                4.292701244354248,
                0.025316061452031136
            ],
            "ori": [
                -0.021322444081306458,
                0.012824228964745998,
                0.6941699981689453,
                0.7193812131881714
            ],
            "lin_vel": [
                0.0,
                0.0,
                0.0
            ],
            "ang_vel": [
                0.0,
                0.0,
                0.0
            ]
        },
        "non_kin": {
            "Temperature": {
                "temperature": 23.0
            }
        }
    },
    "firewood.n.01_2": {
        "is_asleep": true,
        "root_link": {
            "pos": [
                5.545721530914307,
                4.533397674560547,
                0.02531609870493412
            ],
            "ori": [
                -0.024026989936828613,
                -0.006470073480159044,
                0.9996896386146545,
                -0.0013016117736697197
            ],
            "lin_vel": [
                0.0,
                0.0,
                0.0
            ],
            "ang_vel": [
                0.0,
                0.0,
                0.0
            ]
        },
        "non_kin": {
            "Temperature": {
                "temperature": 23.0
            }
        }
    },
    "floor.n.01_1": {
        "is_asleep": false,
        "root_link": {
            "pos": [
                3.866909980773926,
                5.666343688964844,
                -0.15000006556510925
            ],
            "ori": [
                0.0,
                0.0,
                0.0,
                1.0
            ]
        },
        "non_kin": {}
    },
    "newspaper.n.03_1": {
        "is_asleep": false,
        "root_link": {
            "pos": [
                3.4780325889587402,
                4.995885848999023,
                0.44504520297050476
            ],
            "ori": [
                1.650291778787505e-05,
                -0.00011850104056065902,
                0.9966210722923279,
                -0.08213776350021362
            ],
            "lin_vel": [
                -0.0003013922832906246,
                0.0001631441555218771,
                -7.067320984788239e-05
            ],
            "ang_vel": [
                -0.0003271034511271864,
                -0.0002209674275945872,
                7.91747952462174e-05
            ]
        },
        "non_kin": {
            "Temperature": {
                "temperature": 23.0
            }
        }
    },
    "table.n.02_1": {
        "is_asleep": false,
        "root_link": {
            "pos": [
                3.519815683364868,
                5.290391445159912,
                0.3646339774131775
            ],
            "ori": [
                1.1464823046480888e-06,
                2.022893568209838e-05,
                -6.6688812694337685e-06,
                1.0000001192092896
            ],
            "lin_vel": [
                -0.0001572791807120666,
                1.460818384657614e-05,
                -5.473129203892313e-05
            ],
            "ang_vel": [
                -0.00010239136463496834,
                -0.0001907747791847214,
                7.055285095702857e-05
            ]
        },
        "non_kin": {}
    },
    "cigar_lighter.n.01_1": {
        "is_asleep": false,
        "root_link": {
            "pos": [
                3.638742446899414,
                4.658060550689697,
                0.431811660528183
            ],
            "ori": [
                1.815136056393385e-05,
                6.802620191592723e-07,
                -0.7507030963897705,
                0.6606397032737732
            ],
            "lin_vel": [
                -0.00014805120008531958,
                0.00014358290354721248,
                8.040703687584028e-05
            ],
            "ang_vel": [
                -0.0015998956514522433,
                -0.0008186433115042746,
                0.0003421141591388732
            ]
        },
        "non_kin": {
            "ToggledOn": {
                "value": false,
                "hand_in_marker_steps": 0
            }
        }
    },
    "wood_fireplace.n.01_1": {
        "is_asleep": false,
        "root_link": {
            "pos": [
                6.004481315612793,
                6.702439308166504,
                0.6518230438232422
            ],
            "ori": [
                0.0,
                0.0,
                1.0,
                5.52335052361741e-07
            ]
        },
        "non_kin": {
            "Temperature": {
                "temperature": 23.0
            }
        }
    },
    "robot_poses": {
        "R1Pro": [
            {
                "position": [
                    4.908542633056641,
                    3.9389381408691406,
                    0.003765106201171875
                ],
                "orientation": [
                    0.0,
                    0.0,
                    0.6490865349769592,
                    0.760714590549469
                ]
            }
        ],
        "Fetch": [
            {
                "position": [
                    3.842634677886963,
                    6.807127475738525,
                    0.0012933611869812012
                ],
                "orientation": [
                    -0.0011692047119140625,
                    -0.0027091139927506447,
                    -0.3961530029773712,
                    0.9181797504425049
                ]
            }
        ],
        "R1": [
            {
                "position": [
                    4.907157897949219,
                    6.085662364959717,
                    0.003765106201171875
                ],
                "orientation": [
                    0.00481742899864912,
                    0.0015284590190276504,
                    -0.17407746613025665,
                    0.9847190976142883
                ]
            }
        ],
        "Stretch": [
            {
                "position": [
                    4.488121032714844,
                    4.605995178222656,
                    -0.0007996410131454468
                ],
                "orientation": [
                    -0.001962043344974518,
                    0.0003597396134864539,
                    0.9835636019706726,
                    0.18055124580860138
                ]
            }
        ],
        "Tiago": [
            {
                "position": [
                    4.402846336364746,
                    3.8794009685516357,
                    0.00034427642822265625
                ],
                "orientation": [
                    -4.69257699364789e-08,
                    7.113416700121888e-08,
                    0.9253672361373901,
                    0.37907183170318604
                ]
            }
        ]
    }
}