{
    "firewood.n.01_1": {
        "is_asleep": true,
        "root_link": {
            "pos": [
                3.3614814281463623,
                3.7410800457000732,
                0.025316065177321434
            ],
            "ori": [
                0.009008079767227173,
                0.02319394238293171,
                -0.5907390713691711,
                0.8064789772033691
            ],
            "lin_vel": [
                0.0,
                0.0,
                0.0
            ],
            "ang_vel": [
                0.0,
                0.0,
                0.0
            ]
        },
        "non_kin": {
            "Temperature": {
                "temperature": 23.0
            }
        }
    },
    "firewood.n.01_2": {
        "is_asleep": true,
        "root_link": {
            "pos": [
                4.582045555114746,
                5.186655044555664,
                0.02531607449054718
            ],
            "ori": [
                -0.018557101488113403,
                -0.016575362533330917,
                0.8925130367279053,
                -0.450334757566452
            ],
            "lin_vel": [
                0.0,
                0.0,
                0.0
            ],
            "ang_vel": [
                0.0,
                0.0,
                0.0
            ]
        },
        "non_kin": {
            "Temperature": {
                "temperature": 23.0
            }
        }
    },
    "floor.n.01_1": {
        "is_asleep": false,
        "root_link": {
            "pos": [
                3.866909980773926,
                5.666343688964844,
                -0.15000006556510925
            ],
            "ori": [
                0.0,
                0.0,
                0.0,
                1.0
            ]
        },
        "non_kin": {}
    },
    "newspaper.n.03_1": {
        "is_asleep": true,
        "root_link": {
            "pos": [
                3.488783597946167,
                5.8665361404418945,
                0.4452436864376068
            ],
            "ori": [
                6.540463073179126e-05,
                9.491361561231315e-05,
                -0.7182422876358032,
                0.6957931518554688
            ],
            "lin_vel": [
                0.0,
                0.0,
                0.0
            ],
            "ang_vel": [
                0.0,
                0.0,
                0.0
            ]
        },
        "non_kin": {
            "Temperature": {
                "temperature": 23.0
            }
        }
    },
    "table.n.02_1": {
        "is_asleep": true,
        "root_link": {
            "pos": [
                3.5198171138763428,
                5.2903900146484375,
                0.3646340072154999
            ],
            "ori": [
                3.0028063520148862e-06,
                2.3991438865778036e-05,
                -6.170871529320721e-06,
                1.0000001192092896
            ],
            "lin_vel": [
                0.0,
                0.0,
                0.0
            ],
            "ang_vel": [
                0.0,
                0.0,
                0.0
            ]
        },
        "non_kin": {}
    },
    "cigar_lighter.n.01_1": {
        "is_asleep": true,
        "root_link": {
            "pos": [
                3.4388558864593506,
                5.000224590301514,
                0.43190252780914307
            ],
            "ori": [
                4.91035170853138e-05,
                -2.1783876945846714e-05,
                -0.6474713087081909,
                0.7620898485183716
            ],
            "lin_vel": [
                0.0,
                0.0,
                0.0
            ],
            "ang_vel": [
                0.0,
                0.0,
                0.0
            ]
        },
        "non_kin": {
            "ToggledOn": {
                "value": false,
                "hand_in_marker_steps": 0
            }
        }
    },
    "wood_fireplace.n.01_1": {
        "is_asleep": false,
        "root_link": {
            "pos": [
                6.004481315612793,
                6.702439308166504,
                0.6518230438232422
            ],
            "ori": [
                0.0,
                0.0,
                1.0,
                5.52335052361741e-07
            ]
        },
        "non_kin": {
            "Temperature": {
                "temperature": 23.0
            }
        }
    },
    "robot_poses": {
        "R1Pro": [
            {
                "position": [
                    4.5192413330078125,
                    6.30072021484375,
                    0.003765106201171875
                ],
                "orientation": [
                    0.0,
                    0.0,
                    -0.5962919592857361,
                    0.8027676343917847
                ]
            }
        ],
        "Fetch": [
            {
                "position": [
                    4.681789875030518,
                    6.641019821166992,
                    0.0012932419776916504
                ],
                "orientation": [
                    0.0012481734156608582,
                    -0.0026741037145256996,
                    0.4230179488658905,
                    0.9061164855957031
                ]
            }
        ],
        "R1": [
            {
                "position": [
                    4.766597270965576,
                    3.841430425643921,
                    0.003765106201171875
                ],
                "orientation": [
                    0.0001675151288509369,
                    0.00505132507532835,
                    0.8701149821281433,
                    0.4928228557109833
                ]
            }
        ],
        "Stretch": [
            {
                "position": [
                    4.330711364746094,
                    7.168481826782227,
                    -0.0007995367050170898
                ],
                "orientation": [
                    -0.0015816055238246918,
                    0.0012148506939411163,
                    0.793089747428894,
                    0.6091015934944153
                ]
            }
        ],
        "Tiago": [
            {
                "position": [
                    4.864078044891357,
                    6.747831344604492,
                    0.00034427642822265625
                ],
                "orientation": [
                    -8.143347685063418e-08,
                    1.2106661984034872e-07,
                    0.9531405568122864,
                    0.3025277554988861
                ]
            }
        ]
    }
}