{
    "agent.n.01_1": {
        "is_asleep": false,
        "root_link": {
            "pos": [
                -50.0,
                -50.0,
                -50.0
            ],
            "ori": [
                0.0,
                0.0,
                0.0,
                1.0
            ],
            "lin_vel": [
                0.0,
                0.0,
                0.0
            ],
            "ang_vel": [
                0.0,
                0.0,
                0.0
            ]
        },
        "joint_pos": [
            55.334903717041016,
            54.476016998291016,
            50.00376510620117,
            -0.01010842900723219,
            -2.247248630737886e-05,
            2.661609649658203,
            -7.117154018487781e-05,
            -0.0002609485818538815,
            0.00011094845831394196,
            4.440664724825183e-06,
            -5.378001787903486e-06,
            3.445104448474012e-05,
            1.9060038328170776,
            1.9060078859329224,
            -0.9910100102424622,
            -0.9910098910331726,
            1.571001410484314,
            1.571000099182129,
            0.9149952530860901,
            0.9149988889694214,
            -1.570999264717102,
            -1.5709998607635498,
            0.04999972879886627,
            0.049999840557575226,
            0.049999549984931946,
            0.04999978467822075
        ],
        "joint_vel": [
            6.813470463384874e-06,
            -4.072919182362966e-05,
            -0.0009168254327960312,
            -0.00012841213901992887,
            -1.6855467038112693e-05,
            5.9765810874523595e-05,
            -0.00020008321735076606,
            -9.245274850400165e-05,
            -9.030097862705588e-05,
            -4.731949957204051e-05,
            0.0002443190896883607,
            9.785975635168143e-06,
            -0.00037896662252023816,
            0.0005460017709992826,
            -0.00024035992100834846,
            2.6845391403185204e-05,
            0.00021332460164558142,
            6.738353113178164e-05,
            -0.0001934337051352486,
            0.00014711309631820768,
            -0.00020049246086273342,
            -9.23052430152893e-05,
            1.5110872482182458e-05,
            2.0501822291407734e-05,
            -1.818577175072278e-06,
            1.0096788173541427e-05
        ],
        "controllers": {
            "base": {
                "goal_is_valid": true,
                "goal": {
                    "target": [
                        0.0,
                        0.0,
                        0.0
                    ]
                }
            },
            "trunk": {
                "goal_is_valid": true,
                "goal": {
                    "target": [
                        -7.040574564598501e-05,
                        -0.0002606817870400846,
                        0.00011165795876877382,
                        3.3335352327412693e-06
                    ]
                }
            },
            "arm_left": {
                "goal_is_valid": true,
                "goal": {
                    "target_pos": [
                        0.5446221828460693,
                        0.3968491554260254,
                        1.4467841386795044
                    ],
                    "target_ori_mat": [
                        [
                            -0.00677800178527832,
                            4.660990089178085e-05,
                            0.9999769330024719
                        ],
                        [
                            0.0031178805511444807,
                            -0.9999949932098389,
                            6.774452049285173e-05
                        ],
                        [
                            0.9999720454216003,
                            0.0031182682141661644,
                            0.006778061389923096
                        ]
                    ]
                },
                "control_filter": {
                    "past_samples": [
                        [
                            -5.4625675147690345e-06,
                            1.9060049057006836,
                            -0.9910112619400024,
                            1.5710010528564453,
                            0.9149954915046692,
                            -1.5709997415542603
                        ],
                        [
                            -5.120859896123875e-06,
                            1.9060050249099731,
                            -0.9910115599632263,
                            1.5710006952285767,
                            0.914995014667511,
                            -1.5709993839263916
                        ]
                    ],
                    "current_idx": 0,
                    "fully_filled": true
                }
            },
            "gripper_left": {
                "goal_is_valid": true,
                "goal": {
                    "target": [
                        1.0
                    ]
                },
                "vel_filter": {
                    "past_samples": [
                        [
                            4.023313522338867e-06,
                            1.4305113836599048e-05
                        ],
                        [
                            -1.3858079000783619e-05,
                            -1.5199183508229908e-05
                        ],
                        [
                            1.9669530956889503e-05,
                            1.8775461285258643e-05
                        ],
                        [
                            -1.8775461285258643e-05,
                            0.0
                        ],
                        [
                            2.145767030015122e-05,
                            -2.1010635464335792e-05
                        ]
                    ],
                    "current_idx": 0,
                    "fully_filled": true
                }
            },
            "arm_right": {
                "goal_is_valid": true,
                "goal": {
                    "target_pos": [
                        0.544625997543335,
                        -0.3968372344970703,
                        1.4439866542816162
                    ],
                    "target_ori_mat": [
                        [
                            0.005850017070770264,
                            -4.266621544957161e-06,
                            0.9999827742576599
                        ],
                        [
                            -0.004663476720452309,
                            -0.9999889135360718,
                            2.301461063325405e-05
                        ],
                        [
                            0.9999719262123108,
                            -0.004663531668484211,
                            -0.005849719047546387
                        ]
                    ]
                },
                "control_filter": {
                    "past_samples": [
                        [
                            3.4650609450181946e-05,
                            1.9060083627700806,
                            -0.9910110831260681,
                            1.571000576019287,
                            0.9149971604347229,
                            -1.5710004568099976
                        ],
                        [
                            3.436753831920214e-05,
                            1.9060097932815552,
                            -0.9910104274749756,
                            1.571000576019287,
                            0.9149991869926453,
                            -1.5710002183914185
                        ]
                    ],
                    "current_idx": 0,
                    "fully_filled": true
                }
            },
            "gripper_right": {
                "goal_is_valid": true,