{
    "firewood.n.01_1": {
        "is_asleep": true,
        "root_link": {
            "pos": [
                4.552814960479736,
                4.374683380126953,
                0.02531607076525688
            ],
            "ori": [
                -0.00458759069442749,
                0.024455470964312553,
                -0.07621666043996811,
                0.9967809319496155
            ],
            "lin_vel": [
                0.0,
                0.0,
                0.0
            ],
            "ang_vel": [
                0.0,
                0.0,
                0.0
            ]
        },
        "non_kin": {
            "Temperature": {
                "temperature": 23.0
            }
        }
    },
    "firewood.n.01_2": {
        "is_asleep": true,
        "root_link": {
            "pos": [
                4.130183696746826,
                3.764958381652832,
                0.02531604841351509
            ],
            "ori": [
                -0.008204088546335697,
                0.023490361869335175,
                0.0741681456565857,
                0.9969354271888733
            ],
            "lin_vel": [
                0.0,
                0.0,
                0.0
            ],
            "ang_vel": [
                0.0,
                0.0,
                0.0
            ]
        },
        "non_kin": {
            "Temperature": {
                "temperature": 23.0
            }
        }
    },
    "floor.n.01_1": {
        "is_asleep": false,
        "root_link": {
            "pos": [
                3.866909980773926,
                5.666343688964844,
                -0.15000006556510925
            ],
            "ori": [
                0.0,
                0.0,
                0.0,
                1.0
            ]
        },
        "non_kin": {}
    },
    "newspaper.n.03_1": {
        "is_asleep": true,
        "root_link": {
            "pos": [
                3.7155187129974365,
                4.874759197235107,
                0.4450039863586426
            ],
            "ori": [
                5.154907194082625e-05,
                0.00010804501653183252,
                -0.7863969206809998,
                0.6177218556404114
            ],
            "lin_vel": [
                0.0,
                0.0,
                0.0
            ],
            "ang_vel": [
                0.0,
                0.0,
                0.0
            ]
        },
        "non_kin": {
            "Temperature": {
                "temperature": 23.0
            }
        }
    },
    "table.n.02_1": {
        "is_asleep": true,
        "root_link": {
            "pos": [
                3.5198171138763428,
                5.2903900146484375,
                0.3646340072154999
            ],
            "ori": [
                3.0028063520148862e-06,
                2.3991438865778036e-05,
                -6.170871529320721e-06,
                1.0000001192092896
            ],
            "lin_vel": [
                0.0,
                0.0,
                0.0
            ],
            "ang_vel": [
                0.0,
                0.0,
                0.0
            ]
        },
        "non_kin": {}
    },
    "cigar_lighter.n.01_1": {
        "is_asleep": true,
        "root_link": {
            "pos": [
                3.538001537322998,
                5.764329433441162,
                0.43207529187202454
            ],
            "ori": [
                0.00021090207155793905,
                -9.715519263409078e-05,
                0.60333651304245,
                0.797486424446106
            ],
            "lin_vel": [
                0.0,
                0.0,
                0.0
            ],
            "ang_vel": [
                0.0,
                0.0,
                0.0
            ]
        },
        "non_kin": {
            "ToggledOn": {
                "value": false,
                "hand_in_marker_steps": 0
            }
        }
    },
    "wood_fireplace.n.01_1": {
        "is_asleep": false,
        "root_link": {
            "pos": [
                6.004481315612793,
                6.702439308166504,
                0.6518230438232422
            ],
            "ori": [
                0.0,
                0.0,
                1.0,
                5.52335052361741e-07
            ]
        },
        "non_kin": {
            "Temperature": {
                "temperature": 23.0
            }
        }
    },
    "robot_poses": {
        "R1Pro": [
            {
                "position": [
                    4.9466400146484375,
                    4.316272735595703,
                    0.003765106201171875
                ],
                "orientation": [
                    0.0,
                    0.0,
                    -0.7426759004592896,
                    0.6696510314941406
                ]
            }
        ],
        "Fetch": [
            {
                "position": [
                    3.0871834754943848,
                    4.058141231536865,
                    0.0012932121753692627
                ],
                "orientation": [
                    -0.0007797703146934509,
                    -0.002848435193300247,
                    -0.26392894983291626,
                    0.9645376801490784
                ]
            }
        ],
        "R1": [
            {
                "position": [
                    4.876091003417969,
                    6.100110054016113,
                    0.003765106201171875
                ],
                "orientation": [
                    0.004640832543373108,
                    0.0020016066264361143,
                    -0.0749092549085617,
                    0.9971776604652405
                ]
            }
        ],
        "Stretch": [
            {
                "position": [
                    5.313435077667236,
                    5.995729446411133,
                    -0.0007995814085006714
                ],
                "orientation": [
                    0.0016134735196828842,
                    0.0011720005422830582,
                    -0.8090784549713135,
                    0.5876973867416382
                ]
            }
        ],
        "Tiago": [
            {
                "position": [
                    4.120952129364014,
                    6.696893215179443,
                    0.00034427642822265625
                ],
                "orientation": [
                    1.3088597938804014e-07,
                    2.548249611322717e-08,
                    -0.06606173515319824,
                    0.9978155493736267
                ]
            }
        ]
    }
}