{
    "agent.n.01_1": {
        "is_asleep": false,
        "root_link": {
            "pos": [
                -50.0,
                -50.0,
                -50.0
            ],
            "ori": [
                0.0,
                0.0,
                0.0,
                1.0
            ],
            "lin_vel": [
                0.0,
                0.0,
                0.0
            ],
            "ang_vel": [
                0.0,
                0.0,
                0.0
            ]
        },
        "joint_pos": [
            54.731903076171875,
            57.13360595703125,
            50.00376510620117,
            0.006779699586331844,
            -0.007497697602957487,
            -1.3178340196609497,
            -6.968337402213365e-05,
            -0.00025972226285375655,
            0.00011171773076057434,
            4.454619556781836e-06,
            -9.554193638905417e-06,
            3.627329715527594e-05,
            1.9059972763061523,
            1.9060074090957642,
            -0.9909981489181519,
            -0.9910017251968384,
            1.5709975957870483,
            1.5710004568099976,
            0.9149988293647766,
            0.9150063395500183,
            -1.5709972381591797,
            -1.5710006952285767,
            0.04999977722764015,
            0.04999975115060806,
            0.04999999329447746,
            0.04999983310699463
        ],
        "joint_vel": [
            0.00020264688646420836,
            0.00010680452396627516,
            -0.0011482040863484144,
            7.258464756887406e-05,
            -0.00012681001680903137,
            0.0001676658575888723,
            3.042214666493237e-05,
            0.0006557658198289573,
            0.0004934130702167749,
            0.0005296096205711365,
            0.00027183679048903286,
            0.0002460656687617302,
            -0.0011364761739969254,
            0.000886012043338269,
            -4.664709558710456e-05,
            0.00014945302973501384,
            -0.00012513417459558696,
            1.3876746379537508e-05,
            -0.00056522834347561,
            0.00046415021643042564,
            7.377185829682276e-05,
            -1.0419826139695942e-06,
            2.640427373989951e-05,
            1.294304365728749e-05,
            8.525739758624695e-06,
            1.718864223221317e-05
        ],
        "controllers": {
            "base": {
                "goal_is_valid": true,
                "goal": {
                    "target": [
                        0.0,
                        0.0,
                        0.0
                    ]
                }
            },
            "trunk": {
                "goal_is_valid": true,
                "goal": {
                    "target": [
                        -7.036374881863594e-05,
                        -0.0002605949412100017,
                        0.00011165007890667766,
                        3.353224656166276e-06
                    ]
                }
            },
            "arm_left": {
                "goal_is_valid": true,
                "goal": {
                    "target_pos": [
                        0.544621467590332,
                        0.3968486785888672,
                        1.4467849731445312
                    ],
                    "target_ori_mat": [
                        [
                            -0.0067784786224365234,
                            4.6748085878789425e-05,
                            0.999977171421051
                        ],
                        [
                            0.003117731772363186,
                            -0.9999954700469971,
                            6.788247264921665e-05
                        ],
                        [
                            0.9999722838401794,
                            0.003118120366707444,
                            0.006778061389923096
                        ]
                    ]
                },
                "control_filter": {
                    "past_samples": [
                        [
                            -9.587184649717528e-06,
                            1.905996561050415,
                            -0.9909991025924683,
                            1.5709986686706543,
                            0.9149984121322632,
                            -1.5709980726242065
                        ],
                        [
                            -9.446437616134062e-06,
                            1.9059959650039673,
                            -0.9909994006156921,
                            1.570997953414917,
                            0.9149976968765259,
                            -1.5709971189498901
                        ]
                    ],
                    "current_idx": 0,
                    "fully_filled": true
                }
            },
            "gripper_left": {
                "goal_is_valid": true,
                "goal": {
                    "target": [
                        1.0
                    ]
                },
                "vel_filter": {
                    "past_samples": [
                        [
                            -1.4752148672414478e-05,
                            -8.046627044677734e-06
                        ],
                        [
                            2.279877480759751e-05,
                            4.470347903406946e-06
                        ],
                        [
                            -2.369284447922837e-05,
                            -3.1292436233343324e-06
                        ],
                        [
                            2.235173997178208e-05,
                            6.258487246668665e-06
                        ],
                        [
                            8.940695806813892e-06,
                            1.0281800314260181e-05
                        ]
                    ],
                    "current_idx": 4,
                    "fully_filled": true
                }
            },
            "arm_right": {
                "goal_is_valid": true,
                "goal": {
                    "target_pos": [
                        0.5446257591247559,
                        -0.3968358039855957,
                        1.4439867734909058
                    ],
                    "target_ori_mat": [
                        [
                            0.005850017070770264,
                            -3.830529749393463e-06,
                            0.9999829530715942
                        ],
                        [
                            -0.004663423635065556,
                            -0.9999891519546509,
                            2.3451168090105057e-05
                        ],
                        [
                            0.9999721050262451,
                            -0.004663480911403894,
                            -0.005849957466125488
                        ]
                    ]
                },
                "control_filter": {
                    "past_samples": [
                        [
                            3.663399547804147e-05,
                            1.9060089588165283,
                            -0.9910005331039429,
                            1.5710008144378662,
                            0.9150083661079407,
                            -1.571000576019287
                        ],
                        [
                            3.589004700188525e-05,
                            1.9060070514678955,
                            -0.9910018444061279,
                            1.5709999799728394,
                            0.9150049686431885,
                            -1.571000099182129
                        ]
                    ],
                    "current_idx": 0,
                    "fully_filled": true
                }
            },
            "gripper_right": {
                "goal_is_valid": true,