{
    "agent.n.01_1": {
        "is_asleep": false,
        "root_link": {
            "pos": [
                -50.0,
                -50.0,
                -50.0
            ],
            "ori": [
                0.0,
                0.0,
                0.0,
                1.0
            ],
            "lin_vel": [
                0.0,
                0.0,
                0.0
            ],
            "ang_vel": [
                0.0,
                0.0,
                0.0
            ]
        },
        "joint_pos": [
            54.9022216796875,
            54.37112045288086,
            50.00376510620117,
            -0.009535092860460281,
            -0.0033551424276083708,
            2.997690200805664,
            -6.982198101468384e-05,
            -0.0002593717072159052,
            0.00011179369175806642,
            3.3067772164940834e-06,
            -6.7903984017902985e-06,
            3.4533524740254506e-05,
            1.9060040712356567,
            1.9059964418411255,
            -0.9910045266151428,
            -0.9909984469413757,
            1.570999264717102,
            1.571000337600708,
            0.9149977564811707,
            0.9150010347366333,
            -1.5709986686706543,
            -1.5710004568099976,
            0.0499996617436409,
            0.04999982938170433,
            0.04999968782067299,
            0.04999992623925209
        ],
        "joint_vel": [
            -0.0002161739976145327,
            -0.0003466304042376578,
            -0.0012700149090960622,
            -0.00020357369794510305,
            1.4694931451231241e-05,
            0.0001156177677330561,
            0.0006436123512685299,
            -0.0003779037797357887,
            0.00048397009959444404,
            0.0012507401406764984,
            0.0008020898676477373,
            0.0010087951086461544,
            -0.0024120905436575413,
            0.0019712322391569614,
            -0.0002122777805197984,
            0.0008482596604153514,
            0.0009920465527102351,
            0.0012883363524451852,
            -0.0013317422708496451,
            0.0014638612046837807,
            -0.0009611859568394721,
            -0.0011491369223222136,
            5.3556850616587326e-05,
            -1.1279121281404514e-07,
            -1.9563667592592537e-06,
            -1.1481082765385509e-05
        ],
        "controllers": {
            "base": {
                "goal_is_valid": true,
                "goal": {
                    "target": [
                        0.0,
                        0.0,
                        0.0
                    ]
                }
            },
            "trunk": {
                "goal_is_valid": true,
                "goal": {
                    "target": [
                        -7.034990267129615e-05,
                        -0.0002605654008220881,
                        0.00011164658644702286,
                        3.3197948141605593e-06
                    ]
                }
            },
            "arm_left": {
                "goal_is_valid": true,
                "goal": {
                    "target_pos": [
                        0.544621467590332,
                        0.3968486785888672,
                        1.446784496307373
                    ],
                    "target_ori_mat": [
                        [
                            -0.006777763366699219,
                            4.6420376747846603e-05,
                            0.9999771118164062
                        ],
                        [
                            0.0031180032528936863,
                            -0.999995231628418,
                            6.755476351827383e-05
                        ],
                        [
                            0.9999722242355347,
                            0.0031183892861008644,
                            0.006777524948120117
                        ]
                    ]
                },
                "control_filter": {
                    "past_samples": [
                        [
                            -6.064399713068269e-06,
                            1.9060083627700806,
                            -0.9910091161727905,
                            1.570999026298523,
                            0.9149974584579468,
                            -1.5709986686706543
                        ],
                        [
                            -8.711899681657087e-06,
                            1.9059988260269165,
                            -0.9909957647323608,
                            1.5709983110427856,
                            0.9150017499923706,
                            -1.570998191833496
                        ]
                    ],
                    "current_idx": 1,
                    "fully_filled": true
                }
            },
            "gripper_left": {
                "goal_is_valid": true,
                "goal": {
                    "target": [
                        1.0
                    ]
                },
                "vel_filter": {
                    "past_samples": [
                        [
                            -4.649161928682588e-05,
                            -4.336237543611787e-05
                        ],
                        [
                            7.599591754114954e-06,
                            2.458691415085923e-05
                        ],
                        [
                            -8.493661880493164e-06,
                            -1.4752148672414478e-05
                        ],
                        [
                            7.599591754114954e-06,
                            1.117586998589104e-05
                        ],
                        [
                            -9.834765478444751e-06,
                            -1.3411043937594513e-06
                        ]
                    ],
                    "current_idx": 1,
                    "fully_filled": true
                }
            },
            "arm_right": {
                "goal_is_valid": true,
                "goal": {
                    "target_pos": [
                        0.5446245670318604,
                        -0.3968372344970703,
                        1.4439866542816162
                    ],
                    "target_ori_mat": [
                        [
                            0.0058501362800598145,
                            -3.8496218621730804e-06,
                            0.9999828338623047
                        ],
                        [
                            -0.004663527011871338,
                            -0.9999890327453613,
                            2.3433007299900055e-05
                        ],
                        [
                            0.9999719858169556,
                            -0.004663584288209677,
                            -0.005849957466125488
                        ]
                    ]
                },
                "control_filter": {
                    "past_samples": [
                        [
                            3.4585074899950996e-05,
                            1.9059972763061523,
                            -0.9909987449645996,
                            1.5710009336471558,
                            0.9150012135505676,
                            -1.571000576019287
                        ],
                        [
                            3.638023918028921e-05,
                            1.9059911966323853,
                            -0.9909915328025818,
                            1.5710006952285767,
                            0.9150018095970154,
                            -1.5710008144378662
                        ]
                    ],
                    "current_idx": 1,
                    "fully_filled": true
                }
            },