{
    "firewood.n.01_1": {
        "is_asleep": true,
        "root_link": {
            "pos": [
                4.9287214279174805,
                4.195440292358398,
                0.025316016748547554
            ],
            "ori": [
                -0.02002418041229248,
                -0.014768664725124836,
                0.9306818842887878,
                -0.36498263478279114
            ],
            "lin_vel": [
                0.0,
                0.0,
                0.0
            ],
            "ang_vel": [
                0.0,
                0.0,
                0.0
            ]
        },
        "non_kin": {
            "Temperature": {
                "temperature": 23.0
            }
        }
    },
    "firewood.n.01_2": {
        "is_asleep": true,
        "root_link": {
            "pos": [
                5.624637126922607,
                4.294148921966553,
                0.025316055864095688
            ],
            "ori": [
                -0.0023899003863334656,
                0.02476665750145912,
                -0.16474281251430511,
                0.9860227108001709
            ],
            "lin_vel": [
                0.0,
                0.0,
                0.0
            ],
            "ang_vel": [
                0.0,
                0.0,
                0.0
            ]
        },
        "non_kin": {
            "Temperature": {
                "temperature": 23.0
            }
        }
    },
    "floor.n.01_1": {
        "is_asleep": false,
        "root_link": {
            "pos": [
                3.866909980773926,
                5.666343688964844,
                -0.15000006556510925
            ],
            "ori": [
                0.0,
                0.0,
                0.0,
                1.0
            ]
        },
        "non_kin": {}
    },
    "newspaper.n.03_1": {
        "is_asleep": false,
        "root_link": {
            "pos": [
                3.484440326690674,
                5.406445026397705,
                0.44513916969299316
            ],
            "ori": [
                9.45523934205994e-05,
                -6.637300975853577e-05,
                0.7037654519081116,
                0.7104326486587524
            ],
            "lin_vel": [
                2.0900406525470316e-05,
                -0.0001830723776947707,
                -0.00015379893011413515
            ],
            "ang_vel": [
                0.0003573950089048594,
                0.00012889147910755128,
                -0.00031943668727762997
            ]
        },
        "non_kin": {
            "Temperature": {
                "temperature": 23.0
            }
        }
    },
    "table.n.02_1": {
        "is_asleep": false,
        "root_link": {
            "pos": [
                3.5198171138763428,
                5.2903900146484375,
                0.3646340072154999
            ],
            "ori": [
                3.0027481443539727e-06,
                2.3991438865778036e-05,
                -6.170871529320721e-06,
                1.0000001192092896
            ],
            "lin_vel": [
                9.404063894180581e-05,
                -6.98606891091913e-05,
                -0.00012637038889806718
            ],
            "ang_vel": [
                3.483871842036024e-05,
                0.000284609297523275,
                -3.4852968383347616e-05
            ]
        },
        "non_kin": {}
    },
    "cigar_lighter.n.01_1": {
        "is_asleep": false,
        "root_link": {
            "pos": [
                3.518498659133911,
                4.837874889373779,
                0.43186241388320923
            ],
            "ori": [
                0.00019182212417945266,
                -9.352341294288635e-05,
                0.2610921263694763,
                0.9653139114379883
            ],
            "lin_vel": [
                0.000155893707415089,
                -0.0001970664452528581,
                -0.0001985205162782222
            ],
            "ang_vel": [
                0.0002517798566259444,
                -0.0005941751878708601,
                6.040176231181249e-05
            ]
        },
        "non_kin": {
            "ToggledOn": {
                "value": false,
                "hand_in_marker_steps": 0
            }
        }
    },
    "wood_fireplace.n.01_1": {
        "is_asleep": false,
        "root_link": {
            "pos": [
                6.004481315612793,
                6.702439308166504,
                0.6518230438232422
            ],
            "ori": [
                0.0,
                0.0,
                1.0,
                5.52335052361741e-07
            ]
        },
        "non_kin": {
            "Temperature": {
                "temperature": 23.0
            }
        }
    },
    "robot_poses": {
        "R1Pro": [
            {
                "position": [
                    4.561817169189453,
                    6.273212432861328,
                    0.003765106201171875
                ],
                "orientation": [
                    0.0,
                    0.0,
                    -0.6539459228515625,
                    0.7565413117408752
                ]
            }
        ],
        "Fetch": [
            {
                "position": [
                    4.905630588531494,
                    6.137905120849609,
                    0.0012933015823364258
                ],
                "orientation": [
                    -0.002378717064857483,
                    -0.0017506945878267288,
                    -0.8053275346755981,
                    0.5928230285644531
                ]
            }
        ],
        "R1": [
            {
                "position": [
                    5.1851725578308105,
                    4.960616111755371,
                    0.003765106201171875
                ],
                "orientation": [
                    -0.0007084980607032776,
                    0.0050041466020047665,
                    0.9422347545623779,
                    0.33491507172584534
                ]
            }
        ],
        "Stretch": [
            {
                "position": [
                    5.427677631378174,
                    4.576515197753906,
                    -0.0007995516061782837
                ],
                "orientation": [
                    0.0015476029366254807,
                    0.001257662894204259,
                    -0.7760096192359924,
                    0.6307179927825928
                ]
            }
        ],
        "Tiago": [
            {
                "position": [
                    4.532565116882324,
                    5.58308744430542,
                    0.00034427642822265625
                ],
                "orientation": [
                    7.296721094007808e-08,
                    1.555901292249473e-07,
                    0.09048962593078613,
                    0.9958974123001099
                ]
            }
        ]
    }
}