{
    "plate.n.04_1": {
        "is_asleep": false,
        "root_link": {
            "pos": [
                4.2379150390625,
                1.406960368156433,
                0.6848396062850952
            ],
            "ori": [
                7.423211354762316e-05,
                6.8678091338369995e-06,
                0.9953606128692627,
                -0.09621717780828476
            ],
            "lin_vel": [
                0.0003442862071096897,
                -0.00013429211685433984,
                -7.318970165215433e-05
            ],
            "ang_vel": [
                0.0011623039608821273,
                0.00010793520777951926,
                0.001113116042688489
            ]
        },
        "non_kin": {
            "Temperature": {
                "temperature": 23.0
            }
        }
    },
    "plate.n.04_2": {
        "is_asleep": false,
        "root_link": {
            "pos": [
                4.009840488433838,
                1.8302158117294312,
                0.6848392486572266
            ],
            "ori": [
                9.736831998452544e-06,
                4.358248770586215e-05,
                0.9488019347190857,
                -0.3158721625804901
            ],
            "lin_vel": [
                0.0002569224452599883,
                -9.412564395461231e-05,
                7.0806599978823215e-06
            ],
            "ang_vel": [
                -0.00014549936167895794,
                -0.00868812296539545,
                0.00014760182239115238
            ]
        },
        "non_kin": {
            "Temperature": {
                "temperature": 23.0
            }
        }
    },
    "bowl.n.01_1": {
        "is_asleep": false,
        "root_link": {
            "pos": [
                3.934720277786255,
                1.491391658782959,
                0.7068778276443481
            ],
            "ori": [
                0.0001709870994091034,
                -1.1770913260988891e-05,
                0.7857989072799683,
                0.6184821128845215
            ],
            "lin_vel": [
                0.0001053681771736592,
                0.00013246481830719858,
                -0.0001553462352603674
            ],
            "ang_vel": [
                -0.004419201985001564,
                -0.0050878035835921764,
                0.0001259762211702764
            ]
        },
        "non_kin": {
            "Temperature": {
                "temperature": 23.0
            }
        }
    },
    "bowl.n.01_2": {
        "is_asleep": false,
        "root_link": {
            "pos": [
                4.009836196899414,
                1.1724200248718262,
                0.7068780660629272
            ],
            "ori": [
                0.00015888246707618237,
                -6.966634828131646e-05,
                0.5327104926109314,
                0.8462977409362793
            ],
            "lin_vel": [
                0.0002639960730448365,
                -2.0917796064168215e-05,
                -0.00013589122681878507
            ],
            "ang_vel": [
                -0.0011888537555932999,
                -0.0010151981841772795,
                0.0009663338423706591
            ]
        },
        "non_kin": {
            "Temperature": {
                "temperature": 23.0
            }
        }
    },
    "floor.n.01_1": {
        "is_asleep": false,
        "root_link": {
            "pos": [
                4.8314337730407715,
                1.1399084329605103,
                -0.15000006556510925
            ],
            "ori": [
                0.0,
                0.0,
                0.0,
                1.0
            ]
        },
        "non_kin": {}
    },
    "pizza.n.01_1": {
        "is_asleep": false,
        "root_link": {
            "pos": [
                4.238517761230469,
                1.407267689704895,
                0.7046720385551453
            ],
            "ori": [
                0.00036423944402486086,
                -0.014074965380132198,
                0.3259444534778595,
                0.9452840685844421
            ],
            "lin_vel": [
                0.0003819485136773437,
                -0.00019373153918422759,
                -0.00017604387539904565
            ],
            "ang_vel": [
                0.0020231755916029215,
                -0.0007694298983551562,
                0.0012645014794543386
            ]
        },
        "non_kin": {
            "Temperature": {
                "temperature": 23.0
            },
            "MaxTemperature": {
                "max_temperature": 23.0
            }
        }
    },
    "pizza.n.01_2": {
        "is_asleep": false,
        "root_link": {
            "pos": [
                4.009355068206787,
                1.8302878141403198,
                0.704168975353241
            ],
            "ori": [
                -0.008683163672685623,
                0.0075173149816691875,
                0.2850172817707062,
                0.9584537148475647
            ],
            "lin_vel": [
                0.000466470344690606,
                0.0001299207069678232,
                0.0003923390177078545
            ],
            "ang_vel": [
                -0.0053310091607272625,
                -0.005528493784368038,
                0.0017703401390463114
            ]
        },
        "non_kin": {
            "Temperature": {
                "temperature": 23.0
            },
            "MaxTemperature": {
                "max_temperature": 23.0
            }
        }
    },
    "breakfast_table.n.01_1": {
        "is_asleep": false,
        "root_link": {
            "pos": [
                4.2911176681518555,
                1.438171625137329,
                0.6256126761436462
            ],
            "ori": [
                3.807288749158033e-06,
                2.2359965441864915e-05,
                -5.366028972275672e-07,
                1.0
            ],
            "lin_vel": [
                0.00022153083409648389,
                -2.976172800117638e-05,
                -9.083763143280521e-05
            ],
            "ang_vel": [
                0.00010456579911988229,
                0.00015687009727116674,
                2.691733607207425e-05
            ]
        },
        "non_kin": {}
    },
    "electric_refrigerator.n.01_1": {
        "is_asleep": true,
        "root_link": {
            "pos": [
                5.201407432556152,
                -0.5687667727470398,
                0.9560031890869141
            ],
            "ori": [
                -2.1969899535179138e-05,
                1.0596122592687607e-06,
                0.7071036100387573,
                0.7071112990379333
            ],
            "lin_vel": [
                0.0,
                0.0,
                0.0
            ],
            "ang_vel": [
                0.0,
                0.0,
                0.0
            ]
        },
        "joint_pos": [
            1.6090125065648664e-10,
            2.1197810173845255e-10
        ],
        "joint_vel": [
            -1.7780936804585954e-15,
            2.3093126761214383e-22
        ],
        "non_kin": {
            "Temperature": {
                "temperature": 23.0
            }
        }
    },
    "sink.n.01_1": {
        "is_asleep": false,
        "root_link": {
            "pos": [
                8.109147071838379,
                0.23475468158721924,
                0.8585090637207031
            ],
            "ori": [
                1.3114304072894952e-15,
                4.177641343972027e-09,
                1.0,
                3.1391647326017846e-07
            ]
        },
        "non_kin": {
            "ToggledOn": {
                "value": false,
                "hand_in_marker_steps": 0
            },
            "Temperature": {
                "temperature": 23.0
            }
        }
    },