{
    "agent.n.01_1": {
        "is_asleep": false,
        "root_link": {
            "pos": [
                -50.0,
                -50.0,
                -50.0
            ],
            "ori": [
                0.0,
                0.0,
                0.0,
                1.0
            ],
            "lin_vel": [
                0.0,
                0.0,
                0.0
            ],
            "ang_vel": [
                0.0,
                0.0,
                0.0
            ]
        },
        "joint_pos": [
            52.26140594482422,
            52.91465377807617,
            50.00376510620117,
            0.009843404404819012,
            -0.0022993439342826605,
            -0.7116490006446838,
            -7.071659638313577e-05,
            -0.0002605665649753064,
            0.00011130139318993315,
            4.456065198610304e-06,
            -5.487020189320901e-06,
            3.455451223999262e-05,
            1.9060020446777344,
            1.906003713607788,
            -0.991002082824707,
            -0.9910072684288025,
            1.5710009336471558,
            1.571000576019287,
            0.9149995446205139,
            0.9149981141090393,
            -1.5709987878799438,
            -1.5710008144378662,
            0.05000000074505806,
            0.049999941140413284,
            0.049999840557575226,
            0.04999999329447746
        ],
        "joint_vel": [
            -9.738618246046826e-05,
            5.963222065474838e-05,
            -0.0011932060588151217,
            0.00026932230684906244,
            0.000763007381465286,
            -1.2070522643625736e-06,
            -0.0013008557725697756,
            0.0006394671509042382,
            0.00018760107923299074,
            0.0008524266886524856,
            0.0002543922746554017,
            0.00015268316201400012,
            -0.0008336919127032161,
            0.0004686250467784703,
            0.00018864526646211743,
            9.544884960632771e-05,
            0.0007973771425895393,
            0.0003742367844097316,
            -0.0009246451081708074,
            0.0008096792153082788,
            -0.0007387335645034909,
            -0.00036212315899319947,
            9.965109711629339e-06,
            1.9214407984691206e-06,
            -1.026851350616198e-07,
            5.652296295011183e-06
        ],
        "controllers": {
            "base": {
                "goal_is_valid": true,
                "goal": {
                    "target": [
                        0.0,
                        0.0,
                        0.0
                    ]
                }
            },
            "trunk": {
                "goal_is_valid": true,
                "goal": {
                    "target": [
                        -7.043465302558616e-05,
                        -0.0002607416536193341,
                        0.00011166375770699233,
                        3.352704425196862e-06
                    ]
                }
            },
            "arm_left": {
                "goal_is_valid": true,
                "goal": {
                    "target_pos": [
                        0.54462069272995,
                        0.3968491554260254,
                        1.446784257888794
                    ],
                    "target_ori_mat": [
                        [
                            -0.006778120994567871,
                            4.663364961743355e-05,
                            0.9999769330024719
                        ],
                        [
                            0.003117830492556095,
                            -0.9999948740005493,
                            6.776850204914808e-05
                        ],
                        [
                            0.9999720454216003,
                            0.0031182183884084225,
                            0.006778240203857422
                        ]
                    ]
                },
                "control_filter": {
                    "past_samples": [
                        [
                            -5.625192898150999e-06,
                            1.9060012102127075,
                            -0.9910035133361816,
                            1.571000576019287,
                            0.9149988293647766,
                            -1.5709996223449707
                        ],
                        [
                            -5.440159384306753e-06,
                            1.9060026407241821,
                            -0.9910032749176025,
                            1.5710006952285767,
                            0.9150005578994751,
                            -1.5709995031356812
                        ]
                    ],
                    "current_idx": 1,
                    "fully_filled": true
                }
            },
            "gripper_left": {
                "goal_is_valid": true,
                "goal": {
                    "target": [
                        1.0
                    ]
                },
                "vel_filter": {
                    "past_samples": [
                        [
                            1.3411043937594513e-06,
                            7.599591754114954e-06
                        ],
                        [
                            -4.023313522338867e-06,
                            -1.788139229574881e-06
                        ],
                        [
                            8.940696147874405e-07,
                            4.470347903406946e-06
                        ],
                        [
                            1.788139229574881e-06,
                            -5.364417575037805e-06
                        ],
                        [
                            -1.3411043937594513e-06,
                            -8.493661880493164e-06
                        ]
                    ],
                    "current_idx": 4,
                    "fully_filled": true
                }
            },
            "arm_right": {
                "goal_is_valid": true,
                "goal": {
                    "target_pos": [
                        0.5446249842643738,
                        -0.3968374729156494,
                        1.4439868927001953
                    ],
                    "target_ori_mat": [
                        [
                            0.005849480628967285,
                            -3.86103056371212e-06,
                            0.9999829530715942
                        ],
                        [
                            -0.004663215950131416,
                            -0.9999892711639404,
                            2.3417174816131592e-05
                        ],
                        [
                            0.9999721050262451,
                            -0.004663273226469755,
                            -0.005849480628967285
                        ]
                    ]
                },
                "control_filter": {
                    "past_samples": [
                        [
                            3.5038250643992797e-05,
                            1.906004548072815,
                            -0.9910060167312622,
                            1.5710008144378662,
                            0.914998471736908,
                            -1.5710009336471558
                        ],
                        [
                            3.444704634603113e-05,
                            1.9060049057006836,
                            -0.9910081028938293,
                            1.5710004568099976,
                            0.9149966239929199,
                            -1.5710004568099976
                        ]
                    ],
                    "current_idx": 1,
                    "fully_filled": true
                }
            },
            "gripper_right": {
                "goal_is_valid": true,