{
    "plate.n.04_1": {
        "is_asleep": true,
        "root_link": {
            "pos": [
                4.083366870880127,
                1.714399814605713,
                0.6848393678665161
            ],
            "ori": [
                7.862709026085213e-06,
                -1.6556194168515503e-05,
                -0.16173923015594482,
                0.9868337512016296
            ],
            "lin_vel": [
                0.0,
                0.0,
                0.0
            ],
            "ang_vel": [
                0.0,
                0.0,
                0.0
            ]
        },
        "non_kin": {
            "Temperature": {
                "temperature": 23.0
            }
        }
    },
    "plate.n.04_2": {
        "is_asleep": true,
        "root_link": {
            "pos": [
                4.233822822570801,
                1.163102149963379,
                0.68483966588974
            ],
            "ori": [
                2.5349847419420257e-05,
                -4.377243385533802e-05,
                0.008959087543189526,
                0.9999600648880005
            ],
            "lin_vel": [
                0.0,
                0.0,
                0.0
            ],
            "ang_vel": [
                0.0,
                0.0,
                0.0
            ]
        },
        "non_kin": {
            "Temperature": {
                "temperature": 23.0
            }
        }
    },
    "bowl.n.01_1": {
        "is_asleep": true,
        "root_link": {
            "pos": [
                4.329174041748047,
                0.8369078636169434,
                0.7068784236907959
            ],
            "ori": [
                0.00017129816114902496,
                1.0260555427521467e-06,
                0.8308050036430359,
                0.5565635561943054
            ],
            "lin_vel": [
                0.0,
                0.0,
                0.0
            ],
            "ang_vel": [
                0.0,
                0.0,
                0.0
            ]
        },
        "non_kin": {
            "Temperature": {
                "temperature": 23.0
            }
        }
    },
    "bowl.n.01_2": {
        "is_asleep": true,
        "root_link": {
            "pos": [
                4.532175540924072,
                1.3698687553405762,
                0.7068786025047302
            ],
            "ori": [
                7.574778283014894e-05,
                -0.00015653723676223308,
                -0.14549620449543,
                0.9893588423728943
            ],
            "lin_vel": [
                0.0,
                0.0,
                0.0
            ],
            "ang_vel": [
                0.0,
                0.0,
                0.0
            ]
        },
        "non_kin": {
            "Temperature": {
                "temperature": 23.0
            }
        }
    },
    "floor.n.01_1": {
        "is_asleep": false,
        "root_link": {
            "pos": [
                4.8314337730407715,
                1.1399084329605103,
                -0.15000006556510925
            ],
            "ori": [
                0.0,
                0.0,
                0.0,
                1.0
            ]
        },
        "non_kin": {}
    },
    "pizza.n.01_1": {
        "is_asleep": true,
        "root_link": {
            "pos": [
                4.08423376083374,
                1.7147374153137207,
                0.6994307041168213
            ],
            "ori": [
                0.0011680272873491049,
                0.0015381094999611378,
                0.23197859525680542,
                0.9727189540863037
            ],
            "lin_vel": [
                0.0,
                0.0,
                0.0
            ],
            "ang_vel": [
                0.0,
                0.0,
                0.0
            ]
        },
        "non_kin": {
            "Temperature": {
                "temperature": 23.0
            },
            "MaxTemperature": {
                "max_temperature": 23.0
            }
        }
    },
    "pizza.n.01_2": {
        "is_asleep": true,
        "root_link": {
            "pos": [
                4.233299732208252,
                1.1627179384231567,
                0.6996186971664429
            ],
            "ori": [
                0.0018570809625089169,
                0.0017063766717910767,
                0.5132385492324829,
                0.8582423329353333
            ],
            "lin_vel": [
                0.0,
                0.0,
                0.0
            ],
            "ang_vel": [
                0.0,
                0.0,
                0.0
            ]
        },
        "non_kin": {
            "Temperature": {
                "temperature": 23.0
            },
            "MaxTemperature": {
                "max_temperature": 23.0
            }
        }
    },
    "breakfast_table.n.01_1": {
        "is_asleep": true,
        "root_link": {
            "pos": [
                4.291149139404297,
                1.4381654262542725,
                0.6256138682365417
            ],
            "ori": [
                4.521124083112227e-06,
                2.3495624191127717e-05,
                1.2094261592210387e-07,
                1.0
            ],
            "lin_vel": [
                0.0,
                0.0,
                0.0
            ],
            "ang_vel": [
                0.0,
                0.0,
                0.0
            ]
        },
        "non_kin": {}
    },
    "electric_refrigerator.n.01_1": {
        "is_asleep": true,
        "root_link": {
            "pos": [
                5.201407432556152,
                -0.5687667727470398,
                0.9560030698776245
            ],
            "ori": [
                -2.1958723664283752e-05,
                1.0603980626910925e-06,
                0.7071032524108887,
                0.7071111798286438
            ],
            "lin_vel": [
                0.0,
                0.0,
                0.0
            ],
            "ang_vel": [
                0.0,
                0.0,
                0.0
            ]
        },
        "joint_pos": [
            1.7838583388218865e-10,
            2.3517804370598583e-10
        ],
        "joint_vel": [
            2.6680080941841183e-15,
            4.583070034591685e-13
        ],
        "non_kin": {
            "Temperature": {
                "temperature": 23.0
            }
        }
    },
    "sink.n.01_1": {
        "is_asleep": false,
        "root_link": {
            "pos": [
                8.109147071838379,
                0.23475468158721924,
                0.8585090637207031
            ],
            "ori": [
                1.3114304072894952e-15,
                4.177641343972027e-09,
                1.0,
                3.1391647326017846e-07
            ]
        },
        "non_kin": {
            "Temperature": {
                "temperature": 23.0
            },
            "ToggledOn": {
                "value": false,
                "hand_in_marker_steps": 0
            }
        }
    },
    "robot_poses": {
        "R1Pro": [
            {
                "position": [
                    2.9227752685546875,
                    2.9092864990234375,
                    0.003765106201171875
                ],
                "orientation": [
                    0.0,
                    0.0,
                    0.9482633471488953,
                    0.31748488545417786
                ]
            }
        ],
        "Fetch": [
            {
                "position": [
                    5.785946846008301,
                    1.7063533067703247,
                    0.0012933909893035889
                ],