{
    "agent.n.01_1": {
        "is_asleep": false,
        "root_link": {
            "pos": [
                -50.0,
                -50.0,
                -50.0
            ],
            "ori": [
                0.0,
                0.0,
                0.0,
                1.0
            ],
            "lin_vel": [
                0.0,
                0.0,
                0.0
            ],
            "ang_vel": [
                0.0,
                0.0,
                0.0
            ]
        },
        "joint_pos": [
            55.83950424194336,
            52.628631591796875,
            50.00376510620117,
            -0.005430425517261028,
            0.008525550365447998,
            1.6557445526123047,
            -7.099754293449223e-05,
            -0.0002600155712570995,
            0.00011083496792707592,
            3.989154265582329e-06,
            -7.843038474675268e-06,
            3.488019137876108e-05,
            1.906002402305603,
            1.906004548072815,
            -0.9909999966621399,
            -0.9910023808479309,
            1.5709999799728394,
            1.5709996223449707,
            0.9150027632713318,
            0.9150036573410034,
            -1.5709989070892334,
            -1.5709989070892334,
            0.04999992996454239,
            0.04999990016222,
            0.04999993368983269,
            0.04999973252415657
        ],
        "joint_vel": [
            -0.00012328791490290314,
            7.5597199611365795e-06,
            -0.0011298382887616754,
            -0.0005468522431328893,
            0.00011582948354771361,
            0.00012624147348105907,
            -0.000944828731007874,
            0.00022606394486501813,
            0.0005135147366672754,
            0.0008671050891280174,
            0.000391908863093704,
            0.0004942204686813056,
            -0.0016828461084514856,
            0.0015284463297575712,
            -0.00018075949628837407,
            0.00025237383670173585,
            0.00032073442707769573,
            0.0005286993691697717,
            -0.0006401461432687938,
            0.0005494157667271793,
            -0.00031361301080323756,
            -0.0005013614427298307,
            3.766072040889412e-05,
            2.6742609406937845e-05,
            1.7189013306051493e-05,
            2.945741289295256e-05
        ],
        "controllers": {
            "base": {
                "goal_is_valid": true,
                "goal": {
                    "target": [
                        0.0,
                        0.0,
                        0.0
                    ]
                }
            },
            "trunk": {
                "goal_is_valid": true,
                "goal": {
                    "target": [
                        -7.034475856926292e-05,
                        -0.0002605542540550232,
                        0.00011164534953422844,
                        3.3309304399153916e-06
                    ]
                }
            },
            "arm_left": {
                "goal_is_valid": true,
                "goal": {
                    "target_pos": [
                        0.5446209907531738,
                        0.396848201751709,
                        1.4467840194702148
                    ],
                    "target_ori_mat": [
                        [
                            -0.006777644157409668,
                            4.648114554584026e-05,
                            0.9999769330024719
                        ],
                        [
                            0.0031177042983472347,
                            -0.9999949932098389,
                            6.76134368404746e-05
                        ],
                        [
                            0.9999720454216003,
                            0.0031180907972157,
                            0.006777703762054443
                        ]
                    ]
                },
                "control_filter": {
                    "past_samples": [
                        [
                            -7.58967371439212e-06,
                            1.9060043096542358,
                            -0.99100261926651,
                            1.571000337600708,
                            0.9150026440620422,
                            -1.5709989070892334
                        ],
                        [
                            -8.109966074698605e-06,
                            1.9060027599334717,
                            -0.9909999966621399,
                            1.571000337600708,
                            0.9150035977363586,
                            -1.570999026298523
                        ]
                    ],
                    "current_idx": 1,
                    "fully_filled": true
                }
            },
            "gripper_left": {
                "goal_is_valid": true,
                "goal": {
                    "target": [
                        1.0
                    ]
                },
                "vel_filter": {
                    "past_samples": [
                        [
                            2.7716158001567237e-05,
                            2.8163192837382667e-05
                        ],
                        [
                            -2.6822088329936378e-05,
                            -2.6375053494120948e-05
                        ],
                        [
                            -3.0398367016459815e-05,
                            -2.548098382249009e-05
                        ],
                        [
                            3.0398367016459815e-05,
                            2.369284447922837e-05
                        ],
                        [
                            -2.6822088329936378e-05,
                            -2.7269123165751807e-05
                        ]
                    ],
                    "current_idx": 2,
                    "fully_filled": true
                }
            },
            "arm_right": {
                "goal_is_valid": true,
                "goal": {
                    "target_pos": [
                        0.5446252822875977,
                        -0.3968362808227539,
                        1.4439860582351685
                    ],
                    "target_ori_mat": [
                        [
                            0.0058501362800598145,
                            -3.850553184747696e-06,
                            0.9999829530715942
                        ],
                        [
                            -0.004663082305341959,
                            -0.9999892711639404,
                            2.3429980501532555e-05
                        ],
                        [
                            0.9999721050262451,
                            -0.004663139581680298,
                            -0.00585019588470459
                        ]
                    ]
                },
                "control_filter": {
                    "past_samples": [
                        [
                            3.457921411609277e-05,
                            1.9060053825378418,
                            -0.9910036325454712,
                            1.5709995031356812,
                            0.9150018095970154,
                            -1.5709997415542603
                        ],
                        [
                            3.5593213397078216e-05,
                            1.9060055017471313,
                            -0.9910017848014832,
                            1.5709993839263916,
                            0.9150036573410034,
                            -1.5709997415542603
                        ]
                    ],
                    "current_idx": 1,
                    "fully_filled": true
                }
            },
            "gripper_right": {
                "goal_is_valid": true,