{
    "plate.n.04_1": {
        "is_asleep": true,
        "root_link": {
            "pos": [
                4.0193328857421875,
                1.5650274753570557,
                0.684840202331543
            ],
            "ori": [
                1.1535797966644168e-05,
                2.7965586923528463e-05,
                0.9171422719955444,
                -0.3985607624053955
            ],
            "lin_vel": [
                0.0,
                0.0,
                0.0
            ],
            "ang_vel": [
                0.0,
                0.0,
                0.0
            ]
        },
        "non_kin": {
            "Temperature": {
                "temperature": 23.0
            }
        }
    },
    "plate.n.04_2": {
        "is_asleep": true,
        "root_link": {
            "pos": [
                4.289825439453125,
                0.8273851871490479,
                0.6848390698432922
            ],
            "ori": [
                1.2248172424733639e-05,
                1.9023784261662513e-05,
                0.9474112391471863,
                -0.32001906633377075
            ],
            "lin_vel": [
                0.0,
                0.0,
                0.0
            ],
            "ang_vel": [
                0.0,
                0.0,
                0.0
            ]
        },
        "non_kin": {
            "Temperature": {
                "temperature": 23.0
            }
        }
    },
    "bowl.n.01_1": {
        "is_asleep": true,
        "root_link": {
            "pos": [
                4.225528717041016,
                1.1445788145065308,
                0.7068777680397034
            ],
            "ori": [
                0.00015501445159316063,
                6.262321403482929e-05,
                0.9715350270271301,
                0.23689666390419006
            ],
            "lin_vel": [
                0.0,
                0.0,
                0.0
            ],
            "ang_vel": [
                0.0,
                0.0,
                0.0
            ]
        },
        "non_kin": {
            "Temperature": {
                "temperature": 23.0
            }
        }
    },
    "bowl.n.01_2": {
        "is_asleep": true,
        "root_link": {
            "pos": [
                4.073281288146973,
                1.225523829460144,
                0.706878125667572
            ],
            "ori": [
                -2.1027633920311928e-05,
                -0.00016362099268008024,
                -0.679171085357666,
                0.7339802384376526
            ],
            "lin_vel": [
                0.0,
                0.0,
                0.0
            ],
            "ang_vel": [
                0.0,
                0.0,
                0.0
            ]
        },
        "non_kin": {
            "Temperature": {
                "temperature": 23.0
            }
        }
    },
    "floor.n.01_1": {
        "is_asleep": false,
        "root_link": {
            "pos": [
                4.8314337730407715,
                1.1399084329605103,
                -0.15000006556510925
            ],
            "ori": [
                0.0,
                0.0,
                0.0,
                1.0
            ]
        },
        "non_kin": {}
    },
    "pizza.n.01_1": {
        "is_asleep": true,
        "root_link": {
            "pos": [
                4.020288944244385,
                1.565134048461914,
                0.6995716094970703
            ],
            "ori": [
                0.003483995795249939,
                -0.004744035191833973,
                0.9734110832214355,
                0.22898943722248077
            ],
            "lin_vel": [
                0.0,
                0.0,
                0.0
            ],
            "ang_vel": [
                0.0,
                0.0,
                0.0
            ]
        },
        "non_kin": {
            "Temperature": {
                "temperature": 23.0
            },
            "MaxTemperature": {
                "max_temperature": 23.0
            }
        }
    },
    "pizza.n.01_2": {
        "is_asleep": true,
        "root_link": {
            "pos": [
                4.28937292098999,
                0.8270567059516907,
                0.6999254822731018
            ],
            "ori": [
                0.00041878235060721636,
                -0.0036132666282355785,
                0.9997501373291016,
                -0.022054612636566162
            ],
            "lin_vel": [
                0.0,
                0.0,
                0.0
            ],
            "ang_vel": [
                0.0,
                0.0,
                0.0
            ]
        },
        "non_kin": {
            "Temperature": {
                "temperature": 23.0
            },
            "MaxTemperature": {
                "max_temperature": 23.0
            }
        }
    },
    "breakfast_table.n.01_1": {
        "is_asleep": true,
        "root_link": {
            "pos": [
                4.291149139404297,
                1.4381654262542725,
                0.6256138682365417
            ],
            "ori": [
                4.521124083112227e-06,
                2.3495624191127717e-05,
                1.2094261592210387e-07,
                1.0
            ],
            "lin_vel": [
                0.0,
                0.0,
                0.0
            ],
            "ang_vel": [
                0.0,
                0.0,
                0.0
            ]
        },
        "non_kin": {}
    },
    "electric_refrigerator.n.01_1": {
        "is_asleep": true,
        "root_link": {
            "pos": [
                5.201407432556152,
                -0.5687667727470398,
                0.9560030698776245
            ],
            "ori": [
                -2.1958723664283752e-05,
                1.059466740116477e-06,
                0.7071032524108887,
                0.7071111798286438
            ],
            "lin_vel": [
                0.0,
                0.0,
                0.0
            ],
            "ang_vel": [
                0.0,
                0.0,
                0.0
            ]
        },
        "joint_pos": [
            3.0701829967227923e-10,
            4.046404877833254e-10
        ],
        "joint_vel": [
            1.7780924099091745e-15,
            5.339505117077977e-15
        ],
        "non_kin": {
            "Temperature": {
                "temperature": 23.0
            }
        }
    },
    "sink.n.01_1": {
        "is_asleep": false,
        "root_link": {
            "pos": [
                8.109147071838379,
                0.23475468158721924,
                0.8585090637207031
            ],
            "ori": [
                1.3114304072894952e-15,
                4.177641343972027e-09,
                1.0,
                3.1391647326017846e-07
            ]
        },
        "non_kin": {
            "Temperature": {
                "temperature": 23.0
            },
            "ToggledOn": {
                "value": false,
                "hand_in_marker_steps": 0
            }
        }
    },
    "robot_poses": {
        "R1Pro": [
            {
                "position": [
                    7.427970886230469,
                    2.333454132080078,
                    0.003765106201171875
                ],
                "orientation": [
                    0.0,
                    0.0,
                    -0.9678341746330261,
                    0.25158894062042236
                ]
            }
        ],
        "Fetch": [
            {
                "position": [
                    2.860476016998291,
                    1.6702641248703003,
                    0.0012933015823364258
                ],