{
    "plate.n.04_1": {
        "is_asleep": true,
        "root_link": {
            "pos": [
                4.2168779373168945,
                1.3724584579467773,
                0.6848396062850952
            ],
            "ori": [
                2.617307472974062e-05,
                3.683231625473127e-05,
                0.9851344227790833,
                -0.171786829829216
            ],
            "lin_vel": [
                0.0,
                0.0,
                0.0
            ],
            "ang_vel": [
                0.0,
                0.0,
                0.0
            ]
        },
        "non_kin": {
            "Temperature": {
                "temperature": 23.0
            }
        }
    },
    "plate.n.04_2": {
        "is_asleep": true,
        "root_link": {
            "pos": [
                3.9784421920776367,
                1.8912423849105835,
                0.6848392486572266
            ],
            "ori": [
                4.656397504732013e-05,
                -1.215203883475624e-05,
                0.6598590016365051,
                0.7513898015022278
            ],
            "lin_vel": [
                0.0,
                0.0,
                0.0
            ],
            "ang_vel": [
                0.0,
                0.0,
                0.0
            ]
        },
        "non_kin": {
            "Temperature": {
                "temperature": 23.0
            }
        }
    },
    "bowl.n.01_1": {
        "is_asleep": true,
        "root_link": {
            "pos": [
                4.445215225219727,
                0.8341332077980042,
                0.7068784832954407
            ],
            "ori": [
                0.00016301078721880913,
                4.925765824737027e-05,
                0.9531483054161072,
                0.3025036156177521
            ],
            "lin_vel": [
                0.0,
                0.0,
                0.0
            ],
            "ang_vel": [
                0.0,
                0.0,
                0.0
            ]
        },
        "non_kin": {
            "Temperature": {
                "temperature": 23.0
            }
        }
    },
    "bowl.n.01_2": {
        "is_asleep": true,
        "root_link": {
            "pos": [
                4.237184047698975,
                0.9612305760383606,
                0.7068782448768616
            ],
            "ori": [
                0.00016987277194857597,
                1.948252429428976e-05,
                0.8845307230949402,
                0.4664820730686188
            ],
            "lin_vel": [
                0.0,
                0.0,
                0.0
            ],
            "ang_vel": [
                0.0,
                0.0,
                0.0
            ]
        },
        "non_kin": {
            "Temperature": {
                "temperature": 23.0
            }
        }
    },
    "floor.n.01_1": {
        "is_asleep": false,
        "root_link": {
            "pos": [
                4.8314337730407715,
                1.1399084329605103,
                -0.15000006556510925
            ],
            "ori": [
                0.0,
                0.0,
                0.0,
                1.0
            ]
        },
        "non_kin": {}
    },
    "pizza.n.01_1": {
        "is_asleep": true,
        "root_link": {
            "pos": [
                4.217756271362305,
                1.3726927042007446,
                0.6998167634010315
            ],
            "ori": [
                0.0004839422763325274,
                -0.0030338377691805363,
                0.9761019349098206,
                -0.21729117631912231
            ],
            "lin_vel": [
                0.0,
                0.0,
                0.0
            ],
            "ang_vel": [
                0.0,
                0.0,
                0.0
            ]
        },
        "non_kin": {
            "Temperature": {
                "temperature": 23.0
            },
            "MaxTemperature": {
                "max_temperature": 23.0
            }
        }
    },
    "pizza.n.01_2": {
        "is_asleep": true,
        "root_link": {
            "pos": [
                3.977983236312866,
                1.8911778926849365,
                0.6995230913162231
            ],
            "ori": [
                -0.003921695053577423,
                -0.004301953129470348,
                -0.573508083820343,
                0.8191791772842407
            ],
            "lin_vel": [
                0.0,
                0.0,
                0.0
            ],
            "ang_vel": [
                0.0,
                0.0,
                0.0
            ]
        },
        "non_kin": {
            "Temperature": {
                "temperature": 23.0
            },
            "MaxTemperature": {
                "max_temperature": 23.0
            }
        }
    },
    "breakfast_table.n.01_1": {
        "is_asleep": true,
        "root_link": {
            "pos": [
                4.291149139404297,
                1.4381654262542725,
                0.6256138682365417
            ],
            "ori": [
                4.521124083112227e-06,
                2.3495624191127717e-05,
                1.2094261592210387e-07,
                1.0
            ],
            "lin_vel": [
                0.0,
                0.0,
                0.0
            ],
            "ang_vel": [
                0.0,
                0.0,
                0.0
            ]
        },
        "non_kin": {}
    },
    "electric_refrigerator.n.01_1": {
        "is_asleep": true,
        "root_link": {
            "pos": [
                5.201407432556152,
                -0.5687667727470398,
                0.9560030698776245
            ],
            "ori": [
                -2.1958723664283752e-05,
                1.059466740116477e-06,
                0.7071032524108887,
                0.7071111798286438
            ],
            "lin_vel": [
                0.0,
                0.0,
                0.0
            ],
            "ang_vel": [
                0.0,
                0.0,
                0.0
            ]
        },
        "joint_pos": [
            2.4853313851380676e-10,
            3.2751662493168965e-10
        ],
        "joint_vel": [
            1.7780924099091745e-15,
            5.339505117077977e-15
        ],
        "non_kin": {
            "Temperature": {
                "temperature": 23.0
            }
        }
    },
    "sink.n.01_1": {
        "is_asleep": false,
        "root_link": {
            "pos": [
                8.109147071838379,
                0.23475468158721924,
                0.8585090637207031
            ],
            "ori": [
                1.3114304072894952e-15,
                4.177641343972027e-09,
                1.0,
                3.1391647326017846e-07
            ]
        },
        "non_kin": {
            "Temperature": {
                "temperature": 23.0
            },
            "ToggledOn": {
                "value": false,
                "hand_in_marker_steps": 0
            }
        }
    },
    "robot_poses": {
        "R1Pro": [
            {
                "position": [
                    6.256767272949219,
                    1.0603294372558594,
                    0.003765106201171875
                ],
                "orientation": [
                    0.0,
                    0.0,
                    -0.23050345480442047,
                    0.9730715155601501
                ]
            }
        ],
        "Fetch": [
            {
                "position": [
                    2.486508369445801,
                    2.323554039001465,
                    0.0012931525707244873
                ],