{
    "toaster.n.02_1": {
        "is_asleep": true,
        "root_link": {
            "pos": [
                7.39967679977417,
                -0.6414393186569214,
                0.981120765209198
            ],
            "ori": [
                -2.2407621145248413e-05,
                9.241834050044417e-05,
                0.7065643668174744,
                0.7076488733291626
            ],
            "lin_vel": [
                0.0,
                0.0,
                0.0
            ],
            "ang_vel": [
                0.0,
                0.0,
                0.0
            ]
        },
        "non_kin": {
            "ToggledOn": {
                "value": false,
                "hand_in_marker_steps": 0
            }
        }
    },
    "food_processor.n.01_1": {
        "is_asleep": true,
        "root_link": {
            "pos": [
                7.683086395263672,
                -0.639042317867279,
                0.9915957450866699
            ],
            "ori": [
                -0.0004702135920524597,
                0.00034930871333926916,
                -0.40686196088790894,
                0.9134896397590637
            ],
            "lin_vel": [
                0.0,
                0.0,
                0.0
            ],
            "ang_vel": [
                0.0,
                0.0,
                0.0
            ]
        },
        "joint_pos": [
            9.179696586203434e-11
        ],
        "joint_vel": [
            1.5256422614129406e-07
        ],
        "non_kin": {
            "ToggledOn": {
                "value": false,
                "hand_in_marker_steps": 0
            },
            "Temperature": {
                "temperature": 23.0
            }
        }
    },
    "french_press.n.01_1": {
        "is_asleep": true,
        "root_link": {
            "pos": [
                7.494447708129883,
                -0.8667239546775818,
                1.0260361433029175
            ],
            "ori": [
                -4.989560693502426e-07,
                2.947926986962557e-07,
                -0.790747344493866,
                0.612143337726593
            ],
            "lin_vel": [
                0.0,
                0.0,
                0.0
            ],
            "ang_vel": [
                0.0,
                0.0,
                0.0
            ]
        },
        "joint_pos": [
            0.0
        ],
        "joint_vel": [
            -0.00013247189053799957
        ],
        "non_kin": {}
    },
    "countertop.n.01_1": {
        "is_asleep": false,
        "root_link": {
            "pos": [
                6.747982501983643,
                -0.7065714597702026,
                0.4014427959918976
            ],
            "ori": [
                1.671794279900496e-06,
                -6.884300205456384e-07,
                0.7071069478988647,
                0.7071065902709961
            ]
        },
        "non_kin": {}
    },
    "cabinet.n.01_1": {
        "is_asleep": true,
        "root_link": {
            "pos": [
                8.30424976348877,
                -0.3730410933494568,
                1.8874198198318481
            ],
            "ori": [
                0.0,
                4.4928505360530835e-12,
                1.000001072883606,
                1.1483907655929215e-06
            ],
            "lin_vel": [
                0.0,
                0.0,
                0.0
            ],
            "ang_vel": [
                0.0,
                0.0,
                0.0
            ]
        },
        "joint_pos": [
            -5.2815675981966884e-21,
            4.979755757056337e-13
        ],
        "joint_vel": [
            -3.973113595097276e-20,
            6.952472900842899e-18
        ],
        "non_kin": {
            "Temperature": {
                "temperature": 23.0
            }
        }
    },
    "cabinet.n.01_2": {
        "is_asleep": true,
        "root_link": {
            "pos": [
                8.304250717163086,
                0.8304481506347656,
                1.8874198198318481
            ],
            "ori": [
                0.0,
                4.4930725806580085e-12,
                1.000001072883606,
                1.386809344694484e-06
            ],
            "lin_vel": [
                0.0,
                0.0,
                0.0
            ],
            "ang_vel": [
                0.0,
                0.0,
                0.0
            ]
        },
        "joint_pos": [
            -2.7657185658010036e-21,
            4.980209495665522e-13
        ],
        "joint_vel": [
            -3.8222358513676035e-20,
            6.952472900842899e-18
        ],
        "non_kin": {
            "Temperature": {
                "temperature": 23.0
            }
        }
    },
    "floor.n.01_1": {
        "is_asleep": false,
        "root_link": {
            "pos": [
                4.8314337730407715,
                1.1399084329605103,
                -0.15000006556510925
            ],
            "ori": [
                0.0,
                0.0,
                0.0,
                1.0
            ]
        },
        "non_kin": {}
    },
    "robot_poses": {
        "R1Pro": [
            {
                "position": [
                    6.029178619384766,
                    1.7971076965332031,
                    0.003765106201171875
                ],
                "orientation": [
                    0.0,
                    0.0,
                    0.41848891973495483,
                    0.9082219004631042
                ]
            }
        ],
        "Fetch": [
            {
                "position": [
                    2.8839573860168457,
                    2.392545461654663,
                    0.0012933313846588135
                ],
                "orientation": [
                    0.0029390305280685425,
                    -0.0002790316939353943,
                    0.9955238699913025,
                    0.09446466714143753
                ]
            }
        ],
        "R1": [
            {
                "position": [
                    7.625583171844482,
                    2.0691277980804443,
                    0.003765106201171875
                ],
                "orientation": [
                    -6.939470767974854e-05,
                    0.005053639877587557,
                    0.8922346234321594,
                    0.4515438377857208
                ]
            }
        ],
        "Stretch": [
            {
                "position": [
                    5.600986957550049,
                    2.985377311706543,
                    -0.000799521803855896
                ],
                "orientation": [
                    -0.0017364826053380966,
                    -0.000980945653282106,
                    0.870671808719635,
                    -0.49186044931411743
                ]
            }
        ],
        "Tiago": [
            {
                "position": [
                    5.4601240158081055,
                    2.887065887451172,
                    0.00034427642822265625
                ],
                "orientation": [
                    1.3997755843320192e-08,
                    9.418058510846095e-08,
                    -0.4463459253311157,
                    0.8948605060577393
                ]
            }
        ]
    }
}