{
    "agent.n.01_1": {
        "is_asleep": false,
        "root_link": {
            "pos": [
                -50.0,
                -50.0,
                -50.0
            ],
            "ori": [
                0.0,
                0.0,
                0.0,
                1.0
            ],
            "lin_vel": [
                0.0,
                0.0,
                0.0
            ],
            "ang_vel": [
                0.0,
                0.0,
                0.0
            ]
        },
        "joint_pos": [
            57.05790710449219,
            51.98682403564453,
            50.00376510620117,
            -0.008729711174964905,
            -0.0050962623208761215,
            -3.0954346656799316,
            -7.013454160187393e-05,
            -0.0002602114400360733,
            0.00011163625458721071,
            3.910720351996133e-06,
            -7.574008122901432e-06,
            3.557371746865101e-05,
            1.9059995412826538,
            1.9060031175613403,
            -0.9909996390342712,
            -0.9910028576850891,
            1.570999026298523,
            1.5710012912750244,
            0.9150002002716064,
            0.9150013327598572,
            -1.5709983110427856,
            -1.571000337600708,
            0.049999915063381195,
            0.049999941140413284,
            0.04999988153576851,
            0.04999995976686478
        ],
        "joint_vel": [
            -2.3464530386263505e-05,
            -0.00015761266695335507,
            -0.0010344188194721937,
            -0.0003594052977859974,
            0.0004250495694577694,
            -5.797727681056131e-06,
            0.0012616895837709308,
            -0.000486995093524456,
            0.00026290095411241055,
            0.0006142635829746723,
            0.0006812640349380672,
            0.0004317146085668355,
            -0.0018323943950235844,
            0.0017564742593094707,
            -0.00044393318239599466,
            0.0004213765496388078,
            0.0008491524495184422,
            0.00039461994310840964,
            -0.0008123256266117096,
            0.000751915795262903,
            -0.0007084718090482056,
            -0.00048292509745806456,
            1.3629045497509651e-05,
            -2.578235580585897e-08,
            8.757343493925873e-06,
            1.8593047570902854e-05
        ],
        "controllers": {
            "base": {
                "goal_is_valid": true,
                "goal": {
                    "target": [
                        0.0,
                        0.0,
                        0.0
                    ]
                }
            },
            "trunk": {
                "goal_is_valid": true,
                "goal": {
                    "target": [
                        -7.034307054709643e-05,
                        -0.0002605500048957765,
                        0.00011164478200953454,
                        3.318770723126363e-06
                    ]
                }
            },
            "arm_left": {
                "goal_is_valid": true,
                "goal": {
                    "target_pos": [
                        0.544621467590332,
                        0.3968484401702881,
                        1.446784496307373
                    ],
                    "target_ori_mat": [
                        [
                            -0.006778120994567871,
                            4.663167055696249e-05,
                            0.9999771118164062
                        ],
                        [
                            0.003117742482572794,
                            -0.999995231628418,
                            6.776524242013693e-05
                        ],
                        [
                            0.9999722242355347,
                            0.0031181303784251213,
                            0.0067778825759887695
                        ]
                    ]
                },
                "control_filter": {
                    "past_samples": [
                        [
                            -7.955368346301839e-06,
                            1.906000018119812,
                            -0.9910004734992981,
                            1.570999026298523,
                            0.9150003790855408,
                            -1.5709983110427856
                        ],
                        [
                            -7.003456175880274e-06,
                            1.9060001373291016,
                            -0.9910006523132324,
                            1.5709999799728394,
                            0.9150004982948303,
                            -1.5709987878799438
                        ]
                    ],
                    "current_idx": 0,
                    "fully_filled": true
                }
            },
            "gripper_left": {
                "goal_is_valid": true,
                "goal": {
                    "target": [
                        1.0
                    ]
                },
                "vel_filter": {
                    "past_samples": [
                        [
                            -2.6822087875189027e-06,
                            4.4703480739372026e-07
                        ],
                        [
                            5.364417575037805e-06,
                            -2.6822087875189027e-06
                        ],
                        [
                            -2.235173951703473e-06,
                            -4.4703480739372026e-07
                        ],
                        [
                            8.940696147874405e-07,
                            -4.4703480739372026e-07
                        ],
                        [
                            0.0,
                            4.023313522338867e-06
                        ]
                    ],
                    "current_idx": 0,
                    "fully_filled": true
                }
            },
            "arm_right": {
                "goal_is_valid": true,
                "goal": {
                    "target_pos": [
                        0.5446252822875977,
                        -0.3968372344970703,
                        1.4439866542816162
                    ],
                    "target_ori_mat": [
                        [
                            0.005850315093994141,
                            -3.759283572435379e-06,
                            0.9999828338623047
                        ],
                        [
                            -0.004663575440645218,
                            -0.9999890327453613,
                            2.352474257349968e-05
                        ],
                        [
                            0.9999719858169556,
                            -0.004663633182644844,
                            -0.00585019588470459
                        ]
                    ]
                },
                "control_filter": {
                    "past_samples": [
                        [
                            3.567060048226267e-05,
                            1.9060033559799194,
                            -0.9910029768943787,
                            1.5710012912750244,
                            0.9150001406669617,
                            -1.5710009336471558
                        ],
                        [
                            3.490183735266328e-05,
                            1.9060035943984985,
                            -0.99100261926651,
                            1.5710004568099976,
                            0.9150011539459229,
                            -1.571000337600708
                        ]
                    ],
                    "current_idx": 0,
                    "fully_filled": true
                }
            },
            "gripper_right": {
                "goal_is_valid": true,