{
    "toaster.n.02_1": {
        "is_asleep": true,
        "root_link": {
            "pos": [
                7.5070085525512695,
                -0.545068085193634,
                0.971744179725647
            ],
            "ori": [
                9.484589099884033e-05,
                1.7763886717148125e-05,
                -0.756210207939148,
                0.6543288230895996
            ],
            "lin_vel": [
                0.0,
                0.0,
                0.0
            ],
            "ang_vel": [
                0.0,
                0.0,
                0.0
            ]
        },
        "non_kin": {
            "ToggledOn": {
                "value": false,
                "hand_in_marker_steps": 0
            }
        }
    },
    "food_processor.n.01_1": {
        "is_asleep": false,
        "root_link": {
            "pos": [
                7.67438268661499,
                -0.5997486710548401,
                0.9777646064758301
            ],
            "ori": [
                -0.0003447234630584717,
                -0.00047460198402404785,
                0.9138447642326355,
                0.4060637354850769
            ],
            "lin_vel": [
                -0.000482678267871961,
                -1.8353783161728643e-05,
                -3.111403566435911e-05
            ],
            "ang_vel": [
                0.0002588536008261144,
                -0.0070793828926980495,
                2.2845393687020987e-05
            ]
        },
        "joint_pos": [
            -7.849671433690641e-12
        ],
        "joint_vel": [
            2.624382614158094e-05
        ],
        "non_kin": {
            "Temperature": {
                "temperature": 23.0
            },
            "ToggledOn": {
                "value": false,
                "hand_in_marker_steps": 0
            }
        }
    },
    "french_press.n.01_1": {
        "is_asleep": false,
        "root_link": {
            "pos": [
                7.588879108428955,
                -0.8562594652175903,
                1.026036024093628
            ],
            "ori": [
                5.423935363069177e-07,
                2.132495865225792e-06,
                -0.7004921436309814,
                0.713659942150116
            ],
            "lin_vel": [
                -0.0002718546020332724,
                4.04751262976788e-05,
                -0.00010109766299137846
            ],
            "ang_vel": [
                0.0007748795906081796,
                0.00016315048560500145,
                -0.0037575808819383383
            ]
        },
        "joint_pos": [
            0.0
        ],
        "joint_vel": [
            -0.00012266705743968487
        ],
        "non_kin": {}
    },
    "countertop.n.01_1": {
        "is_asleep": false,
        "root_link": {
            "pos": [
                6.747982501983643,
                -0.7065714597702026,
                0.4014427959918976
            ],
            "ori": [
                1.6717940525268205e-06,
                -6.884298500153818e-07,
                0.7071069478988647,
                0.7071065902709961
            ]
        },
        "non_kin": {}
    },
    "cabinet.n.01_1": {
        "is_asleep": true,
        "root_link": {
            "pos": [
                8.30424976348877,
                -0.3730410933494568,
                1.8874198198318481
            ],
            "ori": [
                0.0,
                -1.4452883334570288e-12,
                1.0,
                1.1483816706459038e-06
            ],
            "lin_vel": [
                0.0,
                0.0,
                0.0
            ],
            "ang_vel": [
                0.0,
                0.0,
                0.0
            ]
        },
        "joint_pos": [
            -7.917337220676605e-22,
            5.486531368115166e-13
        ],
        "joint_vel": [
            -1.8666154471697355e-20,
            6.952472900842899e-18
        ],
        "non_kin": {
            "Temperature": {
                "temperature": 23.0
            }
        }
    },
    "cabinet.n.01_2": {
        "is_asleep": true,
        "root_link": {
            "pos": [
                8.304250717163086,
                0.8304481506347656,
                1.8874198198318481
            ],
            "ori": [
                0.0,
                -1.4450662888521038e-12,
                1.0,
                1.3868002497474663e-06
            ],
            "lin_vel": [
                0.0,
                0.0,
                0.0
            ],
            "ang_vel": [
                0.0,
                0.0,
                0.0
            ]
        },
        "joint_pos": [
            -1.1702884057585787e-21,
            5.486531368115166e-13
        ],
        "joint_vel": [
            -1.8858060373809657e-20,
            6.952472900842899e-18
        ],
        "non_kin": {
            "Temperature": {
                "temperature": 23.0
            }
        }
    },
    "floor.n.01_1": {
        "is_asleep": false,
        "root_link": {
            "pos": [
                4.8314337730407715,
                1.1399084329605103,
                -0.15000006556510925
            ],
            "ori": [
                0.0,
                0.0,
                0.0,
                1.0
            ]
        },
        "non_kin": {}
    },
    "robot_poses": {
        "R1Pro": [
            {
                "position": [
                    2.95843505859375,
                    2.4106788635253906,
                    0.003765106201171875
                ],
                "orientation": [
                    0.0,
                    0.0,
                    -0.9961890578269958,
                    0.08722040057182312
                ]
            }
        ],
        "Fetch": [
            {
                "position": [
                    6.789740562438965,
                    1.1915311813354492,
                    0.0012934505939483643
                ],
                "orientation": [
                    -0.0019561797380447388,
                    -0.002213801257312298,
                    -0.662221372127533,
                    0.7493023872375488
                ]
            }
        ],
        "R1": [
            {
                "position": [
                    4.780669689178467,
                    2.8943800926208496,
                    0.003765106201171875
                ],
                "orientation": [
                    0.004550679586827755,
                    0.002198746893554926,
                    -0.03206392750144005,
                    0.9994731545448303
                ]
            }
        ],
        "Stretch": [
            {
                "position": [
                    7.178830146789551,
                    0.275907963514328,
                    -0.0007994920015335083
                ],
                "orientation": [
                    0.0015204362571239471,
                    0.0012909026117995381,
                    -0.762292206287384,
                    0.6472299098968506
                ]
            }
        ],
        "Tiago": [
            {
                "position": [
                    7.580012321472168,
                    2.195178508758545,
                    0.00034427642822265625
                ],
                "orientation": [
                    8.343548074662976e-10,
                    -4.834703304368304e-09,
                    -0.8201384544372559,
                    0.5721650719642639
                ]
            }
        ]
    }
}