{
    "agent.n.01_1": {
        "is_asleep": false,
        "root_link": {
            "pos": [
                -50.0,
                -50.0,
                -50.0
            ],
            "ori": [
                0.0,
                0.0,
                0.0,
                1.0
            ],
            "lin_vel": [
                0.0,
                0.0,
                0.0
            ],
            "ang_vel": [
                0.0,
                0.0,
                0.0
            ]
        },
        "joint_pos": [
            54.536781311035156,
            52.9970703125,
            50.00376510620117,
            -0.00645708292722702,
            0.007777101825922728,
            1.7815128564834595,
            -7.103757525328547e-05,
            -0.0002608092036098242,
            0.00011110815830761567,
            4.086367425770732e-06,
            -6.549769295816077e-06,
            3.48350586136803e-05,
            1.9060014486312866,
            1.906002402305603,
            -0.9909992814064026,
            -0.991002082824707,
            1.5709998607635498,
            1.5709999799728394,
            0.9150018095970154,
            0.9150010347366333,
            -1.570999026298523,
            -1.5709996223449707,
            0.04999987408518791,
            0.04999992996454239,
            0.04999978095293045,
            0.04999975487589836
        ],
        "joint_vel": [
            -0.0001500050420872867,
            -6.362808198900893e-05,
            -0.0007857665186747909,
            0.0001094272593036294,
            0.0002367221750319004,
            0.00026344138314016163,
            0.001313179498538375,
            -0.0012165564112365246,
            8.906862058211118e-05,
            0.0008362670196220279,
            0.0006632969016209245,
            0.00034637958742678165,
            -0.0014018877409398556,
            0.0013653046917170286,
            -0.0003720009990502149,
            0.00025170473963953555,
            0.000862734392285347,
            0.00048509094631299376,
            -0.0008253661799244583,
            0.0006994891446083784,
            -0.0007251733914017677,
            -0.0005115701351314783,
            2.0994488295400515e-05,
            2.395119736320339e-06,
            8.67434482643148e-06,
            1.9455052097328007e-05
        ],
        "controllers": {
            "base": {
                "goal_is_valid": true,
                "goal": {
                    "target": [
                        0.0,
                        0.0,
                        0.0
                    ]
                }
            },
            "trunk": {
                "goal_is_valid": true,
                "goal": {
                    "target": [
                        -7.035751332296059e-05,
                        -0.0002605810877867043,
                        0.00011164776515215635,
                        3.346989387864596e-06
                    ]
                }
            },
            "arm_left": {
                "goal_is_valid": true,
                "goal": {
                    "target_pos": [
                        0.5446206331253052,
                        0.3968477249145508,
                        1.4467840194702148
                    ],
                    "target_ori_mat": [
                        [
                            -0.006777644157409668,
                            4.60741575807333e-05,
                            0.9999769330024719
                        ],
                        [
                            0.0031175725162029266,
                            -0.9999949932098389,
                            6.720551755279303e-05
                        ],
                        [
                            0.9999720454216003,
                            0.003117956221103668,
                            0.006777703762054443
                        ]
                    ]
                },
                "control_filter": {
                    "past_samples": [
                        [
                            -6.662457963102497e-06,
                            1.9060027599334717,
                            -0.9910017251968384,
                            1.5709997415542603,
                            0.9150012731552124,
                            -1.5709987878799438
                        ],
                        [
                            -5.52299525224953e-06,
                            1.9060032367706299,
                            -0.9910002946853638,
                            1.5710012912750244,
                            0.9150031208992004,
                            -1.5709997415542603
                        ]
                    ],
                    "current_idx": 0,
                    "fully_filled": true
                }
            },
            "gripper_left": {
                "goal_is_valid": true,
                "goal": {
                    "target": [
                        1.0
                    ]
                },
                "vel_filter": {
                    "past_samples": [
                        [
                            -8.940696147874405e-07,
                            -1.3411043937594513e-06
                        ],
                        [
                            2.6822087875189027e-06,
                            -7.599591754114954e-06
                        ],
                        [
                            -2.6822087875189027e-06,
                            6.258487246668665e-06
                        ],
                        [
                            -6.258487246668665e-06,
                            -5.811452410853235e-06
                        ],
                        [
                            1.251697449333733e-05,
                            9.387730642629322e-06
                        ]
                    ],
                    "current_idx": 0,
                    "fully_filled": true
                }
            },
            "arm_right": {
                "goal_is_valid": true,
                "goal": {
                    "target_pos": [
                        0.544624924659729,
                        -0.3968372344970703,
                        1.443986415863037
                    ],
                    "target_ori_mat": [
                        [
                            0.005849659442901611,
                            -3.6098062992095947e-06,
                            0.9999828338623047
                        ],
                        [
                            -0.004663141444325447,
                            -0.9999890327453613,
                            2.3668166249990463e-05
                        ],
                        [
                            0.9999719858169556,
                            -0.004663200117647648,
                            -0.005849480628967285
                        ]
                    ]
                },
                "control_filter": {
                    "past_samples": [
                        [
                            3.527190347085707e-05,
                            1.906003713607788,
                            -0.9910035729408264,
                            1.5710008144378662,
                            0.9150006175041199,
                            -1.571000337600708
                        ],
                        [
                            3.423815724090673e-05,
                            1.9060006141662598,
                            -0.9910023212432861,
                            1.5709995031356812,
                            0.9149985909461975,
                            -1.5709998607635498
                        ]
                    ],
                    "current_idx": 0,
                    "fully_filled": true
                }
            },
            "gripper_right": {
                "goal_is_valid": true,