{
    "pumpkin.n.02_1": {
        "is_asleep": true,
        "root_link": {
            "pos": [
                5.513886451721191,
                4.525819301605225,
                0.05207906290888786
            ],
            "ori": [
                -0.018543224781751633,
                -0.02210598811507225,
                -0.8562418222427368,
                0.5157687664031982
            ],
            "lin_vel": [
                0.0,
                0.0,
                0.0
            ],
            "ang_vel": [
                0.0,
                0.0,
                0.0
            ]
        },
        "non_kin": {
            "Temperature": {
                "temperature": 23.0
            },
            "MaxTemperature": {
                "max_temperature": 23.0
            }
        }
    },
    "pumpkin.n.02_2": {
        "is_asleep": true,
        "root_link": {
            "pos": [
                4.825441837310791,
                6.515413761138916,
                0.05208178609609604
            ],
            "ori": [
                -0.01556750014424324,
                -0.024542398750782013,
                -0.7809979319572449,
                0.6238569617271423
            ],
            "lin_vel": [
                0.0,
                0.0,
                0.0
            ],
            "ang_vel": [
                0.0,
                0.0,
                0.0
            ]
        },
        "non_kin": {
            "Temperature": {
                "temperature": 23.0
            },
            "MaxTemperature": {
                "max_temperature": 23.0
            }
        }
    },
    "floor.n.01_1": {
        "is_asleep": false,
        "root_link": {
            "pos": [
                3.866909980773926,
                5.666343688964844,
                -0.15000006556510925
            ],
            "ori": [
                0.0,
                0.0,
                0.0,
                1.0
            ]
        },
        "non_kin": {}
    },
    "caldron.n.01_1": {
        "is_asleep": true,
        "root_link": {
            "pos": [
                3.869929552078247,
                4.072035312652588,
                0.12470293045043945
            ],
            "ori": [
                2.0209699869155884e-06,
                2.24157702177763e-06,
                0.9836723208427429,
                0.17997469007968903
            ],
            "lin_vel": [
                0.0,
                0.0,
                0.0
            ],
            "ang_vel": [
                0.0,
                0.0,
                0.0
            ]
        },
        "non_kin": {
            "Temperature": {
                "temperature": 23.0
            }
        }
    },
    "table.n.02_1": {
        "is_asleep": true,
        "root_link": {
            "pos": [
                3.5198190212249756,
                5.290386199951172,
                0.3646339774131775
            ],
            "ori": [
                -1.0669845096344943e-07,
                1.7674488844932057e-05,
                -1.8540640667197295e-07,
                1.000000238418579
            ],
            "lin_vel": [
                0.0,
                0.0,
                0.0
            ],
            "ang_vel": [
                0.0,
                0.0,
                0.0
            ]
        },
        "non_kin": {}
    },
    "candle.n.01_1": {
        "is_asleep": true,
        "root_link": {
            "pos": [
                5.646296977996826,
                4.754470348358154,
                0.055039048194885254
            ],
            "ori": [
                0.0015567406080663204,
                0.0013182023540139198,
                0.9868571162223816,
                -0.16158251464366913
            ],
            "lin_vel": [
                0.0,
                0.0,
                0.0
            ],
            "ang_vel": [
                0.0,
                0.0,
                0.0
            ]
        },
        "non_kin": {}
    },
    "candle.n.01_2": {
        "is_asleep": false,
        "root_link": {
            "pos": [
                1.9667781591415405,
                3.9475951194763184,
                0.055039022117853165
            ],
            "ori": [
                0.0021410684566944838,
                0.00022424093913286924,
                0.9007862210273743,
                0.43425747752189636
            ],
            "lin_vel": [
                -0.0001729090727167204,
                1.2436121323844418e-06,
                -5.308341860654764e-05
            ],
            "ang_vel": [
                -0.0003942397306673229,
                -0.001211251481436193,
                1.0726497748692054e-05
            ]
        },
        "non_kin": {}
    },
    "candle.n.01_3": {
        "is_asleep": true,
        "root_link": {
            "pos": [
                3.6031036376953125,
                6.638339996337891,
                0.05503897741436958
            ],
            "ori": [
                0.0015969880623742938,
                0.0013825230998918414,
                0.9864908456802368,
                -0.1638031005859375
            ],
            "lin_vel": [
                0.0,
                0.0,
                0.0
            ],
            "ang_vel": [
                0.0,
                0.0,
                0.0
            ]
        },
        "non_kin": {}
    },
    "cabinet.n.01_1": {
        "is_asleep": true,
        "root_link": {
            "pos": [
                6.260105133056641,
                4.522088527679443,
                0.2144099771976471
            ],
            "ori": [
                -9.960494935512543e-07,
                7.513392006330832e-07,
                1.0,
                -1.9470462575554848e-07
            ],
            "lin_vel": [
                0.0,
                0.0,
                0.0
            ],
            "ang_vel": [
                0.0,
                0.0,
                0.0
            ]
        },
        "joint_pos": [
            6.280970882288628e-11,
            6.232628302349497e-11
        ],
        "joint_vel": [
            4.581907731746298e-16,
            2.202992069145246e-26
        ],
        "non_kin": {
            "Temperature": {
                "temperature": 23.0
            }
        }
    },
    "robot_poses": {
        "R1Pro": [
            {
                "position": [
                    4.692638397216797,
                    5.356803894042969,
                    0.003765106201171875
                ],
                "orientation": [
                    0.0,
                    0.0,
                    -0.6512629985809326,
                    0.7588521242141724
                ]
            }
        ],
        "Fetch": [
            {
                "position": [
                    5.2164177894592285,
                    4.351455211639404,
                    0.0012955963611602783
                ],
                "orientation": [
                    0.00011533871293067932,
                    -0.0019351574592292309,
                    0.0594688318669796,
                    0.9982282519340515
                ]
            }
        ],
        "R1": [
            {
                "position": [
                    5.307349681854248,
                    4.318849086761475,
                    0.003765106201171875
                ],
                "orientation": [
                    0.004863914102315903,
                    -0.0013735091779381037,
                    -0.6870245933532715,
                    0.7266167402267456
                ]
            }
        ],
        "Stretch": [
            {
                "position": [
                    5.535195350646973,
                    5.359364986419678,
                    -0.0007996112108230591
                ],