{
    "agent.n.01_1": {
        "is_asleep": false,
        "root_link": {
            "pos": [
                -50.0,
                -50.0,
                -50.0
            ],
            "ori": [
                0.0,
                0.0,
                0.0,
                1.0
            ],
            "lin_vel": [
                0.0,
                0.0,
                0.0
            ],
            "ang_vel": [
                0.0,
                0.0,
                0.0
            ]
        },
        "joint_pos": [
            54.45276641845703,
            56.821197509765625,
            50.00376510620117,
            0.007543726824223995,
            0.006728112697601318,
            0.2461317777633667,
            -7.177794759627432e-05,
            -0.00026086706202477217,
            0.00011076083319494501,
            3.885720161633799e-06,
            -5.185809186514234e-06,
            3.2663079764461145e-05,
            1.9060055017471313,
            1.9060087203979492,
            -0.9910083413124084,
            -0.9910120368003845,
            1.571000576019287,
            1.5709991455078125,
            0.9149981141090393,
            0.914996862411499,
            -1.570999264717102,
            -1.5709995031356812,
            0.049999773502349854,
            0.049999840557575226,
            0.04999992251396179,
            0.04999981075525284
        ],
        "joint_vel": [
            0.0007682327413931489,
            6.092739204177633e-05,
            -0.0010898889740929008,
            1.6367121133953333e-06,
            0.0007150612073019147,
            -0.00025802550953812897,
            -0.0017315192380920053,
            0.00041066971607506275,
            0.00028601259691640735,
            -9.477173443883657e-05,
            0.00033744930988177657,
            -0.00013205940194893628,
            -0.0009117049630731344,
            0.0010033899452537298,
            -0.00021682240185327828,
            -2.43971953750588e-05,
            0.0001336266432190314,
            -0.00038588567986153066,
            -7.656215166207403e-05,
            -0.00010748521890491247,
            -3.410434874240309e-05,
            0.0002601496526040137,
            2.1590220057987608e-05,
            1.3602117405753233e-06,
            4.2708627006504685e-05,
            1.1889670531672891e-05
        ],
        "controllers": {
            "base": {
                "goal_is_valid": true,
                "goal": {
                    "target": [
                        0.0,
                        0.0,
                        0.0
                    ]
                }
            },
            "trunk": {
                "goal_is_valid": true,
                "goal": {
                    "target": [
                        -7.036307943053544e-05,
                        -0.0002605924673844129,
                        0.00011164906027261168,
                        3.317670916658244e-06
                    ]
                }
            },
            "arm_left": {
                "goal_is_valid": true,
                "goal": {
                    "target_pos": [
                        0.5446219444274902,
                        0.3968486785888672,
                        1.4467841386795044
                    ],
                    "target_ori_mat": [
                        [
                            -0.00677800178527832,
                            4.665972664952278e-05,
                            0.9999769926071167
                        ],
                        [
                            0.0031178523786365986,
                            -0.9999951124191284,
                            6.779388058930635e-05
                        ],
                        [
                            0.9999721050262451,
                            0.003118240274488926,
                            0.0067778825759887695
                        ]
                    ]
                },
                "control_filter": {
                    "past_samples": [
                        [
                            -4.774890840053558e-06,
                            1.9060055017471313,
                            -0.9910104274749756,
                            1.5710009336471558,
                            0.9149965047836304,
                            -1.5709993839263916
                        ],
                        [
                            -4.949066806148039e-06,
                            1.9060074090957642,
                            -0.9910100102424622,
                            1.5710004568099976,
                            0.9149986505508423,
                            -1.5709991455078125
                        ]
                    ],
                    "current_idx": 0,
                    "fully_filled": true
                }
            },
            "gripper_left": {
                "goal_is_valid": true,
                "goal": {
                    "target": [
                        1.0
                    ]
                },
                "vel_filter": {
                    "past_samples": [
                        [
                            -4.470347903406946e-06,
                            -8.940696147874405e-07
                        ],
                        [
                            -4.470347903406946e-06,
                            8.940696147874405e-07
                        ],
                        [
                            2.0563600628520362e-05,
                            -5.811452410853235e-06
                        ],
                        [
                            -2.0563600628520362e-05,
                            1.3411043937594513e-06
                        ],
                        [
                            1.5199183508229908e-05,
                            3.710388773470186e-05
                        ]
                    ],
                    "current_idx": 0,
                    "fully_filled": true
                }
            },
            "arm_right": {
                "goal_is_valid": true,
                "goal": {
                    "target_pos": [
                        0.5446257591247559,
                        -0.3968372344970703,
                        1.4439862966537476
                    ],
                    "target_ori_mat": [
                        [
                            0.0058501362800598145,
                            -3.850553184747696e-06,
                            0.9999828338623047
                        ],
                        [
                            -0.004663429223001003,
                            -0.9999890327453613,
                            2.3431610316038132e-05
                        ],
                        [
                            0.9999719858169556,
                            -0.004663486499339342,
                            -0.005849957466125488
                        ]
                    ]
                },
                "control_filter": {
                    "past_samples": [
                        [
                            3.266717976657674e-05,
                            1.906009316444397,
                            -0.9910133481025696,
                            1.5709989070892334,
                            0.914995551109314,
                            -1.570999264717102
                        ],
                        [
                            3.222254235879518e-05,
                            1.9060102701187134,
                            -0.9910147190093994,
                            1.5709987878799438,
                            0.9149960875511169,
                            -1.570999026298523
                        ]
                    ],
                    "current_idx": 0,
                    "fully_filled": true
                }
            },