{
    "pumpkin.n.02_1": {
        "is_asleep": false,
        "root_link": {
            "pos": [
                4.12421178817749,
                3.7262930870056152,
                0.052090078592300415
            ],
            "ori": [
                0.013398460112512112,
                -0.0240531787276268,
                0.17824620008468628,
                0.983600914478302
            ],
            "lin_vel": [
                -0.011645583435893059,
                -0.010362815111875534,
                0.0019370594527572393
            ],
            "ang_vel": [
                0.20486661791801453,
                -0.22812198102474213,
                -0.0013064008671790361
            ]
        },
        "non_kin": {
            "Temperature": {
                "temperature": 23.0
            },
            "MaxTemperature": {
                "max_temperature": 23.0
            }
        }
    },
    "pumpkin.n.02_2": {
        "is_asleep": true,
        "root_link": {
            "pos": [
                4.933067798614502,
                3.965139627456665,
                0.052097685635089874
            ],
            "ori": [
                0.03099801018834114,
                0.004068905487656593,
                0.9420532584190369,
                0.3340038061141968
            ],
            "lin_vel": [
                0.0,
                0.0,
                0.0
            ],
            "ang_vel": [
                0.0,
                0.0,
                0.0
            ]
        },
        "non_kin": {
            "Temperature": {
                "temperature": 23.0
            },
            "MaxTemperature": {
                "max_temperature": 23.0
            }
        }
    },
    "floor.n.01_1": {
        "is_asleep": false,
        "root_link": {
            "pos": [
                3.866909980773926,
                5.666343688964844,
                -0.15000006556510925
            ],
            "ori": [
                0.0,
                0.0,
                0.0,
                1.0
            ]
        },
        "non_kin": {}
    },
    "caldron.n.01_1": {
        "is_asleep": true,
        "root_link": {
            "pos": [
                4.755965232849121,
                6.900424003601074,
                0.12470296770334244
            ],
            "ori": [
                3.3173710107803345e-06,
                1.8289429135620594e-06,
                0.8136683702468872,
                0.5813310146331787
            ],
            "lin_vel": [
                0.0,
                0.0,
                0.0
            ],
            "ang_vel": [
                0.0,
                0.0,
                0.0
            ]
        },
        "non_kin": {
            "Temperature": {
                "temperature": 23.0
            }
        }
    },
    "table.n.02_1": {
        "is_asleep": true,
        "root_link": {
            "pos": [
                3.5198051929473877,
                5.2903876304626465,
                0.3646340072154999
            ],
            "ori": [
                1.3916746866016183e-08,
                1.796940887288656e-05,
                -1.9510196125338553e-07,
                1.0000001192092896
            ],
            "lin_vel": [
                0.0,
                0.0,
                0.0
            ],
            "ang_vel": [
                0.0,
                0.0,
                0.0
            ]
        },
        "non_kin": {}
    },
    "candle.n.01_1": {
        "is_asleep": true,
        "root_link": {
            "pos": [
                5.261874675750732,
                3.874433755874634,
                0.055038973689079285
            ],
            "ori": [
                0.0007265242747962475,
                -0.0020259495358914137,
                -0.20774492621421814,
                0.9781807065010071
            ],
            "lin_vel": [
                0.0,
                0.0,
                0.0
            ],
            "ang_vel": [
                0.0,
                0.0,
                0.0
            ]
        },
        "non_kin": {}
    },
    "candle.n.01_2": {
        "is_asleep": false,
        "root_link": {
            "pos": [
                4.579839706420898,
                3.6677026748657227,
                0.055038951337337494
            ],
            "ori": [
                0.0020156176760792732,
                0.0007544048130512238,
                0.9809663891792297,
                0.19416585564613342
            ],
            "lin_vel": [
                -0.00013336211850401014,
                -4.1588107706047595e-05,
                -3.7630132283084095e-05
            ],
            "ang_vel": [
                0.00012523680925369263,
                -0.000874770397786051,
                0.0001223853905685246
            ]
        },
        "non_kin": {}
    },
    "candle.n.01_3": {
        "is_asleep": true,
        "root_link": {
            "pos": [
                4.818608283996582,
                6.278188705444336,
                0.05503900721669197
            ],
            "ori": [
                0.0016679383115842938,
                0.001364654628559947,
                0.9913132786750793,
                -0.1315036416053772
            ],
            "lin_vel": [
                0.0,
                0.0,
                0.0
            ],
            "ang_vel": [
                0.0,
                0.0,
                0.0
            ]
        },
        "non_kin": {}
    },
    "cabinet.n.01_1": {
        "is_asleep": true,
        "root_link": {
            "pos": [
                6.260105133056641,
                4.522088527679443,
                0.21441014111042023
            ],
            "ori": [
                -9.960494935512543e-07,
                7.507367172365775e-07,
                1.0,
                -1.9470462575554848e-07
            ],
            "lin_vel": [
                0.0,
                0.0,
                0.0
            ],
            "ang_vel": [
                0.0,
                0.0,
                0.0
            ]
        },
        "joint_pos": [
            5.5649547470171257e-11,
            5.521367391070342e-11
        ],
        "joint_vel": [
            -1.5609622717694687e-27,
            5.0645948635957815e-26
        ],
        "non_kin": {
            "Temperature": {
                "temperature": 23.0
            }
        }
    },
    "robot_poses": {
        "R1Pro": [
            {
                "position": [
                    3.402240753173828,
                    3.936107635498047,
                    0.003765106201171875
                ],
                "orientation": [
                    0.0,
                    0.0,
                    -0.7625924944877625,
                    0.6468791961669922
                ]
            }
        ],
        "Fetch": [
            {
                "position": [
                    4.956141948699951,
                    5.120161056518555,
                    0.0012933909893035889
                ],
                "orientation": [
                    -0.001162111759185791,
                    -0.0027150032110512257,
                    -0.393405020236969,
                    0.9193605184555054
                ]
            }
        ],
        "R1": [
            {
                "position": [
                    4.871860027313232,
                    5.108050346374512,
                    0.003765106201171875
                ],
                "orientation": [
                    0.005045842379331589,
                    -0.0002875443024095148,
                    -0.5134055614471436,
                    0.8581312298774719
                ]
            }
        ],
        "Stretch": [
            {
                "position": [
                    4.21501350402832,
                    7.121618270874023,
                    -0.0007996410131454468
                ],