{
    "pumpkin.n.02_1": {
        "is_asleep": true,
        "root_link": {
            "pos": [
                4.70817756652832,
                4.157215118408203,
                0.052142105996608734
            ],
            "ori": [
                0.005186861380934715,
                -0.04161791130900383,
                -0.574546754360199,
                0.8173965215682983
            ],
            "lin_vel": [
                0.0,
                0.0,
                0.0
            ],
            "ang_vel": [
                0.0,
                0.0,
                0.0
            ]
        },
        "non_kin": {
            "Temperature": {
                "temperature": 23.0
            },
            "MaxTemperature": {
                "max_temperature": 23.0
            }
        }
    },
    "pumpkin.n.02_2": {
        "is_asleep": true,
        "root_link": {
            "pos": [
                4.355802059173584,
                3.7086143493652344,
                0.05212833732366562
            ],
            "ori": [
                -0.008387349545955658,
                -0.04018903896212578,
                -0.8332770466804504,
                0.5513290762901306
            ],
            "lin_vel": [
                0.0,
                0.0,
                0.0
            ],
            "ang_vel": [
                0.0,
                0.0,
                0.0
            ]
        },
        "non_kin": {
            "Temperature": {
                "temperature": 23.0
            },
            "MaxTemperature": {
                "max_temperature": 23.0
            }
        }
    },
    "floor.n.01_1": {
        "is_asleep": false,
        "root_link": {
            "pos": [
                3.866909980773926,
                5.666343688964844,
                -0.15000006556510925
            ],
            "ori": [
                0.0,
                0.0,
                0.0,
                1.0
            ]
        },
        "non_kin": {}
    },
    "caldron.n.01_1": {
        "is_asleep": true,
        "root_link": {
            "pos": [
                4.390507698059082,
                5.270211696624756,
                0.12470322102308273
            ],
            "ori": [
                2.0582228899002075e-06,
                2.094893716275692e-06,
                0.9780593514442444,
                0.2083354890346527
            ],
            "lin_vel": [
                0.0,
                0.0,
                0.0
            ],
            "ang_vel": [
                0.0,
                0.0,
                0.0
            ]
        },
        "non_kin": {
            "Temperature": {
                "temperature": 23.0
            }
        }
    },
    "table.n.02_1": {
        "is_asleep": true,
        "root_link": {
            "pos": [
                3.5198190212249756,
                5.290386199951172,
                0.3646339774131775
            ],
            "ori": [
                -1.0669833727661171e-07,
                1.7674488844932057e-05,
                -1.854646143328864e-07,
                1.000000238418579
            ],
            "lin_vel": [
                0.0,
                0.0,
                0.0
            ],
            "ang_vel": [
                0.0,
                0.0,
                0.0
            ]
        },
        "non_kin": {}
    },
    "candle.n.01_1": {
        "is_asleep": true,
        "root_link": {
            "pos": [
                4.614431858062744,
                4.91445255279541,
                0.05503900721669197
            ],
            "ori": [
                6.222203228389844e-05,
                -0.0021052472293376923,
                -0.49582692980766296,
                0.86841881275177
            ],
            "lin_vel": [
                0.0,
                0.0,
                0.0
            ],
            "ang_vel": [
                0.0,
                0.0,
                0.0
            ]
        },
        "non_kin": {}
    },
    "candle.n.01_2": {
        "is_asleep": true,
        "root_link": {
            "pos": [
                4.584925651550293,
                4.315760612487793,
                0.055038951337337494
            ],
            "ori": [
                0.0010765165789052844,
                -0.0018629985861480236,
                -0.029523171484470367,
                0.9995617866516113
            ],
            "lin_vel": [
                0.0,
                0.0,
                0.0
            ],
            "ang_vel": [
                0.0,
                0.0,
                0.0
            ]
        },
        "non_kin": {}
    },
    "candle.n.01_3": {
        "is_asleep": true,
        "root_link": {
            "pos": [
                4.2409796714782715,
                3.856261730194092,
                0.05503897741436958
            ],
            "ori": [
                -0.00034162626252509654,
                -0.002070327755063772,
                -0.652514636516571,
                0.757773220539093
            ],
            "lin_vel": [
                0.0,
                0.0,
                0.0
            ],
            "ang_vel": [
                0.0,
                0.0,
                0.0
            ]
        },
        "non_kin": {}
    },
    "cabinet.n.01_1": {
        "is_asleep": true,
        "root_link": {
            "pos": [
                6.260105133056641,
                4.522088527679443,
                0.2144099771976471
            ],
            "ori": [
                -9.960494935512543e-07,
                7.513392006330832e-07,
                1.0,
                -1.9470462575554848e-07
            ],
            "lin_vel": [
                0.0,
                0.0,
                0.0
            ],
            "ang_vel": [
                0.0,
                0.0,
                0.0
            ]
        },
        "joint_pos": [
            6.280970882288628e-11,
            6.232628302349497e-11
        ],
        "joint_vel": [
            4.581907731746298e-16,
            2.202992069145246e-26
        ],
        "non_kin": {
            "Temperature": {
                "temperature": 23.0
            }
        }
    },
    "robot_poses": {
        "R1Pro": [
            {
                "position": [
                    4.647434234619141,
                    6.972011566162109,
                    0.003765106201171875
                ],
                "orientation": [
                    0.0,
                    0.0,
                    1.0,
                    6.897846469655633e-05
                ]
            }
        ],
        "Fetch": [
            {
                "position": [
                    4.618782043457031,
                    6.260234355926514,
                    0.0012935400009155273
                ],
                "orientation": [
                    0.002945259213447571,
                    0.00020521506667137146,
                    0.9975660443305969,
                    -0.0696670338511467
                ]
            }
        ],
        "R1": [
            {
                "position": [
                    4.059925079345703,
                    6.450682640075684,
                    0.003765106201171875
                ],
                "orientation": [
                    0.004267232492566109,
                    -0.0027085542678833008,
                    -0.8662854433059692,
                    0.4995238184928894
                ]
            }
        ],
        "Stretch": [
            {
                "position": [
                    5.661092758178711,
                    5.051241397857666,
                    -0.000799521803855896
                ],