{
    "agent.n.01_1": {
        "is_asleep": false,
        "root_link": {
            "pos": [
                -50.0,
                -50.0,
                -50.0
            ],
            "ori": [
                0.0,
                0.0,
                0.0,
                1.0
            ],
            "lin_vel": [
                0.0,
                0.0,
                0.0
            ],
            "ang_vel": [
                0.0,
                0.0,
                0.0
            ]
        },
        "joint_pos": [
            55.09651565551758,
            55.73246383666992,
            50.00376510620117,
            0.006151660345494747,
            0.00802095327526331,
            0.43434765934944153,
            -7.027984975138679e-05,
            -0.0002597089041955769,
            0.00011125567107228562,
            4.323580924392445e-06,
            -7.707809345447458e-06,
            3.656913395388983e-05,
            1.9059983491897583,
            1.9060007333755493,
            -0.990993857383728,
            -0.9909998178482056,
            1.5709997415542603,
            1.5710012912750244,
            0.9150035381317139,
            0.9150026440620422,
            -1.570998191833496,
            -1.5710008144378662,
            0.04999985545873642,
            0.04999995604157448,
            0.04999977722764015,
            0.04999985173344612
        ],
        "joint_vel": [
            -8.413665636908263e-05,
            0.0011565869208425283,
            -0.0011511745397001505,
            -5.045635043643415e-05,
            0.00018757462385110557,
            0.00022907978564035147,
            -0.00016507036343682557,
            0.00020881250384263694,
            0.00040496286237612367,
            0.0014600909780710936,
            0.0005546208703890443,
            0.0008523507276549935,
            -0.0014039285015314817,
            0.0009965823264792562,
            9.593760478310287e-05,
            0.00012317148502916098,
            0.0009090144885703921,
            0.001548707252368331,
            -0.001034051994793117,
            0.0009208919946104288,
            -0.0009277958888560534,
            -0.0013072674628347158,
            2.9318411179701798e-05,
            -4.1151906771119684e-07,
            -1.2037730812153313e-07,
            -6.701794518448878e-06
        ],
        "controllers": {
            "base": {
                "goal_is_valid": true,
                "goal": {
                    "target": [
                        0.0,
                        0.0,
                        0.0
                    ]
                }
            },
            "trunk": {
                "goal_is_valid": true,
                "goal": {
                    "target": [
                        -7.03973273630254e-05,
                        -0.00026066426653414965,
                        0.00011165601608809084,
                        3.3097808227466885e-06
                    ]
                }
            },
            "arm_left": {
                "goal_is_valid": true,
                "goal": {
                    "target_pos": [
                        0.5446205139160156,
                        0.3968479633331299,
                        1.4467841386795044
                    ],
                    "target_ori_mat": [
                        [
                            -0.006778359413146973,
                            4.6808854676783085e-05,
                            0.9999769926071167
                        ],
                        [
                            0.0031177159398794174,
                            -0.9999951124191284,
                            6.794312503188848e-05
                        ],
                        [
                            0.9999721050262451,
                            0.0031181047670543194,
                            0.006778240203857422
                        ]
                    ]
                },
                "control_filter": {
                    "past_samples": [
                        [
                            -7.833312338334508e-06,
                            1.9059977531433105,
                            -0.9909957051277161,
                            1.5709999799728394,
                            0.9150036573410034,
                            -1.5709986686706543
                        ],
                        [
                            -7.358050879702205e-06,
                            1.9059977531433105,
                            -0.9909957647323608,
                            1.5710006952285767,
                            0.91500324010849,
                            -1.570999026298523
                        ]
                    ],
                    "current_idx": 1,
                    "fully_filled": true
                }
            },
            "gripper_left": {
                "goal_is_valid": true,
                "goal": {
                    "target": [
                        1.0
                    ]
                },
                "vel_filter": {
                    "past_samples": [
                        [
                            -1.7881391613627784e-05,
                            -4.917382739222376e-06
                        ],
                        [
                            1.7881391613627784e-05,
                            4.470347903406946e-06
                        ],
                        [
                            -1.3411044164968189e-05,
                            -3.576278459149762e-06
                        ],
                        [
                            1.3411044164968189e-05,
                            2.6822087875189027e-06
                        ],
                        [
                            1.8328426449443214e-05,
                            8.940696147874405e-07
                        ]
                    ],
                    "current_idx": 4,
                    "fully_filled": true
                }
            },
            "arm_right": {
                "goal_is_valid": true,
                "goal": {
                    "target_pos": [
                        0.5446243286132812,
                        -0.3968369960784912,
                        1.4439867734909058
                    ],
                    "target_ori_mat": [
                        [
                            0.0058501362800598145,
                            -3.6458950489759445e-06,
                            0.9999827742576599
                        ],
                        [
                            -0.004663130268454552,
                            -0.9999889135360718,
                            2.3634172976016998e-05
                        ],
                        [
                            0.9999719262123108,
                            -0.004663188476115465,
                            -0.0058498382568359375
                        ]
                    ]
                },
                "control_filter": {
                    "past_samples": [
                        [
                            3.6764635297004133e-05,
                            1.9060031175613403,
                            -0.9910001158714294,
                            1.5710015296936035,
                            0.9150025248527527,
                            -1.5710011720657349
                        ],
                        [
                            3.6548979551298544e-05,
                            1.9060016870498657,
                            -0.9909994602203369,
                            1.5710011720657349,
                            0.9150018692016602,
                            -1.5710006952285767
                        ]
                    ],
                    "current_idx": 1,
                    "fully_filled": true
                }
            },