{
    "pumpkin.n.02_1": {
        "is_asleep": true,
        "root_link": {
            "pos": [
                5.556958198547363,
                4.04028844833374,
                0.05208113417029381
            ],
            "ori": [
                -0.002838514745235443,
                -0.028868533670902252,
                -0.4149574935436249,
                0.9093784093856812
            ],
            "lin_vel": [
                0.0,
                0.0,
                0.0
            ],
            "ang_vel": [
                0.0,
                0.0,
                0.0
            ]
        },
        "non_kin": {
            "Temperature": {
                "temperature": 23.0
            },
            "MaxTemperature": {
                "max_temperature": 23.0
            }
        }
    },
    "pumpkin.n.02_2": {
        "is_asleep": true,
        "root_link": {
            "pos": [
                4.6984381675720215,
                5.822234630584717,
                0.05211556330323219
            ],
            "ori": [
                0.014845347963273525,
                -0.019214991480112076,
                0.32739147543907166,
                0.9445769190788269
            ],
            "lin_vel": [
                0.0,
                0.0,
                0.0
            ],
            "ang_vel": [
                0.0,
                0.0,
                0.0
            ]
        },
        "non_kin": {
            "Temperature": {
                "temperature": 23.0
            },
            "MaxTemperature": {
                "max_temperature": 23.0
            }
        }
    },
    "floor.n.01_1": {
        "is_asleep": false,
        "root_link": {
            "pos": [
                3.866909980773926,
                5.666343688964844,
                -0.15000006556510925
            ],
            "ori": [
                0.0,
                0.0,
                0.0,
                1.0
            ]
        },
        "non_kin": {}
    },
    "caldron.n.01_1": {
        "is_asleep": true,
        "root_link": {
            "pos": [
                5.01940393447876,
                3.866462230682373,
                0.12470295280218124
            ],
            "ori": [
                5.755573511123657e-07,
                2.423184923827648e-06,
                0.8985689878463745,
                -0.4388344883918762
            ],
            "lin_vel": [
                0.0,
                0.0,
                0.0
            ],
            "ang_vel": [
                0.0,
                0.0,
                0.0
            ]
        },
        "non_kin": {
            "Temperature": {
                "temperature": 23.0
            }
        }
    },
    "table.n.02_1": {
        "is_asleep": true,
        "root_link": {
            "pos": [
                3.5198051929473877,
                5.2903876304626465,
                0.3646340072154999
            ],
            "ori": [
                1.3916746866016183e-08,
                1.796940887288656e-05,
                -1.9510196125338553e-07,
                1.0000001192092896
            ],
            "lin_vel": [
                0.0,
                0.0,
                0.0
            ],
            "ang_vel": [
                0.0,
                0.0,
                0.0
            ]
        },
        "non_kin": {}
    },
    "candle.n.01_1": {
        "is_asleep": true,
        "root_link": {
            "pos": [
                4.368590354919434,
                6.865748405456543,
                0.05503901094198227
            ],
            "ori": [
                -0.0006474724505096674,
                -0.0019930489361286163,
                -0.7585867643356323,
                0.6515685319900513
            ],
            "lin_vel": [
                0.0,
                0.0,
                0.0
            ],
            "ang_vel": [
                0.0,
                0.0,
                0.0
            ]
        },
        "non_kin": {}
    },
    "candle.n.01_2": {
        "is_asleep": false,
        "root_link": {
            "pos": [
                4.550347805023193,
                4.365202903747559,
                0.05503895878791809
            ],
            "ori": [
                0.0010362239554524422,
                0.001886910991743207,
                0.870269775390625,
                -0.4925706386566162
            ],
            "lin_vel": [
                8.075297046161722e-06,
                -7.535586337326095e-05,
                -3.612344880821183e-05
            ],
            "ang_vel": [
                0.00028373149689286947,
                -0.0001989278243854642,
                4.7978584916563705e-05
            ]
        },
        "non_kin": {}
    },
    "candle.n.01_3": {
        "is_asleep": true,
        "root_link": {
            "pos": [
                4.6915283203125,
                6.007091999053955,
                0.055038947612047195
            ],
            "ori": [
                0.002128530526533723,
                -0.0002924070868175477,
                0.7715401649475098,
                0.6361769437789917
            ],
            "lin_vel": [
                0.0,
                0.0,
                0.0
            ],
            "ang_vel": [
                0.0,
                0.0,
                0.0
            ]
        },
        "non_kin": {}
    },
    "cabinet.n.01_1": {
        "is_asleep": true,
        "root_link": {
            "pos": [
                6.260105133056641,
                4.522088527679443,
                0.21441014111042023
            ],
            "ori": [
                -9.960494935512543e-07,
                7.507367172365775e-07,
                1.0,
                -1.9470462575554848e-07
            ],
            "lin_vel": [
                0.0,
                0.0,
                0.0
            ],
            "ang_vel": [
                0.0,
                0.0,
                0.0
            ]
        },
        "joint_pos": [
            5.5649547470171257e-11,
            5.521367391070342e-11
        ],
        "joint_vel": [
            -1.5609622717694687e-27,
            5.0645948635957815e-26
        ],
        "non_kin": {
            "Temperature": {
                "temperature": 23.0
            }
        }
    },
    "robot_poses": {
        "R1Pro": [
            {
                "position": [
                    5.258110046386719,
                    5.328639984130859,
                    0.003765106201171875
                ],
                "orientation": [
                    0.0,
                    0.0,
                    -0.997277557849884,
                    0.07373925298452377
                ]
            }
        ],
        "Fetch": [
            {
                "position": [
                    5.171016693115234,
                    5.686992168426514,
                    0.0012931525707244873
                ],
                "orientation": [
                    -0.0009793341159820557,
                    -0.0027878815308213234,
                    -0.33130043745040894,
                    0.9435207843780518
                ]
            }
        ],
        "R1": [
            {
                "position": [
                    4.06331205368042,
                    4.167232513427734,
                    0.003765106201171875
                ],
                "orientation": [
                    0.004948746412992477,
                    0.0010265660239383578,
                    -0.2740563452243805,
                    0.9617003202438354
                ]
            }
        ],
        "Stretch": [
            {
                "position": [
                    3.1626594066619873,
                    3.598855972290039,
                    -0.0007996410131454468
                ],