{
    "pumpkin.n.02_1": {
        "is_asleep": false,
        "root_link": {
            "pos": [
                5.621616840362549,
                5.267622470855713,
                0.052084751427173615
            ],
            "ori": [
                0.0045709991827607155,
                -0.029029805213212967,
                -0.20218707621097565,
                0.9789060950279236
            ],
            "lin_vel": [
                0.006161700468510389,
                0.009973752312362194,
                -0.00037239480298012495
            ],
            "ang_vel": [
                -0.19823376834392548,
                0.12420687079429626,
                0.0013396446593105793
            ]
        },
        "non_kin": {
            "Temperature": {
                "temperature": 23.0
            },
            "MaxTemperature": {
                "max_temperature": 23.0
            }
        }
    },
    "pumpkin.n.02_2": {
        "is_asleep": true,
        "root_link": {
            "pos": [
                4.651500225067139,
                4.733476638793945,
                0.05209297686815262
            ],
            "ori": [
                0.0034785084426403046,
                -0.026951175183057785,
                -0.1987406313419342,
                0.9796756505966187
            ],
            "lin_vel": [
                0.0,
                0.0,
                0.0
            ],
            "ang_vel": [
                0.0,
                0.0,
                0.0
            ]
        },
        "non_kin": {
            "Temperature": {
                "temperature": 23.0
            },
            "MaxTemperature": {
                "max_temperature": 23.0
            }
        }
    },
    "floor.n.01_1": {
        "is_asleep": false,
        "root_link": {
            "pos": [
                3.866909980773926,
                5.666343688964844,
                -0.15000006556510925
            ],
            "ori": [
                0.0,
                0.0,
                0.0,
                1.0
            ]
        },
        "non_kin": {}
    },
    "caldron.n.01_1": {
        "is_asleep": true,
        "root_link": {
            "pos": [
                5.080161094665527,
                4.2801079750061035,
                0.1247030720114708
            ],
            "ori": [
                2.3618340492248535e-06,
                2.7201022021472454e-06,
                0.9252862334251404,
                0.37927210330963135
            ],
            "lin_vel": [
                0.0,
                0.0,
                0.0
            ],
            "ang_vel": [
                0.0,
                0.0,
                0.0
            ]
        },
        "non_kin": {
            "Temperature": {
                "temperature": 23.0
            }
        }
    },
    "table.n.02_1": {
        "is_asleep": true,
        "root_link": {
            "pos": [
                3.5198051929473877,
                5.2903876304626465,
                0.3646340072154999
            ],
            "ori": [
                1.3916746866016183e-08,
                1.796940887288656e-05,
                -1.9510196125338553e-07,
                1.0000001192092896
            ],
            "lin_vel": [
                0.0,
                0.0,
                0.0
            ],
            "ang_vel": [
                0.0,
                0.0,
                0.0
            ]
        },
        "non_kin": {}
    },
    "candle.n.01_1": {
        "is_asleep": true,
        "root_link": {
            "pos": [
                4.7077484130859375,
                6.956259250640869,
                0.05503901094198227
            ],
            "ori": [
                0.0006051098462194204,
                -0.0020228088833391666,
                -0.25533148646354675,
                0.9668513536453247
            ],
            "lin_vel": [
                0.0,
                0.0,
                0.0
            ],
            "ang_vel": [
                0.0,
                0.0,
                0.0
            ]
        },
        "non_kin": {}
    },
    "candle.n.01_2": {
        "is_asleep": false,
        "root_link": {
            "pos": [
                4.590963840484619,
                6.451318264007568,
                0.05503910779953003
            ],
            "ori": [
                -0.0005810742732137442,
                -0.0020736423321068287,
                -0.7357666492462158,
                0.6772317886352539
            ],
            "lin_vel": [
                0.00012421299470588565,
                8.259838068624958e-06,
                -9.609470725990832e-05
            ],
            "ang_vel": [
                0.00014627940254285932,
                -6.054634013707982e-06,
                -8.260903427981248e-07
            ]
        },
        "non_kin": {}
    },
    "candle.n.01_3": {
        "is_asleep": true,
        "root_link": {
            "pos": [
                4.657253265380859,
                3.9679768085479736,
                0.05503897741436958
            ],
            "ori": [
                0.0021411655470728874,
                0.0001454383018426597,
                0.8846462965011597,
                0.4662580192089081
            ],
            "lin_vel": [
                0.0,
                0.0,
                0.0
            ],
            "ang_vel": [
                0.0,
                0.0,
                0.0
            ]
        },
        "non_kin": {}
    },
    "cabinet.n.01_1": {
        "is_asleep": true,
        "root_link": {
            "pos": [
                6.260105133056641,
                4.522088527679443,
                0.21441014111042023
            ],
            "ori": [
                -9.960494935512543e-07,
                7.507367172365775e-07,
                1.0,
                -1.9470462575554848e-07
            ],
            "lin_vel": [
                0.0,
                0.0,
                0.0
            ],
            "ang_vel": [
                0.0,
                0.0,
                0.0
            ]
        },
        "joint_pos": [
            5.5649547470171257e-11,
            5.521367391070342e-11
        ],
        "joint_vel": [
            -1.5609622717694687e-27,
            5.0645948635957815e-26
        ],
        "non_kin": {
            "Temperature": {
                "temperature": 23.0
            }
        }
    },
    "robot_poses": {
        "R1Pro": [
            {
                "position": [
                    3.2069015502929688,
                    3.7971878051757812,
                    0.003742218017578125
                ],
                "orientation": [
                    0.0,
                    0.0,
                    0.6565229296684265,
                    0.7543060779571533
                ]
            }
        ],
        "Fetch": [
            {
                "position": [
                    2.561492443084717,
                    3.7965404987335205,
                    0.0012933015823364258
                ],
                "orientation": [
                    0.0005150977522134781,
                    -0.002909385599195957,
                    0.1744312196969986,
                    0.9846649169921875
                ]
            }
        ],
        "R1": [
            {
                "position": [
                    3.2853004932403564,
                    3.9269025325775146,
                    0.003765195608139038
                ],
                "orientation": [
                    0.002055036835372448,
                    0.004617444239556789,
                    0.6208617091178894,
                    0.7839038372039795
                ]
            }
        ],