{
    "pumpkin.n.02_1": {
        "is_asleep": true,
        "root_link": {
            "pos": [
                5.350417613983154,
                4.304007053375244,
                0.05213576555252075
            ],
            "ori": [
                0.03558192402124405,
                -0.02171831950545311,
                0.2709064483642578,
                0.9617025852203369
            ],
            "lin_vel": [
                0.0,
                0.0,
                0.0
            ],
            "ang_vel": [
                0.0,
                0.0,
                0.0
            ]
        },
        "non_kin": {
            "Temperature": {
                "temperature": 23.0
            },
            "MaxTemperature": {
                "max_temperature": 23.0
            }
        }
    },
    "pumpkin.n.02_2": {
        "is_asleep": true,
        "root_link": {
            "pos": [
                4.389209270477295,
                4.6246771812438965,
                0.05208243057131767
            ],
            "ori": [
                -0.01104694977402687,
                -0.026934705674648285,
                -0.659550130367279,
                0.7510964274406433
            ],
            "lin_vel": [
                0.0,
                0.0,
                0.0
            ],
            "ang_vel": [
                0.0,
                0.0,
                0.0
            ]
        },
        "non_kin": {
            "Temperature": {
                "temperature": 23.0
            },
            "MaxTemperature": {
                "max_temperature": 23.0
            }
        }
    },
    "floor.n.01_1": {
        "is_asleep": false,
        "root_link": {
            "pos": [
                3.866909980773926,
                5.666343688964844,
                -0.15000006556510925
            ],
            "ori": [
                0.0,
                0.0,
                0.0,
                1.0
            ]
        },
        "non_kin": {}
    },
    "caldron.n.01_1": {
        "is_asleep": true,
        "root_link": {
            "pos": [
                4.97307014465332,
                7.076138496398926,
                0.12470301240682602
            ],
            "ori": [
                3.0444934964179993e-06,
                7.101334631443024e-09,
                0.35331422090530396,
                0.9355052709579468
            ],
            "lin_vel": [
                0.0,
                0.0,
                0.0
            ],
            "ang_vel": [
                0.0,
                0.0,
                0.0
            ]
        },
        "non_kin": {
            "Temperature": {
                "temperature": 23.0
            }
        }
    },
    "table.n.02_1": {
        "is_asleep": true,
        "root_link": {
            "pos": [
                3.5198190212249756,
                5.290386199951172,
                0.3646339774131775
            ],
            "ori": [
                -1.0669845096344943e-07,
                1.7674488844932057e-05,
                -1.8540640667197295e-07,
                1.000000238418579
            ],
            "lin_vel": [
                0.0,
                0.0,
                0.0
            ],
            "ang_vel": [
                0.0,
                0.0,
                0.0
            ]
        },
        "non_kin": {}
    },
    "candle.n.01_1": {
        "is_asleep": true,
        "root_link": {
            "pos": [
                5.295712471008301,
                6.334886074066162,
                0.05503902584314346
            ],
            "ori": [
                0.0013077445328235626,
                -0.0017106124432757497,
                0.09910159558057785,
                0.9950750470161438
            ],
            "lin_vel": [
                0.0,
                0.0,
                0.0
            ],
            "ang_vel": [
                0.0,
                0.0,
                0.0
            ]
        },
        "non_kin": {}
    },
    "candle.n.01_2": {
        "is_asleep": false,
        "root_link": {
            "pos": [
                5.54431676864624,
                4.986209869384766,
                0.055038947612047195
            ],
            "ori": [
                0.0012152210110798478,
                0.0017667035572230816,
                0.9148749709129333,
                -0.40373173356056213
            ],
            "lin_vel": [
                -2.6017309210146777e-05,
                0.00022058800095692277,
                -4.427577550814021e-06
            ],
            "ang_vel": [
                -0.0042413934133946896,
                -0.0002202264149673283,
                -3.0021801649127156e-06
            ]
        },
        "non_kin": {}
    },
    "candle.n.01_3": {
        "is_asleep": true,
        "root_link": {
            "pos": [
                5.304158687591553,
                4.443471431732178,
                0.05503897741436958
            ],
            "ori": [
                0.0011980816489085555,
                0.0017879361985251307,
                0.9102823138237,
                -0.4139823317527771
            ],
            "lin_vel": [
                0.0,
                0.0,
                0.0
            ],
            "ang_vel": [
                0.0,
                0.0,
                0.0
            ]
        },
        "non_kin": {}
    },
    "cabinet.n.01_1": {
        "is_asleep": true,
        "root_link": {
            "pos": [
                6.260105133056641,
                4.522088527679443,
                0.2144099771976471
            ],
            "ori": [
                -9.960494935512543e-07,
                7.513392006330832e-07,
                1.0,
                -1.9470462575554848e-07
            ],
            "lin_vel": [
                0.0,
                0.0,
                0.0
            ],
            "ang_vel": [
                0.0,
                0.0,
                0.0
            ]
        },
        "joint_pos": [
            1.1429317908762116e-10,
            1.1341354244631674e-10
        ],
        "joint_vel": [
            4.581907731746298e-16,
            2.202992069145246e-26
        ],
        "non_kin": {
            "Temperature": {
                "temperature": 23.0
            }
        }
    },
    "robot_poses": {
        "R1Pro": [
            {
                "position": [
                    4.380329132080078,
                    6.679679870605469,
                    0.003765106201171875
                ],
                "orientation": [
                    0.0,
                    0.0,
                    0.7388747930526733,
                    0.6738427877426147
                ]
            }
        ],
        "Fetch": [
            {
                "position": [
                    3.9688446521759033,
                    6.759888172149658,
                    0.0012932419776916504
                ],
                "orientation": [
                    0.0015478506684303284,
                    -0.0025149667635560036,
                    0.5242172479629517,
                    0.851579487323761
                ]
            }
        ],
        "R1": [
            {
                "position": [
                    4.659255504608154,
                    5.765908241271973,
                    0.003765106201171875
                ],
                "orientation": [
                    0.004499759990721941,
                    0.0023008983116596937,
                    -0.009433756582438946,
                    0.9999427199363708
                ]
            }
        ],
        "Stretch": [
            {
                "position": [
                    4.953162670135498,
                    6.424321174621582,
                    -0.0007995963096618652
                ],