{
    "bacon.n.01_1": {
        "is_asleep": false,
        "root_link": {
            "pos": [
                7.8227362632751465,
                -1.7779717445373535,
                0.8937602043151855
            ],
            "ori": [
                0.03141773119568825,
                -0.020499303936958313,
                0.7809807062149048,
                0.6234275102615356
            ],
            "lin_vel": [
                -1.2290131508052582e-06,
                1.8720747902989388e-06,
                -1.5532825273112394e-05
            ],
            "ang_vel": [
                -0.0006406268803402781,
                -0.00010289918282069266,
                -1.225992036779644e-05
            ]
        },
        "non_kin": {
            "Temperature": {
                "temperature": 23.0
            },
            "MaxTemperature": {
                "max_temperature": 23.0
            }
        }
    },
    "bacon.n.01_2": {
        "is_asleep": false,
        "root_link": {
            "pos": [
                7.755739212036133,
                -1.8641397953033447,
                0.8896900415420532
            ],
            "ori": [
                -0.0013421393232420087,
                -0.009392226114869118,
                0.8878993391990662,
                -0.4599398374557495
            ],
            "lin_vel": [
                2.3623322249477496e-06,
                3.3072474252549e-06,
                -3.672770390039659e-06
            ],
            "ang_vel": [
                -0.0007774550467729568,
                0.0008593773818574846,
                4.841844202019274e-06
            ]
        },
        "non_kin": {
            "Temperature": {
                "temperature": 23.0
            },
            "MaxTemperature": {
                "max_temperature": 23.0
            }
        }
    },
    "bacon.n.01_3": {
        "is_asleep": false,
        "root_link": {
            "pos": [
                7.9504075050354,
                -1.8847213983535767,
                0.8900110125541687
            ],
            "ori": [
                0.008300700224936008,
                -0.01638743281364441,
                0.9991186261177063,
                0.03774292767047882
            ],
            "lin_vel": [
                5.562515070778318e-06,
                -1.4051402104087174e-06,
                -8.754354894335847e-06
            ],
            "ang_vel": [
                0.00017099411343224347,
                0.0006547511438839138,
                -0.00012830547348130494
            ]
        },
        "non_kin": {
            "Temperature": {
                "temperature": 23.0
            },
            "MaxTemperature": {
                "max_temperature": 23.0
            }
        }
    },
    "bacon.n.01_4": {
        "is_asleep": false,
        "root_link": {
            "pos": [
                7.877211093902588,
                -1.8904520273208618,
                0.8888155817985535
            ],
            "ori": [
                0.012645809911191463,
                -0.019881170243024826,
                0.9769758582115173,
                0.21204516291618347
            ],
            "lin_vel": [
                1.2823207725887187e-05,
                -1.2063192116329446e-05,
                -1.2956021237187088e-05
            ],
            "ang_vel": [
                0.0004869164258707315,
                0.00045522110303863883,
                -0.0008717954042367637
            ]
        },
        "non_kin": {
            "Temperature": {
                "temperature": 23.0
            },
            "MaxTemperature": {
                "max_temperature": 23.0
            }
        }
    },
    "bacon.n.01_5": {
        "is_asleep": false,
        "root_link": {
            "pos": [
                7.872681617736816,
                -1.8151991367340088,
                0.8918666839599609
            ],
            "ori": [
                0.022424813359975815,
                -0.017663998529314995,
                -0.24951280653476715,
                0.9679507613182068
            ],
            "lin_vel": [
                6.943803327885689e-07,
                8.664002280056593e-07,
                -2.1347334495658288e-06
            ],
            "ang_vel": [
                0.00016488670371472836,
                0.00019106913532596081,
                -7.803644984960556e-05
            ]
        },
        "non_kin": {
            "Temperature": {
                "temperature": 23.0
            },
            "MaxTemperature": {
                "max_temperature": 23.0
            }
        }
    },
    "bacon.n.01_6": {
        "is_asleep": false,
        "root_link": {
            "pos": [
                7.67832088470459,
                -1.8665646314620972,
                0.8895397782325745
            ],
            "ori": [
                0.03147133067250252,
                -0.017710696905851364,
                0.22615718841552734,
                0.9734211564064026
            ],
            "lin_vel": [
                4.244832325639436e-06,
                1.3452654457069002e-06,
                -3.105174619122408e-05
            ],
            "ang_vel": [
                -8.002617687452585e-05,
                0.0011469707824289799,
                1.5173874999163672e-05
            ]
        },
        "non_kin": {
            "Temperature": {
                "temperature": 23.0
            },
            "MaxTemperature": {
                "max_temperature": 23.0
            }
        }
    },
    "tray.n.01_1": {
        "is_asleep": false,
        "root_link": {
            "pos": [
                7.822352409362793,
                -1.8828316926956177,
                0.8910146355628967
            ],
            "ori": [
                0.01507142186164856,
                -0.015436727553606033,
                0.705939769744873,
                0.7079433798789978
            ],
            "lin_vel": [
                -9.571155032972456e-07,
                2.994646592924255e-07,
                -1.5026238543214276e-05
            ],
            "ang_vel": [
                2.479460454196669e-05,
                -7.053893205011263e-05,
                -2.2511101178679382e-06
            ]
        },
        "non_kin": {
            "Temperature": {
                "temperature": -1.5287609100341797
            }
        }
    },
    "electric_refrigerator.n.01_1": {
        "is_asleep": false,
        "root_link": {
            "pos": [
                7.81859016418457,
                -1.9658963680267334,
                0.9844350218772888
            ],
            "ori": [
                0.0006650188006460667,
                0.007770733907818794,
                0.6905918121337891,
                0.7232030630111694
            ],
            "lin_vel": [
                0.0,
                0.0,
                0.0
            ],
            "ang_vel": [
                0.0,
                0.0,
                0.0
            ]
        },
        "joint_pos": [
            -3.6585269530618426e-21
        ],
        "joint_vel": [
            -2.2224687082487614e-20
        ],
        "non_kin": {
            "Temperature": {
                "temperature": 23.0
            }
        }
    },
    "stove.n.01_1": {
        "is_asleep": true,
        "root_link": {
            "pos": [
                4.168538570404053,
                -0.5106415152549744,
                0.8938387632369995
            ],
            "ori": [
                -2.4188739189412445e-06,
                -3.0468108036529884e-09,
                0.0012448823545128107,
                1.0000004768371582
            ],
            "lin_vel": [
                0.0,
                0.0,
                0.0
            ],
            "ang_vel": [
                0.0,
                0.0,
                0.0
            ]
        },