{
    "agent.n.01_1": {
        "is_asleep": false,
        "root_link": {
            "pos": [
                -50.0,
                -50.0,
                -50.0
            ],
            "ori": [
                0.0,
                0.0,
                0.0,
                1.0
            ],
            "lin_vel": [
                0.0,
                0.0,
                0.0
            ],
            "ang_vel": [
                0.0,
                0.0,
                0.0
            ]
        },
        "joint_pos": [
            55.35884094238281,
            51.55630111694336,
            50.003780364990234,
            0.0014671410899609327,
            -0.010002074763178825,
            -1.9072463512420654,
            -7.12237015250139e-05,
            -0.00026020038058049977,
            0.00011037910007871687,
            1.6704935887901229e-06,
            -6.035574187990278e-06,
            3.3038726542145014e-05,
            1.906004786491394,
            1.9060043096542358,
            -0.9910059571266174,
            -0.9910053014755249,
            1.5710004568099976,
            1.570999264717102,
            0.91499924659729,
            0.9149989485740662,
            -1.570999026298523,
            -1.571000099182129,
            0.049999844282865524,
            0.04999963194131851,
            0.04999980330467224,
            0.04999977722764015
        ],
        "joint_vel": [
            -0.0002339025668334216,
            2.2046020603738725e-05,
            -0.0002075431402772665,
            0.0006392351933754981,
            0.0002508226898498833,
            0.0002747788093984127,
            -0.0013012425042688847,
            0.0004531505983322859,
            -2.9312024707905948e-05,
            0.00034962096833623946,
            -0.0005613932153210044,
            -0.000305330817354843,
            0.0016248561441898346,
            -0.0013876584125682712,
            0.0006001390283927321,
            -0.00042619422310963273,
            -0.00089452532120049,
            -0.0003489971859380603,
            0.0004801465547643602,
            -0.0004982719547115266,
            0.0007209149189293385,
            0.00043153297156095505,
            1.134275589720346e-05,
            -2.304019290022552e-06,
            3.782010026043281e-06,
            8.533125765097793e-06
        ],
        "controllers": {
            "base": {
                "goal_is_valid": true,
                "goal": {
                    "target": [
                        0.0,
                        0.0,
                        0.0
                    ]
                }
            },
            "trunk": {
                "goal_is_valid": true,
                "goal": {
                    "target": [
                        -7.037938485154882e-05,
                        -0.00026062558754347265,
                        0.00011165156320203096,
                        3.279361862951191e-06
                    ]
                }
            },
            "arm_left": {
                "goal_is_valid": true,
                "goal": {
                    "target_pos": [
                        0.544621467590332,
                        0.396848201751709,
                        1.446784257888794
                    ],
                    "target_ori_mat": [
                        [
                            -0.006777763366699219,
                            4.685716703534126e-05,
                            0.9999769330024719
                        ],
                        [
                            0.003117653774097562,
                            -0.9999948740005493,
                            6.798980757594109e-05
                        ],
                        [
                            0.9999720454216003,
                            0.003118043066933751,
                            0.0067778825759887695
                        ]
                    ]
                },
                "control_filter": {
                    "past_samples": [
                        [
                            -7.163769623730332e-06,
                            1.9060026407241821,
                            -0.9910027384757996,
                            1.5709993839263916,
                            0.914999783039093,
                            -1.5709984302520752
                        ],
                        [
                            -4.881878339801915e-06,
                            1.9060065746307373,
                            -0.991008460521698,
                            1.571000337600708,
                            0.9149987697601318,
                            -1.570999264717102
                        ]
                    ],
                    "current_idx": 0,
                    "fully_filled": true
                }
            },
            "gripper_left": {
                "goal_is_valid": true,
                "goal": {
                    "target": [
                        1.0
                    ]
                },
                "vel_filter": {
                    "past_samples": [
                        [
                            -6.258487246668665e-06,
                            3.129243850708008e-05
                        ],
                        [
                            1.6987323760986328e-05,
                            -4.246830576448701e-05
                        ],
                        [
                            -2.7716158001567237e-05,
                            4.0233131585409865e-05
                        ],
                        [
                            2.7269123165751807e-05,
                            -3.263354301452637e-05
                        ],
                        [
                            -2.9951332180644386e-05,
                            3.531574839144014e-05
                        ]
                    ],
                    "current_idx": 0,
                    "fully_filled": true
                }
            },
            "arm_right": {
                "goal_is_valid": true,
                "goal": {
                    "target_pos": [
                        0.5446252822875977,
                        -0.3968377113342285,
                        1.443986415863037
                    ],
                    "target_ori_mat": [
                        [
                            0.0058501362800598145,
                            -3.7320423871278763e-06,
                            0.9999828338623047
                        ],
                        [
                            -0.004663592204451561,
                            -0.9999890327453613,
                            2.355128526687622e-05
                        ],
                        [
                            0.9999719858169556,
                            -0.0046636504121124744,
                            -0.005849957466125488
                        ]
                    ]
                },
                "control_filter": {
                    "past_samples": [
                        [
                            3.3533542591612786e-05,
                            1.9060025215148926,
                            -0.991000235080719,
                            1.5709984302520752,
                            0.9150034189224243,
                            -1.5709986686706543
                        ],
                        [
                            3.3232176065212116e-05,
                            1.906005859375,
                            -0.9910115003585815,
                            1.5709998607635498,
                            0.9149946570396423,
                            -1.5709997415542603
                        ]
                    ],
                    "current_idx": 0,
                    "fully_filled": true
                }
            },
            "gripper_right": {
                "goal_is_valid": true,