{
    "bacon.n.01_1": {
        "is_asleep": false,
        "root_link": {
            "pos": [
                7.835590362548828,
                -1.7813340425491333,
                0.892935037612915
            ],
            "ori": [
                0.035478103905916214,
                -0.030229415744543076,
                0.7847930192947388,
                0.6180028319358826
            ],
            "lin_vel": [
                -1.046942634275183e-05,
                5.114508439874044e-06,
                1.2465357031032909e-05
            ],
            "ang_vel": [
                0.00010357834253227338,
                -0.00012552831321954727,
                5.968802361167036e-05
            ]
        },
        "non_kin": {
            "Temperature": {
                "temperature": 23.0
            },
            "MaxTemperature": {
                "max_temperature": 23.0
            }
        }
    },
    "bacon.n.01_2": {
        "is_asleep": false,
        "root_link": {
            "pos": [
                7.754988193511963,
                -1.855552315711975,
                0.8904808759689331
            ],
            "ori": [
                0.03331277146935463,
                -0.014265848323702812,
                0.4818283021450043,
                0.8755160570144653
            ],
            "lin_vel": [
                -6.169563857838511e-05,
                1.0699563063099049e-05,
                -3.625513727456564e-06
            ],
            "ang_vel": [
                0.0023275113198906183,
                -0.002183905802667141,
                -0.0001857484458014369
            ]
        },
        "non_kin": {
            "Temperature": {
                "temperature": 23.0
            },
            "MaxTemperature": {
                "max_temperature": 23.0
            }
        }
    },
    "bacon.n.01_3": {
        "is_asleep": false,
        "root_link": {
            "pos": [
                7.696726322174072,
                -1.88813316822052,
                0.8897664546966553
            ],
            "ori": [
                0.004632188938558102,
                -0.010522652417421341,
                0.8845359683036804,
                -0.4663303792476654
            ],
            "lin_vel": [
                -4.6901150199119e-05,
                1.612545020179823e-05,
                -8.213460387196392e-05
            ],
            "ang_vel": [
                0.0020428597927093506,
                -0.0024995135609060526,
                -3.107477823505178e-05
            ]
        },
        "non_kin": {
            "Temperature": {
                "temperature": 23.0
            },
            "MaxTemperature": {
                "max_temperature": 23.0
            }
        }
    },
    "bacon.n.01_4": {
        "is_asleep": false,
        "root_link": {
            "pos": [
                7.872447967529297,
                -1.867519497871399,
                0.8894355297088623
            ],
            "ori": [
                0.025642268359661102,
                -0.01968996599316597,
                0.8098886609077454,
                0.5856919884681702
            ],
            "lin_vel": [
                -3.3691030694171786e-05,
                -8.923055247578304e-06,
                -4.3815674871439114e-05
            ],
            "ang_vel": [
                -7.044752419460565e-05,
                -1.4533561625285074e-06,
                -0.00030393010820262134
            ]
        },
        "non_kin": {
            "Temperature": {
                "temperature": 23.0
            },
            "MaxTemperature": {
                "max_temperature": 23.0
            }
        }
    },
    "bacon.n.01_5": {
        "is_asleep": false,
        "root_link": {
            "pos": [
                7.846994876861572,
                -1.8268038034439087,
                0.8910179138183594
            ],
            "ori": [
                0.017801621928811073,
                -0.007306594867259264,
                -0.4044714570045471,
                0.9143481850624084
            ],
            "lin_vel": [
                -5.781522850156762e-05,
                -4.915772933600238e-06,
                1.069257177732652e-05
            ],
            "ang_vel": [
                -0.0013064338127151132,
                -0.0006325445137917995,
                0.0005114584346301854
            ]
        },
        "non_kin": {
            "Temperature": {
                "temperature": 23.0
            },
            "MaxTemperature": {
                "max_temperature": 23.0
            }
        }
    },
    "bacon.n.01_6": {
        "is_asleep": false,
        "root_link": {
            "pos": [
                7.959874153137207,
                -1.863341212272644,
                0.8896658420562744
            ],
            "ori": [
                0.004607398994266987,
                -0.008714188821613789,
                0.9473209381103516,
                -0.3201347887516022
            ],
            "lin_vel": [
                -4.3986270611640066e-05,
                -6.915323410794372e-06,
                -3.261379606556147e-05
            ],
            "ang_vel": [
                0.0011827006237581372,
                -0.0022606668062508106,
                7.150454621296376e-06
            ]
        },
        "non_kin": {
            "Temperature": {
                "temperature": 23.0
            },
            "MaxTemperature": {
                "max_temperature": 23.0
            }
        }
    },
    "tray.n.01_1": {
        "is_asleep": false,
        "root_link": {
            "pos": [
                7.828627586364746,
                -1.8956677913665771,
                0.8904641270637512
            ],
            "ori": [
                0.01563224010169506,
                0.014868263155221939,
                -0.6986892223358154,
                0.7151002287864685
            ],
            "lin_vel": [
                -1.6358333596144803e-05,
                8.139386409311555e-08,
                -6.256124470382929e-05
            ],
            "ang_vel": [
                0.0005893821944482625,
                -0.00014319192268885672,
                -5.0964397814823315e-05
            ]
        },
        "non_kin": {
            "Temperature": {
                "temperature": -1.5287609100341797
            }
        }
    },
    "electric_refrigerator.n.01_1": {
        "is_asleep": false,
        "root_link": {
            "pos": [
                7.81859016418457,
                -1.9658963680267334,
                0.9844350218772888
            ],
            "ori": [
                0.000665019266307354,
                0.00777073111385107,
                0.6905918121337891,
                0.7232030630111694
            ],
            "lin_vel": [
                0.0,
                0.0,
                0.0
            ],
            "ang_vel": [
                0.0,
                0.0,
                0.0
            ]
        },
        "joint_pos": [
            -2.3101835785608023e-21
        ],
        "joint_vel": [
            -1.7557734066463432e-20
        ],
        "non_kin": {
            "Temperature": {
                "temperature": 23.0
            }
        }
    },
    "stove.n.01_1": {
        "is_asleep": true,
        "root_link": {
            "pos": [
                4.168538570404053,
                -0.5106415152549744,
                0.8938387632369995
            ],
            "ori": [
                -2.4188686893467093e-06,
                -3.046817909080346e-09,
                0.0012448816560208797,
                1.000000238418579
            ],
            "lin_vel": [
                0.0,
                0.0,
                0.0
            ],
            "ang_vel": [
                0.0,
                0.0,
                0.0
            ]
        },