{
    "agent.n.01_1": {
        "is_asleep": false,
        "root_link": {
            "pos": [
                -50.0,
                -50.0,
                -50.0
            ],
            "ori": [
                0.0,
                0.0,
                0.0,
                1.0
            ],
            "lin_vel": [
                0.0,
                0.0,
                0.0
            ],
            "ang_vel": [
                0.0,
                0.0,
                0.0
            ]
        },
        "joint_pos": [
            56.11019515991211,
            48.948604583740234,
            50.003780364990234,
            -0.007273093797266483,
            0.007019969634711742,
            1.891717553138733,
            -0.0001299596333410591,
            -0.00048011427861638367,
            0.00020743599452544004,
            4.561121841106797e-06,
            0.00035141370608471334,
            -0.00030849562608636916,
            1.906591773033142,
            1.9066158533096313,
            -0.9919795989990234,
            -0.9919715523719788,
            1.5709885358810425,
            1.5710047483444214,
            0.9146143198013306,
            0.9146432876586914,
            -1.5709935426712036,
            -1.5710046291351318,
            0.049999915063381195,
            0.04999988153576851,
            0.04999981448054314,
            0.049999985843896866
        ],
        "joint_vel": [
            -6.0561920690815896e-05,
            0.00012565389624796808,
            -0.0007081191288307309,
            4.195073415758088e-05,
            -1.744049950502813e-05,
            0.00018080443260259926,
            0.00035479574580676854,
            0.00030163151677697897,
            0.00018733977049123496,
            0.000155644491314888,
            0.00010290527279721573,
            0.000322812789818272,
            -0.000381584744900465,
            0.0005538095138035715,
            -0.0002036199439316988,
            0.00024847607710398734,
            0.00012354787031654269,
            0.00045337065239436924,
            -0.0004638854006770998,
            0.00046839407877996564,
            -0.00017390433640684932,
            -0.00037363296723924577,
            4.325263944338076e-05,
            1.4131875104794744e-05,
            3.7193176467553712e-06,
            2.289601252414286e-05
        ],
        "controllers": {
            "base": {
                "goal_is_valid": true,
                "goal": {
                    "target": [
                        0.0,
                        0.0,
                        0.0
                    ]
                }
            },
            "trunk": {
                "goal_is_valid": true,
                "goal": {
                    "target": [
                        -0.00013043855142313987,
                        -0.00048123663873411715,
                        0.00020799004414584488,
                        3.995483893959317e-06
                    ]
                }
            },
            "arm_left": {
                "goal_is_valid": true,
                "goal": {
                    "target_pos": [
                        0.5446205139160156,
                        0.39685535430908203,
                        1.446792483329773
                    ],
                    "target_ori_mat": [
                        [
                            -0.00678563117980957,
                            4.6772416681051254e-05,
                            0.9999769330024719
                        ],
                        [
                            0.003117180662229657,
                            -0.9999949932098389,
                            6.79258955642581e-05
                        ],
                        [
                            0.9999720454216003,
                            0.003117569722235203,
                            0.00678563117980957
                        ]
                    ]
                },
                "control_filter": {
                    "past_samples": [
                        [
                            0.0003512724069878459,
                            1.9065909385681152,
                            -0.9919788837432861,
                            1.5709892511367798,
                            0.9146140217781067,
                            -1.5709939002990723
                        ],
                        [
                            0.00035154831130057573,
                            1.9065930843353271,
                            -0.9919801354408264,
                            1.5709892511367798,
                            0.9146150946617126,
                            -1.5709939002990723
                        ]
                    ],
                    "current_idx": 1,
                    "fully_filled": true
                }
            },
            "gripper_left": {
                "goal_is_valid": true,
                "goal": {
                    "target": [
                        1.0
                    ]
                },
                "vel_filter": {
                    "past_samples": [
                        [
                            3.0398367016459815e-05,
                            2.235173951703473e-06
                        ],
                        [
                            -3.755092257051729e-05,
                            -1.788139229574881e-06
                        ],
                        [
                            3.6209818063071e-05,
                            7.152556918299524e-06
                        ],
                        [
                            -3.3527612686157227e-05,
                            -8.046627044677734e-06
                        ],
                        [
                            -2.9951332180644386e-05,
                            -3.1292436233343324e-06
                        ]
                    ],
                    "current_idx": 4,
                    "fully_filled": true
                }
            },
            "arm_right": {
                "goal_is_valid": true,
                "goal": {
                    "target_pos": [
                        0.5446252822875977,
                        -0.3968343734741211,
                        1.4440053701400757
                    ],
                    "target_ori_mat": [
                        [
                            0.0058182477951049805,
                            -2.6007182896137238e-06,
                            0.9999831914901733
                        ],
                        [
                            -0.004663573112338781,
                            -0.9999892711639404,
                            2.4534063413739204e-05
                        ],
                        [
                            0.9999723434448242,
                            -0.0046636369079351425,
                            -0.005818367004394531
                        ]
                    ]
                },
                "control_filter": {
                    "past_samples": [
                        [
                            -0.00030793898622505367,
                            1.906615972518921,
                            -0.9919700622558594,
                            1.5710043907165527,
                            0.9146443009376526,
                            -1.5710046291351318
                        ],
                        [
                            -0.0003087292134296149,
                            1.9066157341003418,
                            -0.9919710159301758,
                            1.5710039138793945,
                            0.9146429896354675,
                            -1.5710042715072632
                        ]
                    ],
                    "current_idx": 1,
                    "fully_filled": true
                }
            },