{
    "agent.n.01_1": {
        "is_asleep": false,
        "root_link": {
            "pos": [
                -50.0,
                -50.0,
                -50.0
            ],
            "ori": [
                0.0,
                0.0,
                0.0,
                1.0
            ],
            "lin_vel": [
                0.0,
                0.0,
                0.0
            ],
            "ang_vel": [
                0.0,
                0.0,
                0.0
            ]
        },
        "joint_pos": [
            55.16845703125,
            51.492218017578125,
            50.003780364990234,
            0.009577220305800438,
            0.0032329754903912544,
            -0.15666815638542175,
            -7.280738645931706e-05,
            -0.0002629467926453799,
            0.00011118575639557093,
            3.9135784390964545e-06,
            -5.048881575930864e-06,
            3.3410105970688164e-05,
            1.9060055017471313,
            1.9060052633285522,
            -0.9910071492195129,
            -0.9910083413124084,
            1.5710004568099976,
            1.5710015296936035,
            0.9149981141090393,
            0.914998471736908,
            -1.5709986686706543,
            -1.571000337600708,
            0.04999992251396179,
            0.04999995976686478,
            0.04999988526105881,
            0.049999941140413284
        ],
        "joint_vel": [
            7.931430445751175e-05,
            0.0003852377412840724,
            -0.0010539931245148182,
            0.0003982455236837268,
            0.00018451520008966327,
            -6.0615711845457554e-05,
            -0.0005004755221307278,
            -0.00045678531751036644,
            0.0003456641861703247,
            0.001016985159367323,
            0.0012551748659461737,
            0.0006833955994807184,
            -0.0023221438750624657,
            0.0026974633801728487,
            -0.0010796594433486462,
            0.00011680735042318702,
            0.0017348697874695063,
            0.0014646778581663966,
            -0.0020141650456935167,
            0.0014857135247439146,
            -0.0015331505564972758,
            -0.0013819445157423615,
            3.0580406018998474e-05,
            -2.152220304196817e-07,
            -1.3443877833196893e-07,
            2.3305981812882237e-05
        ],
        "controllers": {
            "base": {
                "goal_is_valid": true,
                "goal": {
                    "target": [
                        0.0,
                        0.0,
                        0.0
                    ]
                }
            },
            "trunk": {
                "goal_is_valid": true,
                "goal": {
                    "target": [
                        -7.035111775621772e-05,
                        -0.0002605675836093724,
                        0.0001116467101383023,
                        3.32023387272784e-06
                    ]
                }
            },
            "arm_left": {
                "goal_is_valid": true,
                "goal": {
                    "target_pos": [
                        0.544621467590332,
                        0.3968484401702881,
                        1.4467843770980835
                    ],
                    "target_ori_mat": [
                        [
                            -0.006778120994567871,
                            4.676089156419039e-05,
                            0.9999769330024719
                        ],
                        [
                            0.003117568325251341,
                            -0.9999948740005493,
                            6.789388135075569e-05
                        ],
                        [
                            0.9999720454216003,
                            0.0031179566867649555,
                            0.006778240203857422
                        ]
                    ]
                },
                "control_filter": {
                    "past_samples": [
                        [
                            -4.336578967922833e-06,
                            1.906008005142212,
                            -0.9910114407539368,
                            1.5710006952285767,
                            0.9149972796440125,
                            -1.570999026298523
                        ],
                        [
                            -2.191494331782451e-06,
                            1.9060107469558716,
                            -0.9910174608230591,
                            1.5710010528564453,
                            0.9149944186210632,
                            -1.5709993839263916
                        ]
                    ],
                    "current_idx": 0,
                    "fully_filled": true
                }
            },
            "gripper_left": {
                "goal_is_valid": true,
                "goal": {
                    "target": [
                        1.0
                    ]
                },
                "vel_filter": {
                    "past_samples": [
                        [
                            1.788139229574881e-06,
                            3.1292436233343324e-06
                        ],
                        [
                            -5.811452410853235e-06,
                            -4.4703480739372026e-07
                        ],
                        [
                            3.576278459149762e-06,
                            -4.4703480739372026e-07
                        ],
                        [
                            -4.4703480739372026e-07,
                            8.940696147874405e-07
                        ],
                        [
                            4.4703480739372026e-07,
                            -4.4703480739372026e-07
                        ]
                    ],
                    "current_idx": 0,
                    "fully_filled": true
                }
            },
            "arm_right": {
                "goal_is_valid": true,
                "goal": {
                    "target_pos": [
                        0.5446252822875977,
                        -0.39683735370635986,
                        1.4439866542816162
                    ],
                    "target_ori_mat": [
                        [
                            0.005850315093994141,
                            -3.928784281015396e-06,
                            0.9999827742576599
                        ],
                        [
                            -0.0046635777689516544,
                            -0.9999887943267822,
                            2.3354776203632355e-05
                        ],
                        [
                            0.9999719262123108,
                            -0.004663634579628706,
                            -0.005849957466125488
                        ]
                    ]
                },
                "control_filter": {
                    "past_samples": [
                        [
                            3.272509638918564e-05,
                            1.906007170677185,
                            -0.9910107851028442,
                            1.5710006952285767,
                            0.9149970412254333,
                            -1.5710002183914185
                        ],
                        [
                            3.108329474343918e-05,
                            1.906010389328003,
                            -0.9910159707069397,
                            1.5710012912750244,
                            0.9149950742721558,
                            -1.5710010528564453
                        ]
                    ],
                    "current_idx": 0,
                    "fully_filled": true
                }
            },