{
    "agent.n.01_1": {
        "is_asleep": false,
        "root_link": {
            "pos": [
                -50.0,
                -50.0,
                -50.0
            ],
            "ori": [
                0.0,
                0.0,
                0.0,
                1.0
            ],
            "lin_vel": [
                0.0,
                0.0,
                0.0
            ],
            "ang_vel": [
                0.0,
                0.0,
                0.0
            ]
        },
        "joint_pos": [
            55.35896682739258,
            49.2618293762207,
            50.003780364990234,
            -0.006288101896643639,
            -0.007914738729596138,
            -2.724436044692993,
            -7.008547254372388e-05,
            -0.00026131526101380587,
            0.00011210564116481692,
            4.01814395445399e-06,
            5.9211361076449975e-06,
            2.1004085283493623e-05,
            1.9060299396514893,
            1.9060263633728027,
            -0.9910443425178528,
            -0.9910419583320618,
            1.5709993839263916,
            1.5709997415542603,
            0.9149858355522156,
            0.9149864912033081,
            -1.5709978342056274,
            -1.5709991455078125,
            0.0499999038875103,
            0.049999985843896866,
            0.04999987408518791,
            0.04999992996454239
        ],
        "joint_vel": [
            0.0009742110269144177,
            -1.1102893040515482e-05,
            -0.0007708761841058731,
            -0.0004659751430153847,
            0.000689437729306519,
            -0.0002930428890977055,
            0.0027092222589999437,
            -0.0003700614324770868,
            -2.6123118004761636e-05,
            0.0007642703712917864,
            0.0008548635523766279,
            0.0003965572686865926,
            -0.001437886618077755,
            0.001355927437543869,
            -0.00030156492721289396,
            0.00042345013935118914,
            0.0016582433599978685,
            0.0006208668928593397,
            -0.0011908732121810317,
            0.0012216637842357159,
            -0.0013691452331840992,
            -0.0007157759391702712,
            1.9843613699777052e-05,
            8.031995093915612e-06,
            -7.405647920677438e-06,
            -9.077120921574533e-07
        ],
        "controllers": {
            "base": {
                "goal_is_valid": true,
                "goal": {
                    "target": [
                        0.0,
                        0.0,
                        0.0
                    ]
                }
            },
            "trunk": {
                "goal_is_valid": true,
                "goal": {
                    "target": [
                        -7.039381307549775e-05,
                        -0.0002606570196803659,
                        0.00011165509204147384,
                        3.3116491522378055e-06
                    ]
                }
            },
            "arm_left": {
                "goal_is_valid": true,
                "goal": {
                    "target_pos": [
                        0.544621467590332,
                        0.3968484401702881,
                        1.4467846155166626
                    ],
                    "target_ori_mat": [
                        [
                            -0.006778120994567871,
                            4.6849483624100685e-05,
                            0.9999771118164062
                        ],
                        [
                            0.0031173108145594597,
                            -0.999995231628418,
                            6.798014510422945e-05
                        ],
                        [
                            0.9999722242355347,
                            0.003117700107395649,
                            0.0067778825759887695
                        ]
                    ]
                },
                "control_filter": {
                    "past_samples": [
                        [
                            7.929778803372756e-06,
                            1.9060331583023071,
                            -0.9910517334938049,
                            1.5709997415542603,
                            0.9149826169013977,
                            -1.5709983110427856
                        ],
                        [
                            3.953120540245436e-06,
                            1.9060264825820923,
                            -0.9910377264022827,
                            1.5710004568099976,
                            0.914990246295929,
                            -1.5709987878799438
                        ]
                    ],
                    "current_idx": 0,
                    "fully_filled": true
                }
            },
            "gripper_left": {
                "goal_is_valid": true,
                "goal": {
                    "target": [
                        1.0
                    ]
                },
                "vel_filter": {
                    "past_samples": [
                        [
                            4.917382739222376e-06,
                            -7.152556918299524e-06
                        ],
                        [
                            -8.940696147874405e-07,
                            -5.364417575037805e-06
                        ],
                        [
                            -4.023313522338867e-06,
                            8.940695806813892e-06
                        ],
                        [
                            1.3411043937594513e-06,
                            -4.917382739222376e-06
                        ],
                        [
                            -3.576278459149762e-06,
                            3.1292436233343324e-06
                        ]
                    ],
                    "current_idx": 0,
                    "fully_filled": true
                }
            },
            "arm_right": {
                "goal_is_valid": true,
                "goal": {
                    "target_pos": [
                        0.544623851776123,
                        -0.3968372344970703,
                        1.443986415863037
                    ],
                    "target_ori_mat": [
                        [
                            0.0058501362800598145,
                            -4.141824319958687e-06,
                            0.9999828338623047
                        ],
                        [
                            -0.004663839004933834,
                            -0.9999890327453613,
                            2.3142900317907333e-05
                        ],
                        [
                            0.9999719858169556,
                            -0.004663894418627024,
                            -0.005849957466125488
                        ]
                    ]
                },
                "control_filter": {
                    "past_samples": [
                        [
                            1.913218693516683e-05,
                            1.906031847000122,
                            -0.9910478591918945,
                            1.571000099182129,
                            0.9149844646453857,
                            -1.571000099182129
                        ],
                        [
                            2.2732343495590612e-05,
                            1.9060227870941162,
                            -0.9910348653793335,
                            1.5709987878799438,
                            0.9149883389472961,
                            -1.570999026298523
                        ]
                    ],
                    "current_idx": 0,
                    "fully_filled": true
                }
            },
            "gripper_right": {
                "goal_is_valid": true,