{
    "plate.n.04_1": {
        "is_asleep": true,
        "root_link": {
            "pos": [
                8.229812622070312,
                -0.0534336194396019,
                1.0650920867919922
            ],
            "ori": [
                -1.486914698034525e-05,
                2.857597792171873e-05,
                0.860506534576416,
                0.5094396471977234
            ],
            "lin_vel": [
                0.0,
                0.0,
                0.0
            ],
            "ang_vel": [
                0.0,
                0.0,
                0.0
            ]
        },
        "non_kin": {
            "Temperature": {
                "temperature": 23.0
            }
        }
    },
    "plate.n.04_2": {
        "is_asleep": true,
        "root_link": {
            "pos": [
                6.042041778564453,
                0.37101760506629944,
                1.0610765218734741
            ],
            "ori": [
                0.001805187202990055,
                0.0012664295500144362,
                -0.17586880922317505,
                0.984411358833313
            ],
            "lin_vel": [
                0.0,
                0.0,
                0.0
            ],
            "ang_vel": [
                0.0,
                0.0,
                0.0
            ]
        },
        "non_kin": {
            "Temperature": {
                "temperature": 23.0
            }
        }
    },
    "plate.n.04_3": {
        "is_asleep": true,
        "root_link": {
            "pos": [
                5.914626598358154,
                -0.10632740706205368,
                1.0618364810943604
            ],
            "ori": [
                0.006031549535691738,
                0.0032398072071373463,
                0.9822461009025574,
                0.18747282028198242
            ],
            "lin_vel": [
                0.0,
                0.0,
                0.0
            ],
            "ang_vel": [
                0.0,
                0.0,
                0.0
            ]
        },
        "non_kin": {
            "Temperature": {
                "temperature": 23.0
            }
        }
    },
    "plate.n.04_4": {
        "is_asleep": true,
        "root_link": {
            "pos": [
                7.60575008392334,
                -0.09927646815776825,
                1.0611015558242798
            ],
            "ori": [
                0.002006765455007553,
                0.0009154843864962459,
                -0.3499599099159241,
                0.9367622137069702
            ],
            "lin_vel": [
                0.0,
                0.0,
                0.0
            ],
            "ang_vel": [
                0.0,
                0.0,
                0.0
            ]
        },
        "non_kin": {
            "Temperature": {
                "temperature": 23.0
            }
        }
    },
    "plate.n.04_5": {
        "is_asleep": true,
        "root_link": {
            "pos": [
                6.470220565795898,
                -1.7917790412902832,
                0.9020707607269287
            ],
            "ori": [
                -1.9867438822984695e-06,
                1.0342100722482428e-06,
                -0.5922272801399231,
                0.8057715892791748
            ],
            "lin_vel": [
                0.0,
                0.0,
                0.0
            ],
            "ang_vel": [
                0.0,
                0.0,
                0.0
            ]
        },
        "non_kin": {
            "Temperature": {
                "temperature": 23.0
            }
        }
    },
    "plate.n.04_6": {
        "is_asleep": true,
        "root_link": {
            "pos": [
                4.950930118560791,
                -1.7637276649475098,
                0.9031937122344971
            ],
            "ori": [
                -0.00014080310938879848,
                8.486409205943346e-05,
                0.521751344203949,
                0.8530981540679932
            ],
            "lin_vel": [
                0.0,
                0.0,
                0.0
            ],
            "ang_vel": [
                0.0,
                0.0,
                0.0
            ]
        },
        "non_kin": {
            "Temperature": {
                "temperature": 23.0
            }
        }
    },
    "plate.n.04_7": {
        "is_asleep": true,
        "root_link": {
            "pos": [
                4.686306476593018,
                -1.776957392692566,
                0.8995710015296936
            ],
            "ori": [
                6.180940545164049e-06,
                -5.13631384819746e-05,
                0.05777889862656593,
                0.9983296394348145
            ],
            "lin_vel": [
                0.0,
                0.0,
                0.0
            ],
            "ang_vel": [
                0.0,
                0.0,
                0.0
            ]
        },
        "non_kin": {
            "Temperature": {
                "temperature": 23.0
            }
        }
    },
    "plate.n.04_8": {
        "is_asleep": true,
        "root_link": {
            "pos": [
                7.126710414886475,
                -1.7531861066818237,
                0.9031974077224731
            ],
            "ori": [
                -0.00014895200729370117,
                -6.369745824486017e-05,
                0.9981842041015625,
                0.060242295265197754
            ],
            "lin_vel": [
                0.0,
                0.0,
                0.0
            ],
            "ang_vel": [
                0.0,
                0.0,
                0.0
            ]
        },
        "non_kin": {
            "Temperature": {
                "temperature": 23.0
            }
        }
    },
    "countertop.n.01_1": {
        "is_asleep": false,
        "root_link": {
            "pos": [
                7.287360668182373,
                0.21228905022144318,
                0.660920262336731
            ],
            "ori": [
                2.301114676583893e-07,
                -2.3069738119829708e-07,
                0.7080053091049194,
                -0.7062070965766907
            ]
        },
        "non_kin": {}
    },
    "countertop.n.01_2": {
        "is_asleep": false,
        "root_link": {
            "pos": [
                6.0294647216796875,
                -1.9837117195129395,
                0.8694865107536316
            ],
            "ori": [
                7.628954412641775e-11,
                6.869142060716982e-11,
                0.6691306829452515,
                0.7431447505950928
            ]
        },
        "non_kin": {}
    },
    "cabinet.n.01_1": {
        "is_asleep": true,
        "root_link": {
            "pos": [
                4.088554382324219,
                -0.20293547213077545,
                0.41877293586730957
            ],
            "ori": [
                0.0,
                0.0,
                0.0,
                1.0
            ],
            "lin_vel": [
                0.0,
                0.0,
                0.0
            ],
            "ang_vel": [
                0.0,
                0.0,
                0.0
            ]
        },
        "joint_pos": [
            -2.9608460187747696e-17,
            -2.8085639365918362e-21,
            2.4031052755363325e-12,
            4.344764565483716e-12
        ],
        "joint_vel": [
            -3.552753065832548e-15,
            -4.0844517824294865e-20,
            -1.7693907345629127e-15,
            5.868550485497171e-29
        ],
        "non_kin": {
            "Temperature": {
                "temperature": 23.0
            }
        }
    },
    "cabinet.n.01_2": {
        "is_asleep": true,
        "root_link": {
            "pos": [
                8.73906135559082,
                -1.9643160104751587,
                1.1173826456069946
            ],