{
    "plate.n.04_1": {
        "is_asleep": true,
        "root_link": {
            "pos": [
                6.751155853271484,
                0.6173887848854065,
                1.065053939819336
            ],
            "ori": [
                -2.9124959837645292e-05,
                -1.3785371265839785e-05,
                -0.4735566973686218,
                0.880763590335846
            ],
            "lin_vel": [
                0.0,
                0.0,
                0.0
            ],
            "ang_vel": [
                0.0,
                0.0,
                0.0
            ]
        },
        "non_kin": {
            "Temperature": {
                "temperature": 23.0
            }
        }
    },
    "plate.n.04_2": {
        "is_asleep": true,
        "root_link": {
            "pos": [
                7.402083396911621,
                0.09909291565418243,
                1.0610893964767456
            ],
            "ori": [
                0.002186994766816497,
                -0.00036584498593583703,
                -0.8046240210533142,
                0.5937806367874146
            ],
            "lin_vel": [
                0.0,
                0.0,
                0.0
            ],
            "ang_vel": [
                0.0,
                0.0,
                0.0
            ]
        },
        "non_kin": {
            "Temperature": {
                "temperature": 23.0
            }
        }
    },
    "plate.n.04_3": {
        "is_asleep": true,
        "root_link": {
            "pos": [
                8.030614852905273,
                -0.18853622674942017,
                1.0611058473587036
            ],
            "ori": [
                0.0007074612658470869,
                0.0021250308491289616,
                0.43790948390960693,
                0.8990163803100586
            ],
            "lin_vel": [
                0.0,
                0.0,
                0.0
            ],
            "ang_vel": [
                0.0,
                0.0,
                0.0
            ]
        },
        "non_kin": {
            "Temperature": {
                "temperature": 23.0
            }
        }
    },
    "plate.n.04_4": {
        "is_asleep": true,
        "root_link": {
            "pos": [
                6.436643123626709,
                -0.1472269892692566,
                1.0611087083816528
            ],
            "ori": [
                -0.0006117904558777809,
                0.0021855412051081657,
                0.8709138035774231,
                0.4914306402206421
            ],
            "lin_vel": [
                0.0,
                0.0,
                0.0
            ],
            "ang_vel": [
                0.0,
                0.0,
                0.0
            ]
        },
        "non_kin": {
            "Temperature": {
                "temperature": 23.0
            }
        }
    },
    "plate.n.04_5": {
        "is_asleep": true,
        "root_link": {
            "pos": [
                7.1328911781311035,
                -1.7351701259613037,
                0.9020679593086243
            ],
            "ori": [
                2.2539752535521984e-06,
                -1.249291017302312e-07,
                0.8708893656730652,
                -0.4914793372154236
            ],
            "lin_vel": [
                0.0,
                0.0,
                0.0
            ],
            "ang_vel": [
                0.0,
                0.0,
                0.0
            ]
        },
        "non_kin": {
            "Temperature": {
                "temperature": 23.0
            }
        }
    },
    "plate.n.04_6": {
        "is_asleep": true,
        "root_link": {
            "pos": [
                4.82180643081665,
                -1.887882947921753,
                0.9031928777694702
            ],
            "ori": [
                4.214933142066002e-05,
                0.00016740290448069572,
                -0.618216872215271,
                0.7860080003738403
            ],
            "lin_vel": [
                0.0,
                0.0,
                0.0
            ],
            "ang_vel": [
                0.0,
                0.0,
                0.0
            ]
        },
        "non_kin": {
            "Temperature": {
                "temperature": 23.0
            }
        }
    },
    "plate.n.04_7": {
        "is_asleep": true,
        "root_link": {
            "pos": [
                6.744380474090576,
                -1.8507063388824463,
                0.8995731472969055
            ],
            "ori": [
                2.059037797152996e-06,
                8.81482264958322e-07,
                0.9986940622329712,
                -0.0510939359664917
            ],
            "lin_vel": [
                0.0,
                0.0,
                0.0
            ],
            "ang_vel": [
                0.0,
                0.0,
                0.0
            ]
        },
        "non_kin": {
            "Temperature": {
                "temperature": 23.0
            }
        }
    },
    "plate.n.04_8": {
        "is_asleep": true,
        "root_link": {
            "pos": [
                6.483519554138184,
                -1.7759586572647095,
                0.9031998515129089
            ],
            "ori": [
                3.936421126127243e-05,
                0.0001727829221636057,
                -0.6116105914115906,
                0.7911592721939087
            ],
            "lin_vel": [
                0.0,
                0.0,
                0.0
            ],
            "ang_vel": [
                0.0,
                0.0,
                0.0
            ]
        },
        "non_kin": {
            "Temperature": {
                "temperature": 23.0
            }
        }
    },
    "countertop.n.01_1": {
        "is_asleep": false,
        "root_link": {
            "pos": [
                7.287360668182373,
                0.21228903532028198,
                0.660920262336731
            ],
            "ori": [
                2.301114676583893e-07,
                -2.3069738119829708e-07,
                0.7080053091049194,
                -0.7062070965766907
            ]
        },
        "non_kin": {}
    },
    "countertop.n.01_2": {
        "is_asleep": false,
        "root_link": {
            "pos": [
                6.0294647216796875,
                -1.9837117195129395,
                0.8694865107536316
            ],
            "ori": [
                7.628954412641775e-11,
                6.869142060716982e-11,
                0.6691306829452515,
                0.7431447505950928
            ]
        },
        "non_kin": {}
    },
    "cabinet.n.01_1": {
        "is_asleep": true,
        "root_link": {
            "pos": [
                4.088554382324219,
                -0.20293547213077545,
                0.41877293586730957
            ],
            "ori": [
                0.0,
                0.0,
                0.0,
                1.0
            ],
            "lin_vel": [
                0.0,
                0.0,
                0.0
            ],
            "ang_vel": [
                0.0,
                0.0,
                0.0
            ]
        },
        "joint_pos": [
            -2.9608460187747696e-17,
            -2.8085639365918362e-21,
            2.4031052755363325e-12,
            4.344764565483716e-12
        ],
        "joint_vel": [
            -3.552753065832548e-15,
            -4.0844517824294865e-20,
            -1.7693907345629127e-15,
            5.868550485497171e-29
        ],
        "non_kin": {
            "Temperature": {
                "temperature": 23.0
            }
        }
    },
    "cabinet.n.01_2": {
        "is_asleep": true,
        "root_link": {
            "pos": [
                8.73906135559082,
                -1.9643160104751587,
                1.1173827648162842
            ],