{
    "agent.n.01_1": {
        "is_asleep": false,
        "root_link": {
            "pos": [
                -50.0,
                -50.0,
                -50.0
            ],
            "ori": [
                0.0,
                0.0,
                0.0,
                1.0
            ],
            "lin_vel": [
                0.0,
                0.0,
                0.0
            ],
            "ang_vel": [
                0.0,
                0.0,
                0.0
            ]
        },
        "joint_pos": [
            58.514286041259766,
            49.25570297241211,
            50.003780364990234,
            0.0034628540743142366,
            -0.009496742859482765,
            -1.7033452987670898,
            -6.91688182996586e-05,
            -0.0002571794902905822,
            0.0001103506438084878,
            2.9128414098522626e-06,
            -9.843432053457946e-06,
            3.753392229555175e-05,
            1.9060006141662598,
            1.9059953689575195,
            -0.9909929037094116,
            -0.9909927248954773,
            1.5710009336471558,
            1.5709999799728394,
            0.9150074124336243,
            0.9150038361549377,
            -1.5709997415542603,
            -1.5709999799728394,
            0.04999997466802597,
            0.04999987781047821,
            0.04999976605176926,
            0.04999963939189911
        ],
        "joint_vel": [
            -0.0008473703055642545,
            -5.576915282290429e-05,
            -0.0007521429797634482,
            -0.00045064883306622505,
            0.0004246078315190971,
            -0.0008161885198205709,
            0.0008948371978476644,
            -0.0007226708112284541,
            -0.0004091536975465715,
            -0.0004833496641367674,
            -0.0016217137454077601,
            0.0009174556471407413,
            -0.001279328134842217,
            0.00016713750665076077,
            0.001321261515840888,
            0.0007891692221164703,
            -0.002991357119753957,
            0.0011783925583586097,
            0.00010292343358742073,
            0.000236060717725195,
            0.002066906075924635,
            -0.0004974298062734306,
            6.130881229182705e-05,
            2.332723124709446e-05,
            1.372207043459639e-05,
            1.0476058378117159e-05
        ],
        "controllers": {
            "base": {
                "goal_is_valid": true,
                "goal": {
                    "target": [
                        0.0,
                        0.0,
                        0.0
                    ]
                }
            },
            "trunk": {
                "goal_is_valid": true,
                "goal": {
                    "target": [
                        -7.034886948531494e-05,
                        -0.00026056249043904245,
                        0.00011164603347424418,
                        3.297733428553329e-06
                    ]
                }
            },
            "arm_left": {
                "goal_is_valid": true,
                "goal": {
                    "target_pos": [
                        0.5446217060089111,
                        0.3968477249145508,
                        1.4467841386795044
                    ],
                    "target_ori_mat": [
                        [
                            -0.00677800178527832,
                            4.6527013182640076e-05,
                            0.9999771118164062
                        ],
                        [
                            0.0031178491190075874,
                            -0.999995231628418,
                            6.766081787645817e-05
                        ],
                        [
                            0.9999722242355347,
                            0.00311823608353734,
                            0.006777703762054443
                        ]
                    ]
                },
                "control_filter": {
                    "past_samples": [
                        [
                            -1.4260769603424706e-05,
                            1.9059948921203613,
                            -0.9909776449203491,
                            1.5710011720657349,
                            0.9150158762931824,
                            -1.5709995031356812
                        ],
                        [
                            -1.021382377075497e-05,
                            1.9059993028640747,
                            -0.9909919500350952,
                            1.5710010528564453,
                            0.9150065183639526,
                            -1.5709995031356812
                        ]
                    ],
                    "current_idx": 1,
                    "fully_filled": true
                }
            },
            "gripper_left": {
                "goal_is_valid": true,
                "goal": {
                    "target": [
                        1.0
                    ]
                },
                "vel_filter": {
                    "past_samples": [
                        [
                            -1.9222496121074073e-05,
                            -3.263354301452637e-05
                        ],
                        [
                            2.592801865830552e-05,
                            2.9057262509013526e-05
                        ],
                        [
                            -3.576278322725557e-05,
                            -2.458691415085923e-05
                        ],
                        [
                            -2.324580964341294e-05,
                            -3.9339061913779005e-05
                        ],
                        [
                            1.65402889251709e-05,
                            4.425644510774873e-05
                        ]
                    ],
                    "current_idx": 3,
                    "fully_filled": true
                }
            },
            "arm_right": {
                "goal_is_valid": true,
                "goal": {
                    "target_pos": [
                        0.5446252226829529,
                        -0.3968362808227539,
                        1.443986415863037
                    ],
                    "target_ori_mat": [
                        [
                            0.005850315093994141,
                            -3.783963620662689e-06,
                            0.9999829530715942
                        ],
                        [
                            -0.004663505125790834,
                            -0.9999892711639404,
                            2.3499829694628716e-05
                        ],
                        [
                            0.9999721050262451,
                            -0.004663562402129173,
                            -0.005850315093994141
                        ]
                    ]
                },
                "control_filter": {
                    "past_samples": [
                        [
                            4.261446883901954e-05,
                            1.9059877395629883,
                            -0.990975558757782,
                            1.5709997415542603,
                            0.9150142073631287,
                            -1.5709993839263916
                        ],
                        [
                            3.797401950578205e-05,
                            1.9059919118881226,
                            -0.9909948706626892,
                            1.570999026298523,
                            0.9149985909461975,
                            -1.5709993839263916
                        ]
                    ],
                    "current_idx": 1,
                    "fully_filled": true
                }
            },
            "gripper_right": {
                "goal_is_valid": true,