{
    "agent.n.01_1": {
        "is_asleep": false,
        "root_link": {
            "pos": [
                -50.0,
                -50.0,
                -50.0
            ],
            "ori": [
                0.0,
                0.0,
                0.0,
                1.0
            ],
            "lin_vel": [
                0.0,
                0.0,
                0.0
            ],
            "ang_vel": [
                0.0,
                0.0,
                0.0
            ]
        },
        "joint_pos": [
            57.31915283203125,
            49.04714584350586,
            50.003780364990234,
            0.005474114790558815,
            -0.008497966453433037,
            -1.4807292222976685,
            -7.023579382803291e-05,
            -0.0002594930992927402,
            0.0001107884309021756,
            4.014227215520805e-06,
            -7.88825946074212e-06,
            3.630085484473966e-05,
            1.9059998989105225,
            1.9060008525848389,
            -0.9909964203834534,
            -0.9909991025924683,
            1.5710006952285767,
            1.571000576019287,
            0.9150028228759766,
            0.9150035977363586,
            -1.5709991455078125,
            -1.571000576019287,
            0.049999892711639404,
            0.04999990016222,
            0.04999971389770508,
            0.04999997466802597
        ],
        "joint_vel": [
            0.0001830710971262306,
            -0.0001112227255362086,
            -0.0007195069920271635,
            -0.000265522045083344,
            -0.00010702743020374328,
            1.4200923033058643e-06,
            0.0006589267868548632,
            2.1373214622144587e-05,
            0.00011984257434960455,
            0.000980876386165619,
            0.0001500714133726433,
            0.0004713031812570989,
            -0.0014808389823883772,
            0.0011836336925625801,
            0.00014067298616282642,
            0.00017287225637119263,
            -0.00042399638914503157,
            0.0005920149851590395,
            -0.0005740149645134807,
            0.0004878212057519704,
            0.00020331832638476044,
            -0.0004029390693176538,
            5.54446414753329e-05,
            6.59403667668812e-06,
            -1.0497842595214024e-08,
            7.210829608084168e-06
        ],
        "controllers": {
            "base": {
                "goal_is_valid": true,
                "goal": {
                    "target": [
                        0.0,
                        0.0,
                        0.0
                    ]
                }
            },
            "trunk": {
                "goal_is_valid": true,
                "goal": {
                    "target": [
                        -7.03450059518218e-05,
                        -0.00026055483613163233,
                        0.00011164585157530382,
                        3.331139396323124e-06
                    ]
                }
            },
            "arm_left": {
                "goal_is_valid": true,
                "goal": {
                    "target_pos": [
                        0.544621467590332,
                        0.3968477249145508,
                        1.4467843770980835
                    ],
                    "target_ori_mat": [
                        [
                            -0.006778359413146973,
                            4.655844531953335e-05,
                            0.9999771118164062
                        ],
                        [
                            0.003117722226306796,
                            -0.999995231628418,
                            6.76924828439951e-05
                        ],
                        [
                            0.9999722242355347,
                            0.0031181094236671925,
                            0.006778061389923096
                        ]
                    ]
                },
                "control_filter": {
                    "past_samples": [
                        [
                            -7.411483693431364e-06,
                            1.9060002565383911,
                            -0.9909966588020325,
                            1.5710012912750244,
                            0.9150046706199646,
                            -1.5709997415542603
                        ],
                        [
                            -7.840821126592346e-06,
                            1.9059998989105225,
                            -0.9909980893135071,
                            1.5710012912750244,
                            0.9150022268295288,
                            -1.5709996223449707
                        ]
                    ],
                    "current_idx": 0,
                    "fully_filled": true
                }
            },
            "gripper_left": {
                "goal_is_valid": true,
                "goal": {
                    "target": [
                        1.0
                    ]
                },
                "vel_filter": {
                    "past_samples": [
                        [
                            -3.4421682357788086e-05,
                            4.4703480739372026e-07
                        ],
                        [
                            3.0398367016459815e-05,
                            -1.3411043937594513e-06
                        ],
                        [
                            -2.279877480759751e-05,
                            -3.576278459149762e-06
                        ],
                        [
                            2.7716158001567237e-05,
                            1.3411043937594513e-06
                        ],
                        [
                            -2.9057262509013526e-05,
                            -1.788139229574881e-06
                        ]
                    ],
                    "current_idx": 0,
                    "fully_filled": true
                }
            },
            "arm_right": {
                "goal_is_valid": true,
                "goal": {
                    "target_pos": [
                        0.5446252822875977,
                        -0.3968372344970703,
                        1.4439866542816162
                    ],
                    "target_ori_mat": [
                        [
                            0.005850017070770264,
                            -3.707828000187874e-06,
                            0.9999829530715942
                        ],
                        [
                            -0.0046635400503873825,
                            -0.9999891519546509,
                            2.3574568331241608e-05
                        ],
                        [
                            0.9999721050262451,
                            -0.004663597792387009,
                            -0.005849957466125488
                        ]
                    ]
                },
                "control_filter": {
                    "past_samples": [
                        [
                            3.598920375225134e-05,
                            1.906001091003418,
                            -0.9909985661506653,
                            1.571000099182129,
                            0.9150025844573975,
                            -1.5709998607635498
                        ],
                        [
                            3.655402906588279e-05,
                            1.9060027599334717,
                            -0.9909990429878235,
                            1.5710004568099976,
                            0.9150040745735168,
                            -1.5710004568099976
                        ]
                    ],
                    "current_idx": 0,
                    "fully_filled": true
                }
            },
            "gripper_right": {
                "goal_is_valid": true,