{
    "apple_pie.n.01_1": {
        "is_asleep": true,
        "root_link": {
            "pos": [
                6.395036697387695,
                -1.8331263065338135,
                0.9103019833564758
            ],
            "ori": [
                -0.010689076036214828,
                -0.0067328838631510735,
                0.7636749148368835,
                0.6454775333404541
            ],
            "lin_vel": [
                0.0,
                0.0,
                0.0
            ],
            "ang_vel": [
                0.0,
                0.0,
                0.0
            ]
        },
        "non_kin": {
            "Temperature": {
                "temperature": 2.4330244064331055
            },
            "MaxTemperature": {
                "max_temperature": 23.0
            }
        }
    },
    "apple_pie.n.01_2": {
        "is_asleep": true,
        "root_link": {
            "pos": [
                7.228465557098389,
                -1.8867015838623047,
                0.9102475643157959
            ],
            "ori": [
                -0.009726357646286488,
                0.007029177621006966,
                -0.28299570083618164,
                0.9590461254119873
            ],
            "lin_vel": [
                0.0,
                0.0,
                0.0
            ],
            "ang_vel": [
                0.0,
                0.0,
                0.0
            ]
        },
        "non_kin": {
            "Temperature": {
                "temperature": 2.4330244064331055
            },
            "MaxTemperature": {
                "max_temperature": 23.0
            }
        }
    },
    "plate.n.04_1": {
        "is_asleep": true,
        "root_link": {
            "pos": [
                6.396408557891846,
                -1.8333237171173096,
                0.8909189701080322
            ],
            "ori": [
                -2.2231542970985174e-06,
                2.902124833781272e-07,
                -0.8332023024559021,
                0.5529686808586121
            ],
            "lin_vel": [
                0.0,
                0.0,
                0.0
            ],
            "ang_vel": [
                0.0,
                0.0,
                0.0
            ]
        },
        "non_kin": {
            "Temperature": {
                "temperature": 23.0
            }
        }
    },
    "plate.n.04_2": {
        "is_asleep": true,
        "root_link": {
            "pos": [
                7.228312969207764,
                -1.8864543437957764,
                0.8909156918525696
            ],
            "ori": [
                1.0683797881938517e-06,
                1.9705630620592274e-06,
                0.8165779113769531,
                0.5772354602813721
            ],
            "lin_vel": [
                0.0,
                0.0,
                0.0
            ],
            "ang_vel": [
                0.0,
                0.0,
                0.0
            ]
        },
        "non_kin": {
            "Temperature": {
                "temperature": 23.0
            }
        }
    },
    "countertop.n.01_1": {
        "is_asleep": false,
        "root_link": {
            "pos": [
                6.0294647216796875,
                -1.9837135076522827,
                0.8694865107536316
            ],
            "ori": [
                7.628954412641775e-11,
                6.869142060716982e-11,
                0.6691306829452515,
                0.7431447505950928
            ]
        },
        "non_kin": {}
    },
    "tupperware.n.01_1": {
        "is_asleep": true,
        "root_link": {
            "pos": [
                4.234643936157227,
                1.038618564605713,
                0.5461575388908386
            ],
            "ori": [
                1.1304393410682678e-05,
                -1.4262273907661438e-05,
                -0.683463454246521,
                0.7299851179122925
            ],
            "lin_vel": [
                0.0,
                0.0,
                0.0
            ],
            "ang_vel": [
                0.0,
                0.0,
                0.0
            ]
        },
        "non_kin": {
            "Temperature": {
                "temperature": 23.0
            }
        }
    },
    "tupperware.n.01_2": {
        "is_asleep": true,
        "root_link": {
            "pos": [
                4.032480239868164,
                -0.7571773529052734,
                0.5461646318435669
            ],
            "ori": [
                -1.9883736968040466e-05,
                3.759283572435379e-06,
                0.998649001121521,
                0.051968857645988464
            ],
            "lin_vel": [
                0.0,
                0.0,
                0.0
            ],
            "ang_vel": [
                0.0,
                0.0,
                0.0
            ]
        },
        "non_kin": {
            "Temperature": {
                "temperature": 23.0
            }
        }
    },
    "cabinet.n.01_1": {
        "is_asleep": true,
        "root_link": {
            "pos": [
                4.088554382324219,
                -0.20293547213077545,
                0.41877293586730957
            ],
            "ori": [
                0.0,
                0.0,
                0.0,
                1.0
            ],
            "lin_vel": [
                0.0,
                0.0,
                0.0
            ],
            "ang_vel": [
                0.0,
                0.0,
                0.0
            ]
        },
        "joint_pos": [
            -2.960929398580515e-17,
            -1.867858439520874e-21,
            1.0386027107789353e-11,
            1.1381130413101737e-11
        ],
        "joint_vel": [
            -3.5527471366019175e-15,
            -4.105627606110844e-20,
            -1.7693907345629127e-15,
            5.868550485497171e-29
        ],
        "non_kin": {
            "Temperature": {
                "temperature": 23.0
            }
        }
    },
    "floor.n.01_1": {
        "is_asleep": false,
        "root_link": {
            "pos": [
                6.593125820159912,
                -0.258637011051178,
                -0.13868464529514313
            ],
            "ori": [
                0.0,
                0.0,
                0.0,
                1.0
            ]
        },
        "non_kin": {}
    },
    "electric_refrigerator.n.01_1": {
        "is_asleep": true,
        "root_link": {
            "pos": [
                7.81859016418457,
                -1.9658963680267334,
                0.9844359159469604
            ],
            "ori": [
                0.000665031373500824,
                0.007770738564431667,
                0.6905914545059204,
                0.7232052087783813
            ],
            "lin_vel": [
                0.0,
                0.0,
                0.0
            ],
            "ang_vel": [
                0.0,
                0.0,
                0.0
            ]
        },
        "joint_pos": [
            1.7787042455238988e-12
        ],
        "joint_vel": [
            1.3904947456047023e-17
        ],
        "non_kin": {
            "Temperature": {
                "temperature": 23.0
            }
        }
    },
    "robot_poses": {
        "R1Pro": [
            {
                "position": [
                    8.865554809570312,
                    -0.7827606201171875,
                    0.003780364990234375
                ],
                "orientation": [
                    0.0,
                    0.0,
                    -0.7669779658317566,
                    0.6416734457015991
                ]
            }
        ],
        "Fetch": [
            {
                "position": [
                    5.023736000061035,
                    1.6108921766281128,
                    0.001308530569076538
                ],