{
    "apple_pie.n.01_1": {
        "is_asleep": true,
        "root_link": {
            "pos": [
                6.498954772949219,
                -1.7072582244873047,
                0.9098480939865112
            ],
            "ori": [
                -0.0006849308265373111,
                -0.009535410441458225,
                -0.8078657984733582,
                0.5892889499664307
            ],
            "lin_vel": [
                0.0,
                0.0,
                0.0
            ],
            "ang_vel": [
                0.0,
                0.0,
                0.0
            ]
        },
        "non_kin": {
            "Temperature": {
                "temperature": 1.305955410003662
            },
            "MaxTemperature": {
                "max_temperature": 23.0
            }
        }
    },
    "apple_pie.n.01_2": {
        "is_asleep": true,
        "root_link": {
            "pos": [
                7.23507833480835,
                -1.7782562971115112,
                0.9103667140007019
            ],
            "ori": [
                -0.013107752427458763,
                -0.003968068398535252,
                0.5162010192871094,
                0.8563580513000488
            ],
            "lin_vel": [
                0.0,
                0.0,
                0.0
            ],
            "ang_vel": [
                0.0,
                0.0,
                0.0
            ]
        },
        "non_kin": {
            "Temperature": {
                "temperature": 1.305955410003662
            },
            "MaxTemperature": {
                "max_temperature": 23.0
            }
        }
    },
    "plate.n.04_1": {
        "is_asleep": true,
        "root_link": {
            "pos": [
                6.500218868255615,
                -1.707526445388794,
                0.8909183144569397
            ],
            "ori": [
                2.2319291019812226e-06,
                2.8221256798133254e-07,
                0.9461414217948914,
                -0.32375434041023254
            ],
            "lin_vel": [
                0.0,
                0.0,
                0.0
            ],
            "ang_vel": [
                0.0,
                0.0,
                0.0
            ]
        },
        "non_kin": {
            "Temperature": {
                "temperature": 23.0
            }
        }
    },
    "plate.n.04_2": {
        "is_asleep": true,
        "root_link": {
            "pos": [
                7.235586643218994,
                -1.7782357931137085,
                0.8909154534339905
            ],
            "ori": [
                2.214888809248805e-06,
                3.4471304388716817e-07,
                0.9546383619308472,
                -0.297768235206604
            ],
            "lin_vel": [
                0.0,
                0.0,
                0.0
            ],
            "ang_vel": [
                0.0,
                0.0,
                0.0
            ]
        },
        "non_kin": {
            "Temperature": {
                "temperature": 23.0
            }
        }
    },
    "countertop.n.01_1": {
        "is_asleep": false,
        "root_link": {
            "pos": [
                6.0294647216796875,
                -1.9837135076522827,
                0.8694865107536316
            ],
            "ori": [
                7.628954412641775e-11,
                6.869142060716982e-11,
                0.6691306829452515,
                0.7431447505950928
            ]
        },
        "non_kin": {}
    },
    "tupperware.n.01_1": {
        "is_asleep": true,
        "root_link": {
            "pos": [
                4.127584934234619,
                0.955213189125061,
                0.5461550951004028
            ],
            "ori": [
                2.8188806027173996e-06,
                -9.28458757698536e-06,
                -0.26557859778404236,
                0.9640893936157227
            ],
            "lin_vel": [
                0.0,
                0.0,
                0.0
            ],
            "ang_vel": [
                0.0,
                0.0,
                0.0
            ]
        },
        "non_kin": {
            "Temperature": {
                "temperature": 23.0
            }
        }
    },
    "tupperware.n.01_2": {
        "is_asleep": true,
        "root_link": {
            "pos": [
                4.2913079261779785,
                0.007027757354080677,
                0.5461660623550415
            ],
            "ori": [
                1.225154846906662e-05,
                -1.3861339539289474e-05,
                -0.783185601234436,
                0.6217884421348572
            ],
            "lin_vel": [
                0.0,
                0.0,
                0.0
            ],
            "ang_vel": [
                0.0,
                0.0,
                0.0
            ]
        },
        "non_kin": {
            "Temperature": {
                "temperature": 23.0
            }
        }
    },
    "cabinet.n.01_1": {
        "is_asleep": true,
        "root_link": {
            "pos": [
                4.088554382324219,
                -0.20293547213077545,
                0.41877293586730957
            ],
            "ori": [
                0.0,
                0.0,
                0.0,
                1.0
            ],
            "lin_vel": [
                0.0,
                0.0,
                0.0
            ],
            "ang_vel": [
                0.0,
                0.0,
                0.0
            ]
        },
        "joint_pos": [
            -2.960760984607799e-17,
            -3.523425902370772e-21,
            1.1337011190937218e-11,
            1.3105070847951872e-11
        ],
        "joint_vel": [
            -3.5527471366019175e-15,
            -4.088422249369741e-20,
            -1.7693907345629127e-15,
            5.868550485497171e-29
        ],
        "non_kin": {
            "Temperature": {
                "temperature": 23.0
            }
        }
    },
    "floor.n.01_1": {
        "is_asleep": false,
        "root_link": {
            "pos": [
                6.593125820159912,
                -0.258637011051178,
                -0.13868464529514313
            ],
            "ori": [
                0.0,
                0.0,
                0.0,
                1.0
            ]
        },
        "non_kin": {}
    },
    "electric_refrigerator.n.01_1": {
        "is_asleep": true,
        "root_link": {
            "pos": [
                7.81859016418457,
                -1.9658963680267334,
                0.98443603515625
            ],
            "ori": [
                0.0006650304421782494,
                0.007770737633109093,
                0.6905912756919861,
                0.7232050895690918
            ],
            "lin_vel": [
                0.0,
                0.0,
                0.0
            ],
            "ang_vel": [
                0.0,
                0.0,
                0.0
            ]
        },
        "joint_pos": [
            1.7787042455238988e-12
        ],
        "joint_vel": [
            -3.4762364504214494e-17
        ],
        "non_kin": {
            "Temperature": {
                "temperature": 23.0
            }
        }
    },
    "robot_poses": {
        "R1Pro": [
            {
                "position": [
                    7.376686096191406,
                    -1.0235443115234375,
                    0.003780364990234375
                ],
                "orientation": [
                    0.0,
                    0.0,
                    0.6259810328483582,
                    0.7798382639884949
                ]
            }
        ],
        "Fetch": [
            {
                "position": [
                    5.085366249084473,
                    -0.6445713639259338,
                    0.0013087987899780273
                ],