{
    "apple_pie.n.01_1": {
        "is_asleep": true,
        "root_link": {
            "pos": [
                6.6310248374938965,
                -1.7320241928100586,
                0.9102604389190674
            ],
            "ori": [
                0.009652640670537949,
                -0.002394692040979862,
                0.9705125093460083,
                0.24084614217281342
            ],
            "lin_vel": [
                0.0,
                0.0,
                0.0
            ],
            "ang_vel": [
                0.0,
                0.0,
                0.0
            ]
        },
        "non_kin": {
            "Temperature": {
                "temperature": 2.4330244064331055
            },
            "MaxTemperature": {
                "max_temperature": 23.0
            }
        }
    },
    "apple_pie.n.01_2": {
        "is_asleep": true,
        "root_link": {
            "pos": [
                4.743843078613281,
                -1.7221055030822754,
                0.9103729724884033
            ],
            "ori": [
                0.012603122740983963,
                0.003255450166761875,
                0.3313630223274231,
                0.9434135556221008
            ],
            "lin_vel": [
                0.0,
                0.0,
                0.0
            ],
            "ang_vel": [
                0.0,
                0.0,
                0.0
            ]
        },
        "non_kin": {
            "Temperature": {
                "temperature": 2.4330244064331055
            },
            "MaxTemperature": {
                "max_temperature": 23.0
            }
        }
    },
    "plate.n.04_1": {
        "is_asleep": true,
        "root_link": {
            "pos": [
                6.631598949432373,
                -1.7320610284805298,
                0.8909178376197815
            ],
            "ori": [
                -3.6615165299735963e-07,
                2.214059350080788e-06,
                0.289629191160202,
                0.9571391940116882
            ],
            "lin_vel": [
                0.0,
                0.0,
                0.0
            ],
            "ang_vel": [
                0.0,
                0.0,
                0.0
            ]
        },
        "non_kin": {
            "Temperature": {
                "temperature": 23.0
            }
        }
    },
    "plate.n.04_2": {
        "is_asleep": true,
        "root_link": {
            "pos": [
                4.743901252746582,
                -1.7213325500488281,
                0.8909111022949219
            ],
            "ori": [
                -3.833338269032538e-08,
                -2.5793960958253592e-06,
                0.2206260710954666,
                0.9753587245941162
            ],
            "lin_vel": [
                0.0,
                0.0,
                0.0
            ],
            "ang_vel": [
                0.0,
                0.0,
                0.0
            ]
        },
        "non_kin": {
            "Temperature": {
                "temperature": 23.0
            }
        }
    },
    "countertop.n.01_1": {
        "is_asleep": false,
        "root_link": {
            "pos": [
                6.0294647216796875,
                -1.9837135076522827,
                0.8694865107536316
            ],
            "ori": [
                7.628954412641775e-11,
                6.869142060716982e-11,
                0.6691306829452515,
                0.7431447505950928
            ]
        },
        "non_kin": {}
    },
    "tupperware.n.01_1": {
        "is_asleep": true,
        "root_link": {
            "pos": [
                4.120521545410156,
                1.0042296648025513,
                0.5461545586585999
            ],
            "ori": [
                -1.7290934920310974e-05,
                8.190516382455826e-06,
                0.9151636958122253,
                -0.40308302640914917
            ],
            "lin_vel": [
                0.0,
                0.0,
                0.0
            ],
            "ang_vel": [
                0.0,
                0.0,
                0.0
            ]
        },
        "non_kin": {
            "Temperature": {
                "temperature": 23.0
            }
        }
    },
    "tupperware.n.01_2": {
        "is_asleep": true,
        "root_link": {
            "pos": [
                4.200094223022461,
                0.38523629307746887,
                0.5461610555648804
            ],
            "ori": [
                -1.5252269804477692e-05,
                1.2859003618359566e-05,
                0.8980349898338318,
                -0.4399247169494629
            ],
            "lin_vel": [
                0.0,
                0.0,
                0.0
            ],
            "ang_vel": [
                0.0,
                0.0,
                0.0
            ]
        },
        "non_kin": {
            "Temperature": {
                "temperature": 23.0
            }
        }
    },
    "cabinet.n.01_1": {
        "is_asleep": true,
        "root_link": {
            "pos": [
                4.088554382324219,
                -0.20293547213077545,
                0.41877293586730957
            ],
            "ori": [
                0.0,
                0.0,
                0.0,
                1.0
            ],
            "lin_vel": [
                0.0,
                0.0,
                0.0
            ],
            "ang_vel": [
                0.0,
                0.0,
                0.0
            ]
        },
        "joint_pos": [
            -2.960824512078843e-17,
            -1.98697244772851e-21,
            1.03653535407644e-11,
            1.1343653447126734e-11
        ],
        "joint_vel": [
            -3.5527471366019175e-15,
            -4.105627606110844e-20,
            -1.7693907345629127e-15,
            5.868550485497171e-29
        ],
        "non_kin": {
            "Temperature": {
                "temperature": 23.0
            }
        }
    },
    "floor.n.01_1": {
        "is_asleep": false,
        "root_link": {
            "pos": [
                6.593125820159912,
                -0.258637011051178,
                -0.13868464529514313
            ],
            "ori": [
                0.0,
                0.0,
                0.0,
                1.0
            ]
        },
        "non_kin": {}
    },
    "electric_refrigerator.n.01_1": {
        "is_asleep": true,
        "root_link": {
            "pos": [
                7.81859016418457,
                -1.9658963680267334,
                0.9844357371330261
            ],
            "ori": [
                0.0006650309078395367,
                0.007770736701786518,
                0.6905913352966309,
                0.7232050895690918
            ],
            "lin_vel": [
                0.0,
                0.0,
                0.0
            ],
            "ang_vel": [
                0.0,
                0.0,
                0.0
            ]
        },
        "joint_pos": [
            1.7787042455238988e-12
        ],
        "joint_vel": [
            1.3904947456047023e-17
        ],
        "non_kin": {
            "Temperature": {
                "temperature": 23.0
            }
        }
    },
    "robot_poses": {
        "R1Pro": [
            {
                "position": [
                    8.942596435546875,
                    -0.8227996826171875,
                    0.003780364990234375
                ],
                "orientation": [
                    0.0,
                    0.0,
                    -0.7451959848403931,
                    0.6668455004692078
                ]
            }
        ],
        "Fetch": [
            {
                "position": [
                    8.763751029968262,
                    1.7739216089248657,
                    0.0013088881969451904
                ],