{
    "apple_pie.n.01_1": {
        "is_asleep": true,
        "root_link": {
            "pos": [
                6.363113880157471,
                -1.8710243701934814,
                0.9103531837463379
            ],
            "ori": [
                0.003176807425916195,
                -0.0037559159100055695,
                -0.2435467690229416,
                0.969876766204834
            ],
            "lin_vel": [
                0.0,
                0.0,
                0.0
            ],
            "ang_vel": [
                0.0,
                0.0,
                0.0
            ]
        },
        "non_kin": {
            "Temperature": {
                "temperature": 1.305955410003662
            },
            "MaxTemperature": {
                "max_temperature": 23.0
            }
        }
    },
    "apple_pie.n.01_2": {
        "is_asleep": true,
        "root_link": {
            "pos": [
                4.845248699188232,
                -1.7183562517166138,
                0.9100083112716675
            ],
            "ori": [
                0.0004511360311880708,
                -0.007577907294034958,
                0.22074736654758453,
                0.9753014445304871
            ],
            "lin_vel": [
                0.0,
                0.0,
                0.0
            ],
            "ang_vel": [
                0.0,
                0.0,
                0.0
            ]
        },
        "non_kin": {
            "Temperature": {
                "temperature": 1.305955410003662
            },
            "MaxTemperature": {
                "max_temperature": 23.0
            }
        }
    },
    "plate.n.04_1": {
        "is_asleep": true,
        "root_link": {
            "pos": [
                6.364070415496826,
                -1.8711233139038086,
                0.8915636539459229
            ],
            "ori": [
                0.002816659864038229,
                -0.0027501096483319998,
                0.8972024321556091,
                -0.4416021704673767
            ],
            "lin_vel": [
                0.0,
                0.0,
                0.0
            ],
            "ang_vel": [
                0.0,
                0.0,
                0.0
            ]
        },
        "non_kin": {
            "Temperature": {
                "temperature": 23.0
            }
        }
    },
    "plate.n.04_2": {
        "is_asleep": true,
        "root_link": {
            "pos": [
                4.845757007598877,
                -1.7179869413375854,
                0.8909116387367249
            ],
            "ori": [
                2.3668399080634117e-06,
                -9.902396413963288e-07,
                -0.8230777382850647,
                0.5679288506507874
            ],
            "lin_vel": [
                0.0,
                0.0,
                0.0
            ],
            "ang_vel": [
                0.0,
                0.0,
                0.0
            ]
        },
        "non_kin": {
            "Temperature": {
                "temperature": 23.0
            }
        }
    },
    "countertop.n.01_1": {
        "is_asleep": false,
        "root_link": {
            "pos": [
                6.0294647216796875,
                -1.9837135076522827,
                0.8694865107536316
            ],
            "ori": [
                7.628954412641775e-11,
                6.869142060716982e-11,
                0.6691306829452515,
                0.7431447505950928
            ]
        },
        "non_kin": {}
    },
    "tupperware.n.01_1": {
        "is_asleep": true,
        "root_link": {
            "pos": [
                4.0611042976379395,
                -0.7625214457511902,
                0.5461652874946594
            ],
            "ori": [
                -1.9783154129981995e-05,
                5.472684279084206e-06,
                0.9999017119407654,
                -0.014037266373634338
            ],
            "lin_vel": [
                0.0,
                0.0,
                0.0
            ],
            "ang_vel": [
                0.0,
                0.0,
                0.0
            ]
        },
        "non_kin": {
            "Temperature": {
                "temperature": 23.0
            }
        }
    },
    "tupperware.n.01_2": {
        "is_asleep": true,
        "root_link": {
            "pos": [
                4.231509685516357,
                -1.2717816829681396,
                0.5461732149124146
            ],
            "ori": [
                -1.354515552520752e-05,
                4.327506758272648e-06,
                0.9392963647842407,
                0.34310805797576904
            ],
            "lin_vel": [
                0.0,
                0.0,
                0.0
            ],
            "ang_vel": [
                0.0,
                0.0,
                0.0
            ]
        },
        "non_kin": {
            "Temperature": {
                "temperature": 23.0
            }
        }
    },
    "cabinet.n.01_1": {
        "is_asleep": true,
        "root_link": {
            "pos": [
                4.088554382324219,
                -0.20293547213077545,
                0.41877293586730957
            ],
            "ori": [
                0.0,
                0.0,
                0.0,
                1.0
            ],
            "lin_vel": [
                0.0,
                0.0,
                0.0
            ],
            "ang_vel": [
                0.0,
                0.0,
                0.0
            ]
        },
        "joint_pos": [
            -2.9608936643780526e-17,
            -3.6405103292414554e-21,
            1.1316337623912265e-11,
            1.3067593881976869e-11
        ],
        "joint_vel": [
            -3.552746713085444e-15,
            -4.105627606110844e-20,
            -1.7693907345629127e-15,
            5.868550485497171e-29
        ],
        "non_kin": {
            "Temperature": {
                "temperature": 23.0
            }
        }
    },
    "floor.n.01_1": {
        "is_asleep": false,
        "root_link": {
            "pos": [
                6.593125820159912,
                -0.258637011051178,
                -0.13868464529514313
            ],
            "ori": [
                0.0,
                0.0,
                0.0,
                1.0
            ]
        },
        "non_kin": {}
    },
    "electric_refrigerator.n.01_1": {
        "is_asleep": true,
        "root_link": {
            "pos": [
                7.81859016418457,
                -1.9658963680267334,
                0.98443603515625
            ],
            "ori": [
                0.0006650304421782494,
                0.007770737633109093,
                0.6905912756919861,
                0.7232050895690918
            ],
            "lin_vel": [
                0.0,
                0.0,
                0.0
            ],
            "ang_vel": [
                0.0,
                0.0,
                0.0
            ]
        },
        "joint_pos": [
            1.7787042455238988e-12
        ],
        "joint_vel": [
            -3.4762364504214494e-17
        ],
        "non_kin": {
            "Temperature": {
                "temperature": 23.0
            }
        }
    },
    "robot_poses": {
        "R1Pro": [
            {
                "position": [
                    5.7052154541015625,
                    -0.700347900390625,
                    0.003780364990234375
                ],
                "orientation": [
                    0.0,
                    0.0,
                    -0.8407564759254456,
                    0.5414134860038757
                ]
            }
        ],
        "Fetch": [
            {
                "position": [
                    5.18268346786499,
                    -0.7984904050827026,
                    0.0013086497783660889
                ],