{
    "agent.n.01_1": {
        "is_asleep": false,
        "root_link": {
            "pos": [
                -50.0,
                -50.0,
                -50.0
            ],
            "ori": [
                0.0,
                0.0,
                0.0,
                1.0
            ],
            "lin_vel": [
                0.0,
                0.0,
                0.0
            ],
            "ang_vel": [
                0.0,
                0.0,
                0.0
            ]
        },
        "joint_pos": [
            55.296974182128906,
            50.10893630981445,
            50.003780364990234,
            -0.008535045199096203,
            -0.005417392589151859,
            -3.058241605758667,
            -6.859438872197643e-05,
            -0.0002587808994576335,
            0.0001120197048294358,
            1.816958729250473e-06,
            -9.266409506381024e-06,
            3.693343751365319e-05,
            1.9060018062591553,
            1.9059925079345703,
            -0.9909965991973877,
            -0.9909930229187012,
            1.571000576019287,
            1.5709991455078125,
            0.9150037169456482,
            0.9150035381317139,
            -1.5709998607635498,
            -1.570999264717102,
            0.04999972879886627,
            0.04999995604157448,
            0.049999844282865524,
            0.04999995976686478
        ],
        "joint_vel": [
            0.0009342271368950605,
            6.756440416211262e-05,
            -0.0004719805147033185,
            0.0011205569608137012,
            0.0003006494662258774,
            0.00012611593410838395,
            0.0014200377045199275,
            -0.0005202778847888112,
            -2.2895168513059616e-05,
            0.0005560483550652862,
            -0.0004930825671181083,
            9.875671094050631e-05,
            0.0027715067844837904,
            -0.001928201294504106,
            0.0005178971332497895,
            -0.00044146209256723523,
            -0.00010808502702275291,
            0.0005036892252974212,
            -0.0010234066285192966,
            0.0005078018875792623,
            -7.663807627977803e-05,
            -0.0002967278996948153,
            8.9963388745673e-05,
            -1.3928606676927302e-05,
            -5.238362064119428e-07,
            5.138231699675089e-06
        ],
        "controllers": {
            "base": {
                "goal_is_valid": true,
                "goal": {
                    "target": [
                        0.0,
                        0.0,
                        0.0
                    ]
                }
            },
            "trunk": {
                "goal_is_valid": true,
                "goal": {
                    "target": [
                        -7.034475129330531e-05,
                        -0.00026055483613163233,
                        0.00011164554598508403,
                        3.3191201964655193e-06
                    ]
                }
            },
            "arm_left": {
                "goal_is_valid": true,
                "goal": {
                    "target_pos": [
                        0.5446219444274902,
                        0.3968483805656433,
                        1.4467840194702148
                    ],
                    "target_ori_mat": [
                        [
                            -0.006777405738830566,
                            4.678068216890097e-05,
                            0.9999769330024719
                        ],
                        [
                            0.0031176069751381874,
                            -0.9999948740005493,
                            6.791192572563887e-05
                        ],
                        [
                            0.9999720454216003,
                            0.003117995336651802,
                            0.006777524948120117
                        ]
                    ]
                },
                "control_filter": {
                    "past_samples": [
                        [
                            -8.736901691008825e-06,
                            1.906001091003418,
                            -0.9909965395927429,
                            1.571000099182129,
                            0.9150033593177795,
                            -1.5709989070892334
                        ],
                        [
                            -8.584740498918109e-06,
                            1.9060007333755493,
                            -0.990996241569519,
                            1.571000576019287,
                            0.9150032997131348,
                            -1.570999264717102
                        ]
                    ],
                    "current_idx": 1,
                    "fully_filled": true
                }
            },
            "gripper_left": {
                "goal_is_valid": true,
                "goal": {
                    "target": [
                        1.0
                    ]
                },
                "vel_filter": {
                    "past_samples": [
                        [
                            8.940696147874405e-07,
                            -3.576278459149762e-06
                        ],
                        [
                            4.4703480739372026e-07,
                            -1.788139229574881e-06
                        ],
                        [
                            3.1292436233343324e-06,
                            1.3411043937594513e-06
                        ],
                        [
                            -8.940696147874405e-07,
                            -2.235173951703473e-06
                        ],
                        [
                            -1.3411043937594513e-06,
                            3.1292436233343324e-06
                        ]
                    ],
                    "current_idx": 2,
                    "fully_filled": true
                }
            },
            "arm_right": {
                "goal_is_valid": true,
                "goal": {
                    "target_pos": [
                        0.5446257591247559,
                        -0.3968375325202942,
                        1.4439862966537476
                    ],
                    "target_ori_mat": [
                        [
                            0.005850493907928467,
                            -4.198169335722923e-06,
                            0.9999827742576599
                        ],
                        [
                            -0.0046635959297418594,
                            -0.9999889135360718,
                            2.308608964085579e-05
                        ],
                        [
                            0.9999719262123108,
                            -0.004663650877773762,
                            -0.00585019588470459
                        ]
                    ]
                },
                "control_filter": {
                    "past_samples": [
                        [
                            3.670555088319816e-05,
                            1.9059933423995972,
                            -0.9909920692443848,
                            1.5709991455078125,
                            0.915003776550293,
                            -1.5709991455078125
                        ],
                        [
                            3.706509596668184e-05,
                            1.905994176864624,
                            -0.9909936189651489,
                            1.5709996223449707,
                            0.9150034189224243,
                            -1.5709995031356812
                        ]
                    ],
                    "current_idx": 1,
                    "fully_filled": true
                }
            },
            "gripper_right": {
                "goal_is_valid": true,