{
    "mouse.n.04_1": {
        "is_asleep": true,
        "root_link": {
            "pos": [
                3.1685092449188232,
                -3.7295236587524414,
                0.7285395264625549
            ],
            "ori": [
                0.012731824070215225,
                -0.003080190857872367,
                -0.841809093952179,
                0.5396167039871216
            ],
            "lin_vel": [
                0.0,
                0.0,
                0.0
            ],
            "ang_vel": [
                0.0,
                0.0,
                0.0
            ]
        },
        "non_kin": {}
    },
    "swivel_chair.n.01_1": {
        "is_asleep": true,
        "root_link": {
            "pos": [
                3.5066936016082764,
                -3.5553693771362305,
                0.4810926914215088
            ],
            "ori": [
                -5.960464477539063e-08,
                -2.7474015951156616e-08,
                0.9762963652610779,
                -0.21643871068954468
            ],
            "lin_vel": [
                0.0,
                0.0,
                0.0
            ],
            "ang_vel": [
                0.0,
                0.0,
                0.0
            ]
        },
        "non_kin": {}
    },
    "keyboard.n.01_1": {
        "is_asleep": true,
        "root_link": {
            "pos": [
                2.695819139480591,
                -3.232206106185913,
                0.7401771545410156
            ],
            "ori": [
                0.010042490437626839,
                -0.025293763726949692,
                0.9431966543197632,
                0.3311186730861664
            ],
            "lin_vel": [
                0.0,
                0.0,
                0.0
            ],
            "ang_vel": [
                0.0,
                0.0,
                0.0
            ]
        },
        "non_kin": {}
    },
    "notebook.n.01_1": {
        "is_asleep": true,
        "root_link": {
            "pos": [
                2.691845417022705,
                -3.237287759780884,
                0.7227892875671387
            ],
            "ori": [
                -2.211665560025722e-06,
                -2.159266045964614e-07,
                0.9890145063400269,
                0.14781948924064636
            ],
            "lin_vel": [
                0.0,
                0.0,
                0.0
            ],
            "ang_vel": [
                0.0,
                0.0,
                0.0
            ]
        },
        "non_kin": {}
    },
    "pen.n.01_1": {
        "is_asleep": true,
        "root_link": {
            "pos": [
                3.44337797164917,
                -3.595944881439209,
                0.5427386164665222
            ],
            "ori": [
                0.019005589187145233,
                -0.0010533265303820372,
                0.9996278285980225,
                0.019552355632185936
            ],
            "lin_vel": [
                0.0,
                0.0,
                0.0
            ],
            "ang_vel": [
                0.0,
                0.0,
                0.0
            ]
        },
        "non_kin": {}
    },
    "folder.n.02_1": {
        "is_asleep": true,
        "root_link": {
            "pos": [
                3.4370217323303223,
                -3.594388008117676,
                0.5205833315849304
            ],
            "ori": [
                0.016127027571201324,
                -0.000508859462570399,
                0.975824773311615,
                -0.2179580181837082
            ],
            "lin_vel": [
                0.0,
                0.0,
                0.0
            ],
            "ang_vel": [
                0.0,
                0.0,
                0.0
            ]
        },
        "non_kin": {}
    },
    "desk.n.01_1": {
        "is_asleep": false,
        "root_link": {
            "pos": [
                3.024132251739502,
                -3.992579936981201,
                0.6146024465560913
            ],
            "ori": [
                0.0,
                0.0,
                0.0,
                1.0
            ]
        },
        "non_kin": {}
    },
    "floor.n.01_1": {
        "is_asleep": false,
        "root_link": {
            "pos": [
                4.468292713165283,
                -2.63045334815979,
                -0.15000000596046448
            ],
            "ori": [
                0.0,
                0.0,
                0.0,
                1.0
            ]
        },
        "non_kin": {}
    },
    "computer.n.01_1": {
        "is_asleep": false,
        "root_link": {
            "pos": [
                3.0242393016815186,
                -3.7758796215057373,
                0.20371876657009125
            ],
            "ori": [
                0.0007772021926939487,
                0.0012237580958753824,
                0.8446525931358337,
                0.5353131890296936
            ],
            "lin_vel": [
                -0.0010692975483834743,
                -2.0001250959467143e-05,
                -2.0426738046808168e-05
            ],
            "ang_vel": [
                0.0002690319379325956,
                -0.005865856539458036,
                -5.170060376258334e-06
            ]
        },
        "non_kin": {
            "ToggledOn": {
                "value": false,
                "hand_in_marker_steps": 0
            }
        }
    },
    "monitor.n.04_1": {
        "is_asleep": true,
        "root_link": {
            "pos": [
                2.8723723888397217,
                -3.374387502670288,
                1.0047950744628906
            ],
            "ori": [
                0.0005033388733863831,
                3.8235830288613215e-05,
                0.979480504989624,
                0.20153898000717163
            ],
            "lin_vel": [
                0.0,
                0.0,
                0.0
            ],
            "ang_vel": [
                0.0,
                0.0,
                0.0
            ]
        },
        "non_kin": {
            "ToggledOn": {
                "value": false,
                "hand_in_marker_steps": 0
            },
            "AttachedTo": {
                "attached_obj_uuid": -1
            }
        }
    },
    "robot_poses": {
        "R1Pro": [
            {
                "position": [
                    3.1005516052246094,
                    -2.1763687133789062,
                    0.003765106201171875
                ],
                "orientation": [
                    0.0,
                    0.0,
                    -0.20773059129714966,
                    0.9781860709190369
                ]
            }
        ],
        "Fetch": [
            {
                "position": [
                    4.456823825836182,
                    -3.8259851932525635,
                    0.0012935400009155273
                ],
                "orientation": [
                    0.0029331594705581665,
                    -0.00033446960151195526,
                    0.9935629367828369,
                    0.11324369162321091
                ]
            }
        ],
        "R1": [
            {
                "position": [
                    5.3531975746154785,
                    -3.5045013427734375,
                    0.003765106201171875
                ],
                "orientation": [
                    0.00012654438614845276,
                    0.00505256000906229,
                    0.8740803599357605,
                    0.4857550859451294
                ]
            }
        ],
        "Stretch": [
            {
                "position": [
                    3.3666694164276123,
                    -1.3744432926177979,
                    -0.0007995069026947021
                ],