{
    "agent.n.01_1": {
        "is_asleep": false,
        "root_link": {
            "pos": [
                -50.0,
                -50.0,
                -50.0
            ],
            "ori": [
                0.0,
                0.0,
                0.0,
                1.0
            ],
            "lin_vel": [
                0.0,
                0.0,
                0.0
            ],
            "ang_vel": [
                0.0,
                0.0,
                0.0
            ]
        },
        "joint_pos": [
            55.363853454589844,
            46.546783447265625,
            50.00376510620117,
            0.007968052290380001,
            0.006219835486263037,
            0.18056435883045197,
            -6.946508801775053e-05,
            -0.0002595591067802161,
            0.00011190104123670608,
            4.312278633733513e-06,
            -6.490334271802567e-06,
            3.5692974051926285e-05,
            1.9059966802597046,
            1.9060009717941284,
            -0.9909946918487549,
            -0.9909998178482056,
            1.571001410484314,
            1.5709996223449707,
            0.9150015115737915,
            0.9150025844573975,
            -1.5709997415542603,
            -1.5709998607635498,
            0.04999988526105881,
            0.049999840557575226,
            0.049999866634607315,
            0.0499999038875103
        ],
        "joint_vel": [
            -0.00030827143928036094,
            0.00014963479770813137,
            -0.001192916533909738,
            0.000324689201079309,
            -0.0002992766094394028,
            -0.00028862059116363525,
            0.001246145460754633,
            -0.00047633738722652197,
            0.00018354970961809158,
            0.0006971305701881647,
            0.0007340575684793293,
            0.0007257043616846204,
            -0.0024266797117888927,
            0.001990940421819687,
            -0.00023717382282484323,
            0.0005289463442750275,
            0.0010679573751986027,
            0.0010214915964752436,
            -0.0014463815605267882,
            0.0013419098686426878,
            -0.0009763091220520437,
            -0.000911417999304831,
            2.732492794166319e-05,
            -2.1417690732050687e-08,
            -5.042602424509823e-08,
            2.1616140656988136e-05
        ],
        "controllers": {
            "base": {
                "goal_is_valid": true,
                "goal": {
                    "target": [
                        0.0,
                        0.0,
                        0.0
                    ]
                }
            },
            "trunk": {
                "goal_is_valid": true,
                "goal": {
                    "target": [
                        -7.03538244124502e-05,
                        -0.0002605726767797023,
                        0.00011164664465468377,
                        3.318282779218862e-06
                    ]
                }
            },
            "arm_left": {
                "goal_is_valid": true,
                "goal": {
                    "target_pos": [
                        0.5446209907531738,
                        0.3968479633331299,
                        1.4467836618423462
                    ],
                    "target_ori_mat": [
                        [
                            -0.006777405738830566,
                            4.628649912774563e-05,
                            0.9999769330024719
                        ],
                        [
                            0.003117622807621956,
                            -0.9999948740005493,
                            6.741797551512718e-05
                        ],
                        [
                            0.9999720454216003,
                            0.003118008142337203,
                            0.006777524948120117
                        ]
                    ]
                },
                "control_filter": {
                    "past_samples": [
                        [
                            -6.5336453189956956e-06,
                            1.9059956073760986,
                            -0.9909940958023071,
                            1.5710012912750244,
                            0.9150026440620422,
                            -1.5709997415542603
                        ],
                        [
                            -6.583355116163148e-06,
                            1.9059966802597046,
                            -0.9909972548484802,
                            1.571001648902893,
                            0.9150006175041199,
                            -1.5709999799728394
                        ]
                    ],
                    "current_idx": 0,
                    "fully_filled": true
                }
            },
            "gripper_left": {
                "goal_is_valid": true,
                "goal": {
                    "target": [
                        1.0
                    ]
                },
                "vel_filter": {
                    "past_samples": [
                        [
                            7.599591754114954e-06,
                            1.788139229574881e-06
                        ],
                        [
                            -5.364417575037805e-06,
                            -6.7055220824840944e-06
                        ],
                        [
                            8.493661880493164e-06,
                            5.811452410853235e-06
                        ],
                        [
                            8.940695806813892e-06,
                            1.3411043937594513e-06
                        ],
                        [
                            -8.493661880493164e-06,
                            -8.940696147874405e-07
                        ]
                    ],
                    "current_idx": 3,
                    "fully_filled": true
                }
            },
            "arm_right": {
                "goal_is_valid": true,
                "goal": {
                    "target_pos": [
                        0.5446252822875977,
                        -0.3968372344970703,
                        1.443986177444458
                    ],
                    "target_ori_mat": [
                        [
                            0.005850017070770264,
                            -3.7956051528453827e-06,
                            0.9999827742576599
                        ],
                        [
                            -0.004663183353841305,
                            -0.9999889135360718,
                            2.3483997210860252e-05
                        ],
                        [
                            0.9999719262123108,
                            -0.004663241095840931,
                            -0.005849719047546387
                        ]
                    ]
                },
                "control_filter": {
                    "past_samples": [
                        [
                            3.600837226258591e-05,
                            1.906000018119812,
                            -0.9909976124763489,
                            1.5709999799728394,
                            0.9150022268295288,
                            -1.5709997415542603
                        ],
                        [
                            3.578178439056501e-05,
                            1.9060035943984985,
                            -0.9910011291503906,
                            1.5709996223449707,
                            0.9150023460388184,
                            -1.5709997415542603
                        ]
                    ],
                    "current_idx": 0,
                    "fully_filled": true
                }
            },
            "gripper_right": {
                "goal_is_valid": true,