{
    "agent.n.01_1": {
        "is_asleep": false,
        "root_link": {
            "pos": [
                -50.0,
                -50.0,
                -50.0
            ],
            "ori": [
                0.0,
                0.0,
                0.0,
                1.0
            ],
            "lin_vel": [
                0.0,
                0.0,
                0.0
            ],
            "ang_vel": [
                0.0,
                0.0,
                0.0
            ]
        },
        "joint_pos": [
            53.070518493652344,
            48.17116928100586,
            50.00376510620117,
            0.01010784413665533,
            0.00011182679736521095,
            -0.4711380898952484,
            -7.060347707010806e-05,
            -0.00026076051290147007,
            0.00011170356447109953,
            4.592724963004002e-06,
            -5.166885785001796e-06,
            3.3382711990270764e-05,
            1.9060032367706299,
            1.9060016870498657,
            -0.9910005331039429,
            -0.991006076335907,
            1.5710015296936035,
            1.5709997415542603,
            0.9150037169456482,
            0.9149971008300781,
            -1.5709987878799438,
            -1.5709995031356812,
            0.04999993368983269,
            0.049999989569187164,
            0.04999992251396179,
            0.04999998211860657
        ],
        "joint_vel": [
            0.00013935990864410996,
            8.700869511812925e-05,
            -0.000646767090074718,
            -0.000123090751003474,
            -7.589394226670265e-05,
            -0.00010609599121380597,
            0.0009469009237363935,
            -0.0012406851164996624,
            -0.00011934315989492461,
            0.0006786799640394747,
            0.00034893356496468186,
            0.00033349686418659985,
            -0.0012889632489532232,
            0.0008895989740267396,
            0.0001987669529626146,
            0.0001655127853155136,
            0.000588685623370111,
            0.0007126170094124973,
            -0.0008161374134942889,
            0.000779945170506835,
            -0.0006299864035099745,
            -0.0006027036579325795,
            3.0077013434492983e-05,
            -1.0535200090089347e-07,
            -8.112705472740345e-06,
            1.3896187738282606e-05
        ],
        "controllers": {
            "base": {
                "goal_is_valid": true,
                "goal": {
                    "target": [
                        0.0,
                        0.0,
                        0.0
                    ]
                }
            },
            "trunk": {
                "goal_is_valid": true,
                "goal": {
                    "target": [
                        -7.040428317850456e-05,
                        -0.0002606778871268034,
                        0.00011165702744619921,
                        3.333282620587852e-06
                    ]
                }
            },
            "arm_left": {
                "goal_is_valid": true,
                "goal": {
                    "target_pos": [
                        0.5446209907531738,
                        0.3968474268913269,
                        1.4467839002609253
                    ],
                    "target_ori_mat": [
                        [
                            -0.006777763366699219,
                            4.682037979364395e-05,
                            0.9999769926071167
                        ],
                        [
                            0.0031174435280263424,
                            -0.9999949932098389,
                            6.795127410441637e-05
                        ],
                        [
                            0.9999721050262451,
                            0.0031178323552012444,
                            0.006777703762054443
                        ]
                    ]
                },
                "control_filter": {
                    "past_samples": [
                        [
                            -5.0700418796623126e-06,
                            1.9060038328170776,
                            -0.9910023808479309,
                            1.5710012912750244,
                            0.9150033593177795,
                            -1.5709995031356812
                        ],
                        [
                            -5.324245648807846e-06,
                            1.9060032367706299,
                            -0.9910003542900085,
                            1.5710017681121826,
                            0.9150047898292542,
                            -1.5709996223449707
                        ]
                    ],
                    "current_idx": 1,
                    "fully_filled": true
                }
            },
            "gripper_left": {
                "goal_is_valid": true,
                "goal": {
                    "target": [
                        1.0
                    ]
                },
                "vel_filter": {
                    "past_samples": [
                        [
                            0.0,
                            -1.788139229574881e-06
                        ],
                        [
                            -1.3411043937594513e-06,
                            2.235173951703473e-06
                        ],
                        [
                            0.0,
                            -3.1292436233343324e-06
                        ],
                        [
                            8.940696147874405e-07,
                            1.788139229574881e-06
                        ],
                        [
                            -4.4703480739372026e-07,
                            0.0
                        ]
                    ],
                    "current_idx": 0,
                    "fully_filled": true
                }
            },
            "arm_right": {
                "goal_is_valid": true,
                "goal": {
                    "target_pos": [
                        0.5446248054504395,
                        -0.3968379497528076,
                        1.443986415863037
                    ],
                    "target_ori_mat": [
                        [
                            0.0058498382568359375,
                            -3.477092832326889e-06,
                            0.9999827742576599
                        ],
                        [
                            -0.004663124680519104,
                            -0.9999887943267822,
                            2.3801345378160477e-05
                        ],
                        [
                            0.9999719262123108,
                            -0.004663183819502592,
                            -0.005849480628967285
                        ]
                    ]
                },
                "control_filter": {
                    "past_samples": [
                        [
                            3.32956260535866e-05,
                            1.9060035943984985,
                            -0.9910068511962891,
                            1.5709993839263916,
                            0.914996325969696,
                            -1.5709995031356812
                        ],
                        [
                            3.368202305864543e-05,
                            1.9060025215148926,
                            -0.9910048246383667,
                            1.5709997415542603,
                            0.9149969816207886,
                            -1.5709993839263916
                        ]
                    ],
                    "current_idx": 1,
                    "fully_filled": true
                }
            },
            "gripper_right": {
                "goal_is_valid": true,