{
    "agent.n.01_1": {
        "is_asleep": false,
        "root_link": {
            "pos": [
                -50.0,
                -50.0,
                -50.0
            ],
            "ori": [
                0.0,
                0.0,
                0.0,
                1.0
            ],
            "lin_vel": [
                0.0,
                0.0,
                0.0
            ],
            "ang_vel": [
                0.0,
                0.0,
                0.0
            ]
        },
        "joint_pos": [
            53.247615814208984,
            47.59428405761719,
            50.00376510620117,
            -0.005074434448033571,
            0.00874291267246008,
            1.6145539283752441,
            -6.84433980495669e-05,
            -0.00025645518326200545,
            0.0001109831064241007,
            2.6351265205448726e-06,
            -6.652199317613849e-06,
            3.526809814502485e-05,
            1.9060025215148926,
            1.9060012102127075,
            -0.9910014867782593,
            -0.991000771522522,
            1.5709997415542603,
            1.5710009336471558,
            0.915000855922699,
            0.9150016903877258,
            -1.5709985494613647,
            -1.5710006952285767,
            0.04999982565641403,
            0.049999769777059555,
            0.04999995976686478,
            0.05000000074505806
        ],
        "joint_vel": [
            0.00021521009330172092,
            -7.268213084898889e-05,
            -0.0004469091654755175,
            -5.676222644979134e-05,
            -0.00031966890674084425,
            -7.479012856492773e-05,
            1.7769954865798354e-05,
            2.132868394255638e-05,
            9.712578321341425e-05,
            0.0004358669393695891,
            -0.0002113061200361699,
            -7.431546691805124e-05,
            0.0005243832711130381,
            -0.0004805524367839098,
            0.00024104746989905834,
            -0.00028209149604663253,
            -0.00038183576543815434,
            -6.747274164808914e-05,
            -0.00013284663145896047,
            -4.9976923037320375e-05,
            0.00028158462373539805,
            0.00013812092947773635,
            1.6337302440661006e-05,
            6.369436050590593e-06,
            8.780172720435075e-06,
            1.722774322843179e-05
        ],
        "controllers": {
            "base": {
                "goal_is_valid": true,
                "goal": {
                    "target": [
                        0.0,
                        0.0,
                        0.0
                    ]
                }
            },
            "trunk": {
                "goal_is_valid": true,
                "goal": {
                    "target": [
                        -7.034278678474948e-05,
                        -0.00026055032503791153,
                        0.00011164524767082185,
                        3.32608442477067e-06
                    ]
                }
            },
            "arm_left": {
                "goal_is_valid": true,
                "goal": {
                    "target_pos": [
                        0.544621467590332,
                        0.396848201751709,
                        1.446784257888794
                    ],
                    "target_ori_mat": [
                        [
                            -0.00677800178527832,
                            4.590046592056751e-05,
                            0.9999771118164062
                        ],
                        [
                            0.003117884276434779,
                            -0.999995231628418,
                            6.703450344502926e-05
                        ],
                        [
                            0.9999722242355347,
                            0.003118267050012946,
                            0.006777703762054443
                        ]
                    ]
                },
                "control_filter": {
                    "past_samples": [
                        [
                            -4.3351255953894e-06,
                            1.9060035943984985,
                            -0.991005539894104,
                            1.571000337600708,
                            0.9149985909461975,
                            -1.570999026298523
                        ],
                        [
                            -7.597193416586379e-06,
                            1.9060001373291016,
                            -0.9909982681274414,
                            1.5710006952285767,
                            0.915001630783081,
                            -1.5709993839263916
                        ]
                    ],
                    "current_idx": 0,
                    "fully_filled": true
                }
            },
            "gripper_left": {
                "goal_is_valid": true,
                "goal": {
                    "target": [
                        1.0
                    ]
                },
                "vel_filter": {
                    "past_samples": [
                        [
                            -1.788139229574881e-06,
                            1.5199183508229908e-05
                        ],
                        [
                            1.4305113836599048e-05,
                            -1.3411044164968189e-05
                        ],
                        [
                            6.258487246668665e-06,
                            1.3411044164968189e-05
                        ],
                        [
                            -1.3411044164968189e-05,
                            1.788139229574881e-06
                        ],
                        [
                            -3.576278459149762e-06,
                            -1.7434358596801758e-05
                        ]
                    ],
                    "current_idx": 0,
                    "fully_filled": true
                }
            },
            "arm_right": {
                "goal_is_valid": true,
                "goal": {
                    "target_pos": [
                        0.5446248054504395,
                        -0.3968372344970703,
                        1.4439866542816162
                    ],
                    "target_ori_mat": [
                        [
                            0.0058501362800598145,
                            -4.4621992856264114e-06,
                            0.9999829530715942
                        ],
                        [
                            -0.004663805477321148,
                            -0.9999892711639404,
                            2.282252535223961e-05
                        ],
                        [
                            0.9999721050262451,
                            -0.004663859028369188,
                            -0.00585019588470459
                        ]
                    ]
                },
                "control_filter": {
                    "past_samples": [
                        [
                            3.3465006708865985e-05,
                            1.9060052633285522,
                            -0.9910062551498413,
                            1.5710008144378662,
                            0.9149996042251587,
                            -1.5710002183914185
                        ],
                        [
                            3.670409932965413e-05,
                            1.9059996604919434,
                            -0.9909971952438354,
                            1.571000576019287,
                            0.9150037169456482,
                            -1.571000099182129
                        ]
                    ],
                    "current_idx": 0,
                    "fully_filled": true
                }
            },
            "gripper_right": {
                "goal_is_valid": true,