{
    "agent.n.01_1": {
        "is_asleep": false,
        "root_link": {
            "pos": [
                -50.0,
                -50.0,
                -50.0
            ],
            "ori": [
                0.0,
                0.0,
                0.0,
                1.0
            ],
            "lin_vel": [
                0.0,
                0.0,
                0.0
            ],
            "ang_vel": [
                0.0,
                0.0,
                0.0
            ]
        },
        "joint_pos": [
            55.282981872558594,
            46.58103561401367,
            50.00376510620117,
            -0.005709365010261536,
            -0.008341752924025059,
            -2.6532187461853027,
            -7.033786823740229e-05,
            -0.0002597973507363349,
            0.00011112596257589757,
            4.11424252888537e-06,
            -7.744804861431476e-06,
            3.578103496693075e-05,
            1.9059988260269165,
            1.9060008525848389,
            -0.990997314453125,
            -0.9910024404525757,
            1.5709996223449707,
            1.5710009336471558,
            0.9150005578994751,
            0.915000319480896,
            -1.5709985494613647,
            -1.5710008144378662,
            0.04999977722764015,
            0.0499998964369297,
            0.04999992623925209,
            0.0499999076128006
        ],
        "joint_vel": [
            3.829414345091209e-05,
            0.00031030751415528357,
            -0.0008486753213219345,
            0.00044148031156510115,
            -6.280909292399883e-05,
            0.0001659683184698224,
            0.00014635745901614428,
            -0.0003007962368428707,
            0.00015425961464643478,
            0.0009205681853927672,
            -0.00014454222400672734,
            0.0005294120637699962,
            -0.0007294127717614174,
            0.000524008646607399,
            8.096842793747783e-05,
            0.00017253881378564984,
            0.00011953996727243066,
            0.0011966689489781857,
            -0.0009917053394019604,
            0.0009841020219027996,
            -0.00027415892691351473,
            -0.0008673814008943737,
            2.8915033908560872e-05,
            -1.4756881228095153e-07,
            -2.439792297082022e-07,
            8.170284672814887e-06
        ],
        "controllers": {
            "base": {
                "goal_is_valid": true,
                "goal": {
                    "target": [
                        0.0,
                        0.0,
                        0.0
                    ]
                }
            },
            "trunk": {
                "goal_is_valid": true,
                "goal": {
                    "target": [
                        -7.040713535388932e-05,
                        -0.00026068402803502977,
                        0.00011165715841343626,
                        3.307971155663836e-06
                    ]
                }
            },
            "arm_left": {
                "goal_is_valid": true,
                "goal": {
                    "target_pos": [
                        0.5446209907531738,
                        0.3968486785888672,
                        1.4467841386795044
                    ],
                    "target_ori_mat": [
                        [
                            -0.006777405738830566,
                            4.636251833289862e-05,
                            0.9999769926071167
                        ],
                        [
                            0.0031174635514616966,
                            -0.9999949932098389,
                            6.749248132109642e-05
                        ],
                        [
                            0.9999721050262451,
                            0.003117849351838231,
                            0.006777346134185791
                        ]
                    ]
                },
                "control_filter": {
                    "past_samples": [
                        [
                            -8.233099833887536e-06,
                            1.9059978723526,
                            -0.9909980893135071,
                            1.5709987878799438,
                            0.915000855922699,
                            -1.570998191833496
                        ],
                        [
                            -7.806485882611014e-06,
                            1.9059984683990479,
                            -0.9909972548484802,
                            1.5709996223449707,
                            0.9150021076202393,
                            -1.5709987878799438
                        ]
                    ],
                    "current_idx": 0,
                    "fully_filled": true
                }
            },
            "gripper_left": {
                "goal_is_valid": true,
                "goal": {
                    "target": [
                        1.0
                    ]
                },
                "vel_filter": {
                    "past_samples": [
                        [
                            6.7055220824840944e-06,
                            -8.940695806813892e-06
                        ],
                        [
                            -4.336237543611787e-05,
                            2.235173951703473e-06
                        ],
                        [
                            1.296400932915276e-05,
                            3.576278459149762e-06
                        ],
                        [
                            -2.190470513596665e-05,
                            -1.162290482170647e-05
                        ],
                        [
                            2.0116565792704932e-05,
                            1.162290482170647e-05
                        ]
                    ],
                    "current_idx": 3,
                    "fully_filled": true
                }
            },
            "arm_right": {
                "goal_is_valid": true,
                "goal": {
                    "target_pos": [
                        0.5446248054504395,
                        -0.3968377113342285,
                        1.4439862966537476
                    ],
                    "target_ori_mat": [
                        [
                            0.0058498382568359375,
                            -4.159286618232727e-06,
                            0.999983012676239
                        ],
                        [
                            -0.0046631586737930775,
                            -0.9999892711639404,
                            2.3120548576116562e-05
                        ],
                        [
                            0.9999721646308899,
                            -0.004663214087486267,
                            -0.005849957466125488
                        ]
                    ]
                },
                "control_filter": {
                    "past_samples": [
                        [
                            3.645930337370373e-05,
                            1.906002163887024,
                            -0.991002082824707,
                            1.5710015296936035,
                            0.9150004386901855,
                            -1.5710008144378662
                        ],
                        [
                            3.579619078664109e-05,
                            1.9060015678405762,
                            -0.9910026788711548,
                            1.5710006952285767,
                            0.9149993062019348,
                            -1.5710002183914185
                        ]
                    ],
                    "current_idx": 0,
                    "fully_filled": true
                }
            },
            "gripper_right": {
                "goal_is_valid": true,