{
    "agent.n.01_1": {
        "is_asleep": false,
        "root_link": {
            "pos": [
                -50.0,
                -50.0,
                -50.0
            ],
            "ori": [
                0.0,
                0.0,
                0.0,
                1.0
            ],
            "lin_vel": [
                0.0,
                0.0,
                0.0
            ],
            "ang_vel": [
                0.0,
                0.0,
                0.0
            ]
        },
        "joint_pos": [
            55.081668853759766,
            46.64231491088867,
            50.00376510620117,
            0.008285543881356716,
            -0.005790777038782835,
            -1.0921440124511719,
            -7.005463703535497e-05,
            -0.00026008073473349214,
            0.00011181591980857775,
            4.3473705773067195e-06,
            -7.726413969066925e-06,
            3.5665929317474365e-05,
            1.9059978723526,
            1.9060043096542358,
            -0.9909965395927429,
            -0.9910033345222473,
            1.571000099182129,
            1.5710002183914185,
            0.9150010347366333,
            0.9150029420852661,
            -1.5709983110427856,
            -1.5709997415542603,
            0.04999993368983269,
            0.05000000074505806,
            0.0499998964369297,
            0.049999792128801346
        ],
        "joint_vel": [
            0.001133269164711237,
            -2.8501384804258123e-05,
            -0.0008203229517675936,
            0.00029405453824438155,
            9.383950964547694e-05,
            7.301364530576393e-05,
            -0.0005488716997206211,
            0.0002202590403612703,
            0.00017067270528059453,
            0.0008261643233709037,
            0.0004059833299834281,
            0.0006234290776774287,
            -0.0005050823092460632,
            0.00034235778730362654,
            6.447242049034685e-05,
            5.608455103356391e-05,
            0.0006725375424139202,
            0.0012303174007683992,
            -0.0005731300916522741,
            0.0004255140374880284,
            -0.00073823775164783,
            -0.0009982208721339703,
            2.7599415261647664e-05,
            3.3077210446208483e-06,
            -2.6868292479775846e-07,
            2.118681004503742e-05
        ],
        "controllers": {
            "base": {
                "goal_is_valid": true,
                "goal": {
                    "target": [
                        0.0,
                        0.0,
                        0.0
                    ]
                }
            },
            "trunk": {
                "goal_is_valid": true,
                "goal": {
                    "target": [
                        -7.040488708298653e-05,
                        -0.00026068033184856176,
                        0.00011165832984261215,
                        3.366337750776438e-06
                    ]
                }
            },
            "arm_left": {
                "goal_is_valid": true,
                "goal": {
                    "target_pos": [
                        0.5446209907531738,
                        0.3968484401702881,
                        1.446784496307373
                    ],
                    "target_ori_mat": [
                        [
                            -0.0067784786224365234,
                            4.6676257625222206e-05,
                            0.9999771118164062
                        ],
                        [
                            0.0031174644827842712,
                            -0.999995231628418,
                            6.780901458114386e-05
                        ],
                        [
                            0.9999722242355347,
                            0.0031178523786365986,
                            0.006778240203857422
                        ]
                    ]
                },
                "control_filter": {
                    "past_samples": [
                        [
                            -7.132129212550353e-06,
                            1.9059967994689941,
                            -0.9909965991973877,
                            1.5710009336471558,
                            0.9150014519691467,
                            -1.5709989070892334
                        ],
                        [
                            -7.778899089316837e-06,
                            1.9059993028640747,
                            -0.9909997582435608,
                            1.571000337600708,
                            0.9150001406669617,
                            -1.5709987878799438
                        ]
                    ],
                    "current_idx": 0,
                    "fully_filled": true
                }
            },
            "gripper_left": {
                "goal_is_valid": true,
                "goal": {
                    "target": [
                        1.0
                    ]
                },
                "vel_filter": {
                    "past_samples": [
                        [
                            -2.190470513596665e-05,
                            -2.235173951703473e-06
                        ],
                        [
                            2.592801865830552e-05,
                            -1.788139229574881e-06
                        ],
                        [
                            -1.65402889251709e-05,
                            -3.576278459149762e-06
                        ],
                        [
                            1.4752148672414478e-05,
                            5.811452410853235e-06
                        ],
                        [
                            -1.6987323760986328e-05,
                            -2.235173951703473e-06
                        ]
                    ],
                    "current_idx": 0,
                    "fully_filled": true
                }
            },
            "arm_right": {
                "goal_is_valid": true,
                "goal": {
                    "target_pos": [
                        0.5446257591247559,
                        -0.3968369960784912,
                        1.443986415863037
                    ],
                    "target_ori_mat": [
                        [
                            0.0058501362800598145,
                            -4.05777245759964e-06,
                            0.9999829530715942
                        ],
                        [
                            -0.004663808271288872,
                            -0.9999892711639404,
                            2.322695218026638e-05
                        ],
                        [
                            0.9999721050262451,
                            -0.004663864150643349,
                            -0.00585019588470459
                        ]
                    ]
                },
                "control_filter": {
                    "past_samples": [
                        [
                            3.533899143803865e-05,
                            1.906006097793579,
                            -0.9910045266151428,
                            1.5709997415542603,
                            0.915001630783081,
                            -1.5709995031356812
                        ],
                        [
                            3.6035635275766253e-05,
                            1.9060040712356567,
                            -0.9910013675689697,
                            1.5710004568099976,
                            0.9150036573410034,
                            -1.5709999799728394
                        ]
                    ],
                    "current_idx": 0,
                    "fully_filled": true
                }
            },
            "gripper_right": {
                "goal_is_valid": true,