{
    "agent.n.01_1": {
        "is_asleep": false,
        "root_link": {
            "pos": [
                -50.0,
                -50.0,
                -50.0
            ],
            "ori": [
                0.0,
                0.0,
                0.0,
                1.0
            ],
            "lin_vel": [
                0.0,
                0.0,
                0.0
            ],
            "ang_vel": [
                0.0,
                0.0,
                0.0
            ]
        },
        "joint_pos": [
            53.28036880493164,
            47.60152816772461,
            50.00376510620117,
            -0.009554661810398102,
            0.003299800446256995,
            2.3268606662750244,
            -7.035447197267786e-05,
            -0.0002602744789328426,
            0.00011155891843372956,
            4.1497401070955675e-06,
            -7.83240011514863e-06,
            3.6083441955270246e-05,
            1.9060031175613403,
            1.9060031175613403,
            -0.9910017251968384,
            -0.9910032749176025,
            1.5709989070892334,
            1.571001648902893,
            0.9150010943412781,
            0.9150007367134094,
            -1.5709973573684692,
            -1.571001410484314,
            0.04999992996454239,
            0.04999995231628418,
            0.0499999113380909,
            0.04999995976686478
        ],
        "joint_vel": [
            -7.791835378156975e-05,
            1.8221429627374164e-06,
            -0.0009960150346159935,
            5.983951268717647e-06,
            -0.00011336637544445693,
            0.0001007392565952614,
            0.0004348579386714846,
            -0.0005352594889700413,
            0.0001507975102867931,
            0.00058970000827685,
            -4.115695264772512e-05,
            0.000359662197297439,
            -0.0005735267186537385,
            0.0004934283788315952,
            5.473048076964915e-06,
            0.0001571431348565966,
            5.123965092934668e-05,
            0.00066598184639588,
            -0.0005269110552035272,
            0.0004825930227525532,
            -0.00017073203343898058,
            -0.00048661400796845555,
            1.4314766303868964e-05,
            1.06877387224813e-05,
            6.415419647964882e-06,
            7.414768333546817e-06
        ],
        "controllers": {
            "base": {
                "goal_is_valid": true,
                "goal": {
                    "target": [
                        0.0,
                        0.0,
                        0.0
                    ]
                }
            },
            "trunk": {
                "goal_is_valid": true,
                "goal": {
                    "target": [
                        -7.043607183732092e-05,
                        -0.00026074552442878485,
                        0.00011166457261424512,
                        3.359401489433367e-06
                    ]
                }
            },
            "arm_left": {
                "goal_is_valid": true,
                "goal": {
                    "target_pos": [
                        0.544621467590332,
                        0.39684832096099854,
                        1.4467848539352417
                    ],
                    "target_ori_mat": [
                        [
                            -0.006778359413146973,
                            4.6100118197500706e-05,
                            0.9999771118164062
                        ],
                        [
                            0.003117810469120741,
                            -0.999995231628418,
                            6.723485421389341e-05
                        ],
                        [
                            0.9999722242355347,
                            0.0031181946396827698,
                            0.006778061389923096
                        ]
                    ]
                },
                "control_filter": {
                    "past_samples": [
                        [
                            -8.394536962441634e-06,
                            1.9060019254684448,
                            -0.9910006523132324,
                            1.5709980726242065,
                            0.915002167224884,
                            -1.570997714996338
                        ],
                        [
                            -7.736997758911457e-06,
                            1.906003475189209,
                            -0.9910032749176025,
                            1.570999264717102,
                            0.9150010943412781,
                            -1.5709983110427856
                        ]
                    ],
                    "current_idx": 1,
                    "fully_filled": true
                }
            },
            "gripper_left": {
                "goal_is_valid": true,
                "goal": {
                    "target": [
                        1.0
                    ]
                },
                "vel_filter": {
                    "past_samples": [
                        [
                            3.1292436233343324e-06,
                            -9.387730642629322e-06
                        ],
                        [
                            -4.023313522338867e-06,
                            1.162290482170647e-05
                        ],
                        [
                            4.470347903406946e-06,
                            -1.162290482170647e-05
                        ],
                        [
                            4.470347903406946e-06,
                            -1.7881391613627784e-05
                        ],
                        [
                            -4.023313522338867e-06,
                            1.5199183508229908e-05
                        ]
                    ],
                    "current_idx": 3,
                    "fully_filled": true
                }
            },
            "arm_right": {
                "goal_is_valid": true,
                "goal": {
                    "target_pos": [
                        0.5446250438690186,
                        -0.3968375325202942,
                        1.4439871311187744
                    ],
                    "target_ori_mat": [
                        [
                            0.005849659442901611,
                            -4.411442205309868e-06,
                            0.999983012676239
                        ],
                        [
                            -0.004663304425776005,
                            -0.99998939037323,
                            2.286839298903942e-05
                        ],
                        [
                            0.9999721646308899,
                            -0.0046633584424853325,
                            -0.0058498382568359375
                        ]
                    ]
                },
                "control_filter": {
                    "past_samples": [
                        [
                            3.6242920032236725e-05,
                            1.9060033559799194,
                            -0.9910030364990234,
                            1.5710012912750244,
                            0.9150006175041199,
                            -1.5710009336471558
                        ],
                        [
                            3.6247696698410437e-05,
                            1.9060033559799194,
                            -0.9910033345222473,
                            1.571001648902893,
                            0.9150004386901855,
                            -1.5710009336471558
                        ]
                    ],
                    "current_idx": 1,
                    "fully_filled": true
                }
            },
            "gripper_right": {
                "goal_is_valid": true,