{
    "mouse.n.04_1": {
        "is_asleep": true,
        "root_link": {
            "pos": [
                2.6683900356292725,
                -3.3449037075042725,
                0.7285395264625549
            ],
            "ori": [
                -0.004582366906106472,
                0.012272524647414684,
                0.918619692325592,
                0.3949260413646698
            ],
            "lin_vel": [
                0.0,
                0.0,
                0.0
            ],
            "ang_vel": [
                0.0,
                0.0,
                0.0
            ]
        },
        "non_kin": {}
    },
    "swivel_chair.n.01_1": {
        "is_asleep": true,
        "root_link": {
            "pos": [
                3.5066936016082764,
                -3.5553693771362305,
                0.48109424114227295
            ],
            "ori": [
                -5.960464477539063e-08,
                -2.7474015951156616e-08,
                0.9762963056564331,
                -0.21643871068954468
            ],
            "lin_vel": [
                0.0,
                0.0,
                0.0
            ],
            "ang_vel": [
                0.0,
                0.0,
                0.0
            ]
        },
        "non_kin": {}
    },
    "keyboard.n.01_1": {
        "is_asleep": false,
        "root_link": {
            "pos": [
                3.122215509414673,
                -4.068002700805664,
                0.7394915223121643
            ],
            "ori": [
                0.0678391084074974,
                -0.0413735993206501,
                0.9144859313964844,
                0.39673858880996704
            ],
            "lin_vel": [
                6.919458974152803e-05,
                5.012495239498094e-05,
                -4.194483699393459e-05
            ],
            "ang_vel": [
                0.0013013073476031423,
                0.0028172514867037535,
                0.0002920583065133542
            ]
        },
        "non_kin": {}
    },
    "notebook.n.01_1": {
        "is_asleep": false,
        "root_link": {
            "pos": [
                3.1239500045776367,
                -4.069629669189453,
                0.7227892279624939
            ],
            "ori": [
                -2.1192790882196277e-06,
                -3.2367361768592673e-07,
                0.9967342615127563,
                0.08075308054685593
            ],
            "lin_vel": [
                3.96903033106355e-06,
                -1.593425258761272e-05,
                -1.9438600702414988e-06
            ],
            "ang_vel": [
                0.00020218858844600618,
                -0.00012977361620869488,
                8.970580893219449e-06
            ]
        },
        "non_kin": {}
    },
    "pen.n.01_1": {
        "is_asleep": true,
        "root_link": {
            "pos": [
                3.4356443881988525,
                -3.632349967956543,
                0.5417068004608154
            ],
            "ori": [
                -0.5124999284744263,
                -0.5561062693595886,
                0.47131237387657166,
                0.4538221061229706
            ],
            "lin_vel": [
                0.0,
                0.0,
                0.0
            ],
            "ang_vel": [
                0.0,
                0.0,
                0.0
            ]
        },
        "non_kin": {}
    },
    "folder.n.02_1": {
        "is_asleep": true,
        "root_link": {
            "pos": [
                3.424377202987671,
                -3.599324941635132,
                0.5213145017623901
            ],
            "ori": [
                0.006939257495105267,
                -0.002725040540099144,
                0.9829851984977722,
                0.18353380262851715
            ],
            "lin_vel": [
                0.0,
                0.0,
                0.0
            ],
            "ang_vel": [
                0.0,
                0.0,
                0.0
            ]
        },
        "non_kin": {}
    },
    "desk.n.01_1": {
        "is_asleep": false,
        "root_link": {
            "pos": [
                3.024132251739502,
                -3.992579936981201,
                0.6146024465560913
            ],
            "ori": [
                0.0,
                0.0,
                0.0,
                1.0
            ]
        },
        "non_kin": {}
    },
    "floor.n.01_1": {
        "is_asleep": false,
        "root_link": {
            "pos": [
                4.468292713165283,
                -2.63045334815979,
                -0.15000000596046448
            ],
            "ori": [
                0.0,
                0.0,
                0.0,
                1.0
            ]
        },
        "non_kin": {}
    },
    "computer.n.01_1": {
        "is_asleep": true,
        "root_link": {
            "pos": [
                3.1053388118743896,
                -4.279117107391357,
                0.1527944803237915
            ],
            "ori": [
                0.0007512387819588184,
                0.0021514890249818563,
                0.9820574522018433,
                0.18856999278068542
            ],
            "lin_vel": [
                0.0,
                0.0,
                0.0
            ],
            "ang_vel": [
                0.0,
                0.0,
                0.0
            ]
        },
        "non_kin": {
            "ToggledOn": {
                "value": false,
                "hand_in_marker_steps": 0
            }
        }
    },
    "monitor.n.04_1": {
        "is_asleep": false,
        "root_link": {
            "pos": [
                3.0048141479492188,
                -3.7832465171813965,
                1.0047954320907593
            ],
            "ori": [
                0.00027948804199695587,
                -0.0004222339193802327,
                0.300449937582016,
                0.9537976980209351
            ],
            "lin_vel": [
                0.00014384620590135455,
                0.0003746788133867085,
                -4.307961717131548e-06
            ],
            "ang_vel": [
                -0.0047769141383469105,
                0.001849469030275941,
                -2.3611963115399703e-05
            ]
        },
        "non_kin": {
            "ToggledOn": {
                "value": false,
                "hand_in_marker_steps": 0
            },
            "AttachedTo": {
                "attached_obj_uuid": -1
            }
        }
    },
    "robot_poses": {
        "R1Pro": [
            {
                "position": [
                    3.0482826232910156,
                    -1.94647216796875,
                    0.003765106201171875
                ],
                "orientation": [
                    0.0,
                    0.0,
                    -0.44496476650238037,
                    0.8955481052398682
                ]
            }
        ],
        "Fetch": [
            {
                "position": [
                    4.147045612335205,
                    -3.259207010269165,
                    0.001293480396270752
                ],
                "orientation": [
                    -0.0013811439275741577,
                    -0.0026100194081664085,
                    -0.4676254987716675,
                    0.8839218020439148
                ]
            }
        ],
        "R1": [
            {
                "position": [
                    4.669012546539307,
                    -3.305455207824707,
                    0.003765106201171875
                ],
                "orientation": [
                    0.005035959184169769,
                    -0.0004266603209543973,
                    -0.5368565320968628,
                    0.843658447265625
                ]
            }
        ],