{
    "mixing_bowl.n.01_1": {
        "is_asleep": true,
        "root_link": {
            "pos": [
                7.2294721603393555,
                -1.796603798866272,
                0.9559367299079895
            ],
            "ori": [
                1.0011717677116394e-06,
                1.9898725440725684e-06,
                0.7981684803962708,
                0.6024377346038818
            ],
            "lin_vel": [
                0.0,
                0.0,
                0.0
            ],
            "ang_vel": [
                0.0,
                0.0,
                0.0
            ]
        },
        "non_kin": {
            "Temperature": {
                "temperature": 23.0
            }
        }
    },
    "mixing_bowl.n.01_2": {
        "is_asleep": true,
        "root_link": {
            "pos": [
                4.909510612487793,
                -1.8285061120986938,
                0.9559329152107239
            ],
            "ori": [
                5.731708370149136e-07,
                -2.509565092623234e-06,
                -0.014530366286635399,
                0.999896228313446
            ],
            "lin_vel": [
                0.0,
                0.0,
                0.0
            ],
            "ang_vel": [
                0.0,
                0.0,
                0.0
            ]
        },
        "non_kin": {
            "Temperature": {
                "temperature": 23.0
            }
        }
    },
    "mixing_bowl.n.01_3": {
        "is_asleep": true,
        "root_link": {
            "pos": [
                6.733151912689209,
                -1.757179617881775,
                0.9559386372566223
            ],
            "ori": [
                1.780688762664795e-06,
                1.2488744687289e-06,
                0.9652164578437805,
                0.2614607810974121
            ],
            "lin_vel": [
                0.0,
                0.0,
                0.0
            ],
            "ang_vel": [
                0.0,
                0.0,
                0.0
            ]
        },
        "non_kin": {
            "Temperature": {
                "temperature": 23.0
            }
        }
    },
    "countertop.n.01_1": {
        "is_asleep": false,
        "root_link": {
            "pos": [
                6.0294647216796875,
                -1.9837117195129395,
                0.8694865107536316
            ],
            "ori": [
                7.628954412641775e-11,
                6.869142060716982e-11,
                0.6691306829452515,
                0.7431447505950928
            ]
        },
        "non_kin": {}
    },
    "wicker_basket.n.01_1": {
        "is_asleep": false,
        "root_link": {
            "pos": [
                6.148709774017334,
                -0.7553120851516724,
                0.08518484979867935
            ],
            "ori": [
                -0.0004979672376066446,
                -0.00033967383205890656,
                -0.6954269409179688,
                0.7185969948768616
            ],
            "lin_vel": [
                -1.4040362657397054e-05,
                1.2036392945447005e-05,
                -1.3066348401480354e-05
            ],
            "ang_vel": [
                7.743695459794253e-05,
                -4.279374479665421e-05,
                -1.5344996029398317e-07
            ]
        },
        "non_kin": {
            "Temperature": {
                "temperature": 23.0
            }
        }
    },
    "wicker_basket.n.01_2": {
        "is_asleep": false,
        "root_link": {
            "pos": [
                5.610949993133545,
                -0.8903250098228455,
                0.08518482744693756
            ],
            "ori": [
                0.0004771341336891055,
                -0.00036857507075183094,
                0.8984906673431396,
                0.4389929473400116
            ],
            "lin_vel": [
                7.803018888807856e-06,
                1.3328331988304853e-05,
                -6.304830094450153e-06
            ],
            "ang_vel": [
                -4.643862121156417e-05,
                -7.3080536822089925e-06,
                1.0089871466334444e-05
            ]
        },
        "non_kin": {
            "Temperature": {
                "temperature": 23.0
            }
        }
    },
    "bok_choy.n.02_1": {
        "is_asleep": false,
        "root_link": {
            "pos": [
                6.066529750823975,
                -0.7855510115623474,
                0.07402298599481583
            ],
            "ori": [
                -0.8576393127441406,
                0.26172935962677,
                0.3932616114616394,
                -0.2032201886177063
            ],
            "lin_vel": [
                -9.792531636776403e-05,
                -0.00045459208195097744,
                -0.00040175486356019974
            ],
            "ang_vel": [
                0.005862967576831579,
                0.00012547434016596526,
                -0.0065321652218699455
            ]
        },
        "non_kin": {
            "Temperature": {
                "temperature": 23.0
            },
            "MaxTemperature": {
                "max_temperature": 23.0
            }
        }
    },
    "bok_choy.n.02_2": {
        "is_asleep": false,
        "root_link": {
            "pos": [
                6.144218444824219,
                -0.7751787900924683,
                0.05401952564716339
            ],
            "ori": [
                0.01405555009841919,
                -0.17499513924121857,
                0.9844297766685486,
                0.008790544234216213
            ],
            "lin_vel": [
                -0.00011287182132946327,
                -0.00017549030599184334,
                -0.00011701454786816612
            ],
            "ang_vel": [
                0.0024666613899171352,
                -0.0024449031334370375,
                0.0006865320028737187
            ]
        },
        "non_kin": {
            "Temperature": {
                "temperature": 23.0
            },
            "MaxTemperature": {
                "max_temperature": 23.0
            }
        }
    },
    "bok_choy.n.02_3": {
        "is_asleep": false,
        "root_link": {
            "pos": [
                6.202302932739258,
                -0.7062035799026489,
                0.08720246702432632
            ],
            "ori": [
                0.09289620816707611,
                0.7419472336769104,
                0.6514099836349487,
                0.1286465972661972
            ],
            "lin_vel": [
                0.00016010076797101647,
                3.2611053029540926e-05,
                -0.0006338111707009375
            ],
            "ang_vel": [
                -0.002895849058404565,
                -0.006328990682959557,
                0.007189902476966381
            ]
        },
        "non_kin": {
            "Temperature": {
                "temperature": 23.0
            },
            "MaxTemperature": {
                "max_temperature": 23.0
            }
        }
    },
    "vidalia_onion.n.01_1": {
        "is_asleep": false,
        "root_link": {
            "pos": [
                5.5678253173828125,
                -0.8924951553344727,
                0.07135283201932907
            ],
            "ori": [
                0.061270006000995636,
                -0.5915742516517639,
                0.23049594461917877,
                0.7701672911643982
            ],
            "lin_vel": [
                -0.0034340117126703262,
                -0.0016341609880328178,
                -0.002260089386254549
            ],
            "ang_vel": [
                -0.002996688010171056,
                -0.12954960763454437,
                0.0796753391623497
            ]
        },