{
    "mixing_bowl.n.01_1": {
        "is_asleep": true,
        "root_link": {
            "pos": [
                7.224119663238525,
                -1.7536113262176514,
                0.9559366703033447
            ],
            "ori": [
                -7.401686161756516e-07,
                2.109605702571571e-06,
                0.12061414122581482,
                0.9927005171775818
            ],
            "lin_vel": [
                0.0,
                0.0,
                0.0
            ],
            "ang_vel": [
                0.0,
                0.0,
                0.0
            ]
        },
        "non_kin": {
            "Temperature": {
                "temperature": 23.0
            }
        }
    },
    "mixing_bowl.n.01_2": {
        "is_asleep": true,
        "root_link": {
            "pos": [
                4.846017837524414,
                -1.8712671995162964,
                0.9559326171875
            ],
            "ori": [
                -8.01868736743927e-07,
                -2.3613974917680025e-06,
                0.5291800498962402,
                0.8485117554664612
            ],
            "lin_vel": [
                0.0,
                0.0,
                0.0
            ],
            "ang_vel": [
                0.0,
                0.0,
                0.0
            ]
        },
        "non_kin": {
            "Temperature": {
                "temperature": 23.0
            }
        }
    },
    "mixing_bowl.n.01_3": {
        "is_asleep": true,
        "root_link": {
            "pos": [
                6.767151832580566,
                -1.7702032327651978,
                0.9559385776519775
            ],
            "ori": [
                2.849847078323364e-07,
                2.245422365376726e-06,
                0.5541437268257141,
                0.83242267370224
            ],
            "lin_vel": [
                0.0,
                0.0,
                0.0
            ],
            "ang_vel": [
                0.0,
                0.0,
                0.0
            ]
        },
        "non_kin": {
            "Temperature": {
                "temperature": 23.0
            }
        }
    },
    "countertop.n.01_1": {
        "is_asleep": false,
        "root_link": {
            "pos": [
                6.0294647216796875,
                -1.9837117195129395,
                0.8694865107536316
            ],
            "ori": [
                7.628954412641775e-11,
                6.869142060716982e-11,
                0.6691306829452515,
                0.7431447505950928
            ]
        },
        "non_kin": {}
    },
    "wicker_basket.n.01_1": {
        "is_asleep": false,
        "root_link": {
            "pos": [
                5.010614395141602,
                -0.47130537033081055,
                0.08518482744693756
            ],
            "ori": [
                0.0006028765346854925,
                -3.0862283892929554e-06,
                0.9804549813270569,
                -0.1967446208000183
            ],
            "lin_vel": [
                7.189080861280672e-06,
                3.19029604725074e-05,
                -1.4679751984658651e-05
            ],
            "ang_vel": [
                -0.0001370053505524993,
                2.8810067306039855e-05,
                -1.5162388990574982e-05
            ]
        },
        "non_kin": {
            "Temperature": {
                "temperature": 23.0
            }
        }
    },
    "wicker_basket.n.01_2": {
        "is_asleep": false,
        "root_link": {
            "pos": [
                8.935653686523438,
                1.5853745937347412,
                0.08518487215042114
            ],
            "ori": [
                0.0006020263535901904,
                -3.18311904266011e-05,
                0.988714873790741,
                -0.14980964362621307
            ],
            "lin_vel": [
                3.568470674508717e-06,
                8.11737663752865e-06,
                -5.964492629573215e-06
            ],
            "ang_vel": [
                -2.463926466589328e-05,
                4.971636371919885e-05,
                2.9902113965363242e-05
            ]
        },
        "non_kin": {
            "Temperature": {
                "temperature": 23.0
            }
        }
    },
    "bok_choy.n.02_1": {
        "is_asleep": false,
        "root_link": {
            "pos": [
                4.9639458656311035,
                -0.4045894145965576,
                0.09586245566606522
            ],
            "ori": [
                -0.9802643656730652,
                -0.18512709438800812,
                -0.0692022442817688,
                0.004609429277479649
            ],
            "lin_vel": [
                0.001399051514454186,
                -0.002350954106077552,
                -0.0007174443453550339
            ],
            "ang_vel": [
                0.005713311955332756,
                0.021425548940896988,
                -0.07154855877161026
            ]
        },
        "non_kin": {
            "Temperature": {
                "temperature": 23.0
            },
            "MaxTemperature": {
                "max_temperature": 23.0
            }
        }
    },
    "bok_choy.n.02_2": {
        "is_asleep": false,
        "root_link": {
            "pos": [
                4.993672847747803,
                -0.4604848623275757,
                0.07381357252597809
            ],
            "ori": [
                -0.2033373862504959,
                0.6438704133033752,
                0.7049450278282166,
                0.2171119600534439
            ],
            "lin_vel": [
                0.0014144721208140254,
                -0.003932537976652384,
                -0.0004866628150921315
            ],
            "ang_vel": [
                -0.010469038039445877,
                0.005029136780649424,
                -0.06708640605211258
            ]
        },
        "non_kin": {
            "Temperature": {
                "temperature": 23.0
            },
            "MaxTemperature": {
                "max_temperature": 23.0
            }
        }
    },
    "bok_choy.n.02_3": {
        "is_asleep": false,
        "root_link": {
            "pos": [
                4.970999717712402,
                -0.36326026916503906,
                0.10829082876443863
            ],
            "ori": [
                -0.4660230576992035,
                0.42289453744888306,
                0.44488003849983215,
                0.6372320055961609
            ],
            "lin_vel": [
                7.153703336371109e-05,
                4.0254831219499465e-06,
                4.2502415453782305e-06
            ],
            "ang_vel": [
                -0.000251829216722399,
                0.0010042879730463028,
                0.0028229989111423492
            ]
        },
        "non_kin": {
            "Temperature": {
                "temperature": 23.0
            },
            "MaxTemperature": {
                "max_temperature": 23.0
            }
        }
    },
    "vidalia_onion.n.01_1": {
        "is_asleep": false,
        "root_link": {
            "pos": [
                8.973882675170898,
                1.465055227279663,
                0.08671313524246216
            ],
            "ori": [
                0.6852323412895203,
                0.41229498386383057,
                0.1680806428194046,
                -0.5763840675354004
            ],
            "lin_vel": [
                -0.0001266915787709877,
                -0.00023727223742753267,
                -0.0004064796958118677
            ],
            "ang_vel": [
                -0.0103035569190979,
                -0.02285894937813282,
                -0.021231170743703842
            ]
        },
        "non_kin": {
            "Temperature": {
                "temperature": 23.0
            },