{
    "mixing_bowl.n.01_1": {
        "is_asleep": true,
        "root_link": {
            "pos": [
                7.1848273277282715,
                -1.7920833826065063,
                0.9559398889541626
            ],
            "ori": [
                5.42961061000824e-07,
                3.195178578607738e-06,
                0.874170184135437,
                0.4856226444244385
            ],
            "lin_vel": [
                0.0,
                0.0,
                0.0
            ],
            "ang_vel": [
                0.0,
                0.0,
                0.0
            ]
        },
        "non_kin": {
            "Temperature": {
                "temperature": 23.0
            }
        }
    },
    "mixing_bowl.n.01_2": {
        "is_asleep": true,
        "root_link": {
            "pos": [
                4.972933292388916,
                -1.8093109130859375,
                0.9559334516525269
            ],
            "ori": [
                4.676112439483404e-07,
                -2.4933251552283764e-06,
                0.032371263951063156,
                0.9994791150093079
            ],
            "lin_vel": [
                0.0,
                0.0,
                0.0
            ],
            "ang_vel": [
                0.0,
                0.0,
                0.0
            ]
        },
        "non_kin": {
            "Temperature": {
                "temperature": 23.0
            }
        }
    },
    "mixing_bowl.n.01_3": {
        "is_asleep": true,
        "root_link": {
            "pos": [
                6.752266883850098,
                -1.8522231578826904,
                0.9559419751167297
            ],
            "ori": [
                2.0265579223632812e-06,
                2.145388862118125e-06,
                0.9919500350952148,
                -0.12664638459682465
            ],
            "lin_vel": [
                0.0,
                0.0,
                0.0
            ],
            "ang_vel": [
                0.0,
                0.0,
                0.0
            ]
        },
        "non_kin": {
            "Temperature": {
                "temperature": 23.0
            }
        }
    },
    "countertop.n.01_1": {
        "is_asleep": false,
        "root_link": {
            "pos": [
                6.0294647216796875,
                -1.9837117195129395,
                0.8694865107536316
            ],
            "ori": [
                7.628954412641775e-11,
                6.869142060716982e-11,
                0.6691306829452515,
                0.7431447505950928
            ]
        },
        "non_kin": {}
    },
    "wicker_basket.n.01_1": {
        "is_asleep": false,
        "root_link": {
            "pos": [
                5.199951648712158,
                1.5896563529968262,
                0.08518489450216293
            ],
            "ori": [
                0.0006013365928083658,
                3.737690713023767e-05,
                0.9650594592094421,
                -0.2620313763618469
            ],
            "lin_vel": [
                4.220957634970546e-06,
                8.951003837864846e-05,
                -2.8740063498844393e-05
            ],
            "ang_vel": [
                -0.00014273065607994795,
                -0.0003924161137547344,
                -0.00015861769497860223
            ]
        },
        "non_kin": {
            "Temperature": {
                "temperature": 23.0
            }
        }
    },
    "wicker_basket.n.01_2": {
        "is_asleep": true,
        "root_link": {
            "pos": [
                9.093941688537598,
                1.7134783267974854,
                0.08518482744693756
            ],
            "ori": [
                0.0005315868183970451,
                -0.00028440088499337435,
                0.9587995409965515,
                0.2840838134288788
            ],
            "lin_vel": [
                0.0,
                0.0,
                0.0
            ],
            "ang_vel": [
                0.0,
                0.0,
                0.0
            ]
        },
        "non_kin": {
            "Temperature": {
                "temperature": 23.0
            }
        }
    },
    "bok_choy.n.02_1": {
        "is_asleep": false,
        "root_link": {
            "pos": [
                5.219196319580078,
                1.5090079307556152,
                0.10126884281635284
            ],
            "ori": [
                0.4685864746570587,
                0.850086510181427,
                0.24033494293689728,
                -0.004350447561591864
            ],
            "lin_vel": [
                -0.0003656701883301139,
                0.001768885413184762,
                -0.00021762491087429225
            ],
            "ang_vel": [
                -0.015334670431911945,
                -0.007188991643488407,
                -0.015093999914824963
            ]
        },
        "non_kin": {
            "Temperature": {
                "temperature": 23.0
            },
            "MaxTemperature": {
                "max_temperature": 23.0
            }
        }
    },
    "bok_choy.n.02_2": {
        "is_asleep": false,
        "root_link": {
            "pos": [
                5.17769193649292,
                1.5996155738830566,
                0.10414347797632217
            ],
            "ori": [
                -0.23418857157230377,
                -0.10046025365591049,
                0.30150941014289856,
                0.9187794923782349
            ],
            "lin_vel": [
                -0.0007651262567378581,
                0.003380832262337208,
                -0.0007536202319897711
            ],
            "ang_vel": [
                -0.017524005845189095,
                -0.0009981875773519278,
                0.030220726504921913
            ]
        },
        "non_kin": {
            "Temperature": {
                "temperature": 23.0
            },
            "MaxTemperature": {
                "max_temperature": 23.0
            }
        }
    },
    "bok_choy.n.02_3": {
        "is_asleep": false,
        "root_link": {
            "pos": [
                5.21789026260376,
                1.6001845598220825,
                0.12414843589067459
            ],
            "ori": [
                0.5127007961273193,
                0.43073341250419617,
                0.7125608921051025,
                0.2094370573759079
            ],
            "lin_vel": [
                -0.001977680716663599,
                0.001527432817965746,
                0.0013118044007569551
            ],
            "ang_vel": [
                0.04606006667017937,
                -0.06869163364171982,
                0.03966398164629936
            ]
        },
        "non_kin": {
            "Temperature": {
                "temperature": 23.0
            },
            "MaxTemperature": {
                "max_temperature": 23.0
            }
        }
    },
    "vidalia_onion.n.01_1": {
        "is_asleep": true,
        "root_link": {
            "pos": [
                9.142486572265625,
                1.7738591432571411,
                0.0914241150021553
            ],
            "ori": [
                0.08847212046384811,
                0.8160474896430969,
                0.5328569412231445,
                0.2056768238544464
            ],
            "lin_vel": [
                0.0,
                0.0,
                0.0
            ],
            "ang_vel": [
                0.0,
                0.0,
                0.0
            ]
        },
        "non_kin": {
            "Temperature": {
                "temperature": 23.0
            },
            "MaxTemperature": {
                "max_temperature": 23.0
            }
        }
    },
    "vidalia_onion.n.01_2": {
        "is_asleep": true,