{
    "mixing_bowl.n.01_1": {
        "is_asleep": true,
        "root_link": {
            "pos": [
                4.754204750061035,
                -1.8127471208572388,
                0.9559321999549866
            ],
            "ori": [
                1.0896474123001099e-06,
                -2.371059963479638e-06,
                -0.2188560515642166,
                0.9757591485977173
            ],
            "lin_vel": [
                0.0,
                0.0,
                0.0
            ],
            "ang_vel": [
                0.0,
                0.0,
                0.0
            ]
        },
        "non_kin": {
            "Temperature": {
                "temperature": 23.0
            }
        }
    },
    "mixing_bowl.n.01_2": {
        "is_asleep": true,
        "root_link": {
            "pos": [
                5.226962566375732,
                -1.879534363746643,
                0.9559345841407776
            ],
            "ori": [
                -2.419576048851013e-06,
                7.822527550160885e-07,
                0.8665928840637207,
                -0.49901914596557617
            ],
            "lin_vel": [
                0.0,
                0.0,
                0.0
            ],
            "ang_vel": [
                0.0,
                0.0,
                0.0
            ]
        },
        "non_kin": {
            "Temperature": {
                "temperature": 23.0
            }
        }
    },
    "mixing_bowl.n.01_3": {
        "is_asleep": true,
        "root_link": {
            "pos": [
                6.501178741455078,
                -1.8190380334854126,
                0.955939769744873
            ],
            "ori": [
                -2.2277235984802246e-06,
                5.631009116768837e-07,
                -0.7872998714447021,
                0.6165739297866821
            ],
            "lin_vel": [
                0.0,
                0.0,
                0.0
            ],
            "ang_vel": [
                0.0,
                0.0,
                0.0
            ]
        },
        "non_kin": {
            "Temperature": {
                "temperature": 23.0
            }
        }
    },
    "countertop.n.01_1": {
        "is_asleep": false,
        "root_link": {
            "pos": [
                6.0294647216796875,
                -1.9837117195129395,
                0.8694865107536316
            ],
            "ori": [
                7.628954412641775e-11,
                6.869142060716982e-11,
                0.6691306829452515,
                0.7431447505950928
            ]
        },
        "non_kin": {}
    },
    "wicker_basket.n.01_1": {
        "is_asleep": false,
        "root_link": {
            "pos": [
                5.2076849937438965,
                1.660946011543274,
                0.08518480509519577
            ],
            "ori": [
                -0.00029216770781204104,
                -0.0005272095440886915,
                -0.29811739921569824,
                0.9545292258262634
            ],
            "lin_vel": [
                -1.744005930959247e-05,
                6.029370524629485e-06,
                -3.09822462440934e-05
            ],
            "ang_vel": [
                -8.027137664612383e-05,
                3.748038216144778e-05,
                -9.397241228725761e-06
            ]
        },
        "non_kin": {
            "Temperature": {
                "temperature": 23.0
            }
        }
    },
    "wicker_basket.n.01_2": {
        "is_asleep": false,
        "root_link": {
            "pos": [
                7.554844856262207,
                -0.9208856821060181,
                0.08518482744693756
            ],
            "ori": [
                0.0002756553003564477,
                -0.0005359665374271572,
                0.6274569630622864,
                0.7786513566970825
            ],
            "lin_vel": [
                2.9249298677314073e-05,
                2.262636917294003e-05,
                -8.149983477778733e-05
            ],
            "ang_vel": [
                0.00013363991456571966,
                0.0006643886445090175,
                0.0003939037851523608
            ]
        },
        "non_kin": {
            "Temperature": {
                "temperature": 23.0
            }
        }
    },
    "bok_choy.n.02_1": {
        "is_asleep": false,
        "root_link": {
            "pos": [
                5.248081207275391,
                1.6280620098114014,
                0.06843867152929306
            ],
            "ori": [
                -0.21664690971374512,
                0.05862915888428688,
                -0.7740491628646851,
                0.5920091271400452
            ],
            "lin_vel": [
                -0.00036265363451093435,
                -0.0006120189209468663,
                3.8750062230974436e-05
            ],
            "ang_vel": [
                -0.0013977575581520796,
                -0.0062654996290802956,
                0.0010014541912823915
            ]
        },
        "non_kin": {
            "Temperature": {
                "temperature": 23.0
            },
            "MaxTemperature": {
                "max_temperature": 23.0
            }
        }
    },
    "bok_choy.n.02_2": {
        "is_asleep": false,
        "root_link": {
            "pos": [
                5.185028553009033,
                1.6462115049362183,
                0.08181552588939667
            ],
            "ori": [
                0.025003548711538315,
                0.22423887252807617,
                -0.4839756190776825,
                0.845493733882904
            ],
            "lin_vel": [
                -0.0003324850113131106,
                -0.00019576438353396952,
                -0.002645393367856741
            ],
            "ang_vel": [
                -0.027447907254099846,
                -0.0012021337170153856,
                0.024803919717669487
            ]
        },
        "non_kin": {
            "Temperature": {
                "temperature": 23.0
            },
            "MaxTemperature": {
                "max_temperature": 23.0
            }
        }
    },
    "bok_choy.n.02_3": {
        "is_asleep": false,
        "root_link": {
            "pos": [
                5.203604221343994,
                1.5830074548721313,
                0.08913248777389526
            ],
            "ori": [
                -0.003913801163434982,
                -0.3537093698978424,
                0.31019365787506104,
                0.882413923740387
            ],
            "lin_vel": [
                -0.001093819853849709,
                0.0009783967398107052,
                -0.000341216305969283
            ],
            "ang_vel": [
                -0.01948135532438755,
                -0.02722042053937912,
                -0.023660808801651
            ]
        },
        "non_kin": {
            "Temperature": {
                "temperature": 23.0
            },
            "MaxTemperature": {
                "max_temperature": 23.0
            }
        }
    },
    "vidalia_onion.n.01_1": {
        "is_asleep": false,
        "root_link": {
            "pos": [
                7.60713529586792,
                -0.9759147763252258,
                0.09314912557601929
            ],
            "ori": [
                0.417365163564682,
                0.3901180624961853,
                0.7224843502044678,
                0.3893979787826538
            ],
            "lin_vel": [
                7.366613863268867e-05,
                -0.001226966269314289,
                -0.0011238446459174156
            ],
            "ang_vel": [
                0.029472677037119865,
                -0.000632867100648582,
                0.04813055694103241
            ]
        },
        "non_kin": {
            "Temperature": {
                "temperature": 23.0
            },