{
    "mixing_bowl.n.01_1": {
        "is_asleep": true,
        "root_link": {
            "pos": [
                7.089355945587158,
                -1.8041201829910278,
                0.9559372663497925
            ],
            "ori": [
                -1.50362029671669e-06,
                1.5804253052920103e-06,
                -0.2928057014942169,
                0.9561745524406433
            ],
            "lin_vel": [
                0.0,
                0.0,
                0.0
            ],
            "ang_vel": [
                0.0,
                0.0,
                0.0
            ]
        },
        "non_kin": {
            "Temperature": {
                "temperature": 23.0
            }
        }
    },
    "mixing_bowl.n.01_2": {
        "is_asleep": true,
        "root_link": {
            "pos": [
                5.24373722076416,
                -1.7274411916732788,
                0.9559348821640015
            ],
            "ori": [
                -5.792826414108276e-07,
                -2.485152435838245e-06,
                0.418599933385849,
                0.908172070980072
            ],
            "lin_vel": [
                0.0,
                0.0,
                0.0
            ],
            "ang_vel": [
                0.0,
                0.0,
                0.0
            ]
        },
        "non_kin": {
            "Temperature": {
                "temperature": 23.0
            }
        }
    },
    "mixing_bowl.n.01_3": {
        "is_asleep": true,
        "root_link": {
            "pos": [
                6.585930824279785,
                -1.7850254774093628,
                0.9559392929077148
            ],
            "ori": [
                8.093193173408508e-07,
                2.0986481104046106e-06,
                0.7393491268157959,
                0.6733255386352539
            ],
            "lin_vel": [
                0.0,
                0.0,
                0.0
            ],
            "ang_vel": [
                0.0,
                0.0,
                0.0
            ]
        },
        "non_kin": {
            "Temperature": {
                "temperature": 23.0
            }
        }
    },
    "countertop.n.01_1": {
        "is_asleep": false,
        "root_link": {
            "pos": [
                6.0294647216796875,
                -1.9837117195129395,
                0.8694865107536316
            ],
            "ori": [
                7.628954412641775e-11,
                6.869142060716982e-11,
                0.6691306829452515,
                0.7431447505950928
            ]
        },
        "non_kin": {}
    },
    "wicker_basket.n.01_1": {
        "is_asleep": false,
        "root_link": {
            "pos": [
                5.287961959838867,
                1.676021695137024,
                0.08518484234809875
            ],
            "ori": [
                -0.000368312350474298,
                -0.00047728861682116985,
                -0.43843507766723633,
                0.8987630605697632
            ],
            "lin_vel": [
                -6.3717307057231665e-06,
                1.6229363609454595e-05,
                -2.9322733098524623e-05
            ],
            "ang_vel": [
                -2.273794507345883e-06,
                -0.00011886073480127379,
                -8.861414971761405e-05
            ]
        },
        "non_kin": {
            "Temperature": {
                "temperature": 23.0
            }
        }
    },
    "wicker_basket.n.01_2": {
        "is_asleep": true,
        "root_link": {
            "pos": [
                7.185482025146484,
                -1.0011597871780396,
                0.08518484234809875
            ],
            "ori": [
                -0.0002933465293608606,
                -0.0005266211228445172,
                -0.30034518241882324,
                0.9538306593894958
            ],
            "lin_vel": [
                0.0,
                0.0,
                0.0
            ],
            "ang_vel": [
                0.0,
                0.0,
                0.0
            ]
        },
        "non_kin": {
            "Temperature": {
                "temperature": 23.0
            }
        }
    },
    "bok_choy.n.02_1": {
        "is_asleep": false,
        "root_link": {
            "pos": [
                5.233354091644287,
                1.6543253660202026,
                0.08875514566898346
            ],
            "ori": [
                0.3807942271232605,
                0.4374018609523773,
                -4.13358211517334e-05,
                0.8146626949310303
            ],
            "lin_vel": [
                0.0013427574886009097,
                0.0012880999129265547,
                -0.0004837704764213413
            ],
            "ang_vel": [
                0.044935550540685654,
                0.027981143444776535,
                -0.05825299769639969
            ]
        },
        "non_kin": {
            "Temperature": {
                "temperature": 23.0
            },
            "MaxTemperature": {
                "max_temperature": 23.0
            }
        }
    },
    "bok_choy.n.02_2": {
        "is_asleep": false,
        "root_link": {
            "pos": [
                5.2594499588012695,
                1.5963222980499268,
                0.07953079044818878
            ],
            "ori": [
                0.7894586324691772,
                0.0790514424443245,
                0.08734863251447678,
                0.6023922562599182
            ],
            "lin_vel": [
                -0.0002556924882810563,
                -1.1650461601675488e-05,
                -4.9406724428990856e-05
            ],
            "ang_vel": [
                0.006037004292011261,
                -0.000700131815392524,
                0.004905333276838064
            ]
        },
        "non_kin": {
            "Temperature": {
                "temperature": 23.0
            },
            "MaxTemperature": {
                "max_temperature": 23.0
            }
        }
    },
    "bok_choy.n.02_3": {
        "is_asleep": false,
        "root_link": {
            "pos": [
                5.36903715133667,
                1.6589829921722412,
                0.10785383731126785
            ],
            "ori": [
                -0.4930688440799713,
                0.8638312220573425,
                0.027605175971984863,
                -0.09958336502313614
            ],
            "lin_vel": [
                -2.84236029983731e-05,
                0.00014625926269218326,
                4.3994801671942696e-05
            ],
            "ang_vel": [
                0.003668596502393484,
                0.0048883408308029175,
                -0.0014621471054852009
            ]
        },
        "non_kin": {
            "Temperature": {
                "temperature": 23.0
            },
            "MaxTemperature": {
                "max_temperature": 23.0
            }
        }
    },
    "vidalia_onion.n.01_1": {
        "is_asleep": true,
        "root_link": {
            "pos": [
                7.288516044616699,
                -0.9196659922599792,
                0.05391504615545273
            ],
            "ori": [
                0.25311610102653503,
                0.8809329271316528,
                -0.28284329175949097,
                -0.2826468348503113
            ],
            "lin_vel": [
                0.0,
                0.0,
                0.0
            ],
            "ang_vel": [
                0.0,
                0.0,
                0.0
            ]
        },
        "non_kin": {
            "Temperature": {
                "temperature": 23.0
            },
            "MaxTemperature": {
                "max_temperature": 23.0
            }
        }
    },
    "vidalia_onion.n.01_2": {
        "is_asleep": true,