{
    "wicker_basket.n.01_1": {
        "is_asleep": true,
        "root_link": {
            "pos": [
                5.454674243927002,
                4.014577865600586,
                0.08716832101345062
            ],
            "ori": [
                0.000683007063344121,
                -0.00021089936490170658,
                0.9941610097885132,
                0.10790703445672989
            ],
            "lin_vel": [
                0.0,
                0.0,
                0.0
            ],
            "ang_vel": [
                0.0,
                0.0,
                0.0
            ]
        },
        "non_kin": {
            "Temperature": {
                "temperature": 23.0
            }
        }
    },
    "wicker_basket.n.01_2": {
        "is_asleep": true,
        "root_link": {
            "pos": [
                4.994875907897949,
                5.533868312835693,
                0.08716829866170883
            ],
            "ori": [
                0.00035965442657470703,
                -0.0006177934701554477,
                0.6583347320556641,
                0.7527250051498413
            ],
            "lin_vel": [
                0.0,
                0.0,
                0.0
            ],
            "ang_vel": [
                0.0,
                0.0,
                0.0
            ]
        },
        "non_kin": {
            "Temperature": {
                "temperature": 23.0
            }
        }
    },
    "wicker_basket.n.01_3": {
        "is_asleep": true,
        "root_link": {
            "pos": [
                5.238164901733398,
                4.861806869506836,
                0.08716830611228943
            ],
            "ori": [
                -0.0006027729250490665,
                -0.00038424466038122773,
                -0.7255876064300537,
                0.6881296038627625
            ],
            "lin_vel": [
                0.0,
                0.0,
                0.0
            ],
            "ang_vel": [
                0.0,
                0.0,
                0.0
            ]
        },
        "non_kin": {
            "Temperature": {
                "temperature": 23.0
            }
        }
    },
    "wicker_basket.n.01_4": {
        "is_asleep": true,
        "root_link": {
            "pos": [
                4.518830299377441,
                5.713321685791016,
                0.08716833591461182
            ],
            "ori": [
                -0.0004334491677582264,
                -0.0005684601492248476,
                -0.44398969411849976,
                0.8960318565368652
            ],
            "lin_vel": [
                0.0,
                0.0,
                0.0
            ],
            "ang_vel": [
                0.0,
                0.0,
                0.0
            ]
        },
        "non_kin": {
            "Temperature": {
                "temperature": 23.0
            }
        }
    },
    "floor.n.01_1": {
        "is_asleep": false,
        "root_link": {
            "pos": [
                3.866909980773926,
                5.666343688964844,
                -0.15000006556510925
            ],
            "ori": [
                0.0,
                0.0,
                0.0,
                1.0
            ]
        },
        "non_kin": {}
    },
    "candle.n.01_1": {
        "is_asleep": true,
        "root_link": {
            "pos": [
                3.7863802909851074,
                5.536478042602539,
                0.4624897539615631
            ],
            "ori": [
                0.00011087697930634022,
                4.472583532333374e-05,
                -0.15643535554409027,
                0.9876882433891296
            ],
            "lin_vel": [
                0.0,
                0.0,
                0.0
            ],
            "ang_vel": [
                0.0,
                0.0,
                0.0
            ]
        },
        "non_kin": {}
    },
    "candle.n.01_2": {
        "is_asleep": true,
        "root_link": {
            "pos": [
                3.733586311340332,
                5.717665195465088,
                0.46253490447998047
            ],
            "ori": [
                1.12876296043396e-05,
                -0.00011900113895535469,
                0.99156254529953,
                -0.1296294629573822
            ],
            "lin_vel": [
                0.0,
                0.0,
                0.0
            ],
            "ang_vel": [
                0.0,
                0.0,
                0.0
            ]
        },
        "non_kin": {}
    },
    "candle.n.01_3": {
        "is_asleep": true,
        "root_link": {
            "pos": [
                3.835679531097412,
                5.0248284339904785,
                0.4623674154281616
            ],
            "ori": [
                9.499676525592804e-05,
                -7.206946611404419e-05,
                0.7707419991493225,
                0.6371476054191589
            ],
            "lin_vel": [
                0.0,
                0.0,
                0.0
            ],
            "ang_vel": [
                0.0,
                0.0,
                0.0
            ]
        },
        "non_kin": {}
    },
    "candle.n.01_4": {
        "is_asleep": true,
        "root_link": {
            "pos": [
                3.511293649673462,
                5.931202411651611,
                0.46259647607803345
            ],
            "ori": [
                -2.458319067955017e-05,
                -0.00011699274182319641,
                0.9050855040550232,
                -0.425229549407959
            ],
            "lin_vel": [
                0.0,
                0.0,
                0.0
            ],
            "ang_vel": [
                0.0,
                0.0,
                0.0
            ]
        },
        "non_kin": {}
    },
    "butter_cookie.n.01_1": {
        "is_asleep": true,
        "root_link": {
            "pos": [
                3.8631021976470947,
                4.653560638427734,
                0.4318176209926605
            ],
            "ori": [
                -0.000903373584151268,
                0.0008337966282851994,
                0.9966012239456177,
                0.08236926048994064
            ],
            "lin_vel": [
                0.0,
                0.0,
                0.0
            ],
            "ang_vel": [
                0.0,
                0.0,
                0.0
            ]
        },
        "non_kin": {
            "Temperature": {
                "temperature": 23.0
            },
            "MaxTemperature": {
                "max_temperature": 23.0
            }
        }
    },
    "butter_cookie.n.01_2": {
        "is_asleep": true,
        "root_link": {
            "pos": [
                3.244810104370117,
                5.882776260375977,
                0.4321373999118805
            ],
            "ori": [
                0.0009036613628268242,
                0.0010959882056340575,
                0.07868021726608276,
                0.9968990683555603
            ],
            "lin_vel": [
                0.0,
                0.0,
                0.0
            ],
            "ang_vel": [
                0.0,
                0.0,
                0.0
            ]
        },
        "non_kin": {
            "Temperature": {
                "temperature": 23.0
            },
            "MaxTemperature": {
                "max_temperature": 23.0
            }
        }
    },
    "butter_cookie.n.01_3": {
        "is_asleep": true,
        "root_link": {
            "pos": [
                3.6232707500457764,
                4.6615400314331055,
                0.431831955909729
            ],
            "ori": [
                -0.0013233544304966927,
                0.00020577278337441385,
                0.8949666619300842,
                -0.44613146781921387
            ],