{
    "agent.n.01_1": {
        "is_asleep": false,
        "root_link": {
            "pos": [
                -50.0,
                -50.0,
                -50.0
            ],
            "ori": [
                0.0,
                0.0,
                0.0,
                1.0
            ],
            "lin_vel": [
                0.0,
                0.0,
                0.0
            ],
            "ang_vel": [
                0.0,
                0.0,
                0.0
            ]
        },
        "joint_pos": [
            54.92104721069336,
            50.87983322143555,
            50.003780364990234,
            0.008280922658741474,
            0.005797018762677908,
            0.12851502001285553,
            -7.044880476314574e-05,
            -0.0002607806818559766,
            0.00011153589002788067,
            4.022822849947261e-06,
            -8.926534974307287e-06,
            3.59412188117858e-05,
            1.9059971570968628,
            1.9059929847717285,
            -0.9909886121749878,
            -0.9909915328025818,
            1.571000337600708,
            1.5709989070892334,
            0.915006697177887,
            0.9150047302246094,
            -1.5709987878799438,
            -1.5709997415542603,
            0.049999915063381195,
            0.049999989569187164,
            0.0499998964369297,
            0.04999995604157448
        ],
        "joint_vel": [
            0.00014205608749762177,
            0.0003508009831421077,
            -0.0005985047318972647,
            0.0003551182453520596,
            -0.0014346229145303369,
            0.00017819280037656426,
            0.0029802536591887474,
            -0.0010856299195438623,
            0.00016342363960575312,
            0.0010299731511622667,
            0.0010113432072103024,
            0.0003116622392553836,
            -0.0015575720462948084,
            0.0017883453983813524,
            -0.0006258909124881029,
            8.107797475531697e-05,
            0.0014372927835211158,
            0.0005500421393662691,
            -0.001341383089311421,
            0.0010737597476691008,
            -0.0011699589667841792,
            -0.0005778721533715725,
            2.4017186660785228e-05,
            6.83035068504978e-07,
            -9.015957402880304e-08,
            1.5503474060096778e-05
        ],
        "controllers": {
            "base": {
                "goal_is_valid": true,
                "goal": {
                    "target": [
                        0.0,
                        0.0,
                        0.0
                    ]
                }
            },
            "trunk": {
                "goal_is_valid": true,
                "goal": {
                    "target": [
                        -7.034826558083296e-05,
                        -0.0002605617337394506,
                        0.0001116463026846759,
                        3.31923342855589e-06
                    ]
                }
            },
            "arm_left": {
                "goal_is_valid": true,
                "goal": {
                    "target_pos": [
                        0.5446200370788574,
                        0.3968481719493866,
                        1.4467843770980835
                    ],
                    "target_ori_mat": [
                        [
                            -0.006778359413146973,
                            4.6662287786602974e-05,
                            0.9999771118164062
                        ],
                        [
                            0.0031178074423223734,
                            -0.999995231628418,
                            6.779690738767385e-05
                        ],
                        [
                            0.9999722242355347,
                            0.0031181955710053444,
                            0.006778061389923096
                        ]
                    ]
                },
                "control_filter": {
                    "past_samples": [
                        [
                            -9.255481927539222e-06,
                            1.905998706817627,
                            -0.990990161895752,
                            1.5710002183914185,
                            0.9150069952011108,
                            -1.5709985494613647
                        ],
                        [
                            -7.286194886546582e-06,
                            1.9059983491897583,
                            -0.9909939765930176,
                            1.5710004568099976,
                            0.9150053262710571,
                            -1.570999026298523
                        ]
                    ],
                    "current_idx": 0,
                    "fully_filled": true
                }
            },
            "gripper_left": {
                "goal_is_valid": true,
                "goal": {
                    "target": [
                        1.0
                    ]
                },
                "vel_filter": {
                    "past_samples": [
                        [
                            -4.4703480739372026e-07,
                            8.940696147874405e-07
                        ],
                        [
                            2.8163192837382667e-05,
                            -4.917382739222376e-06
                        ],
                        [
                            4.4703480739372026e-07,
                            8.940695806813892e-06
                        ],
                        [
                            -5.811452410853235e-06,
                            -1.788139229574881e-06
                        ],
                        [
                            -2.0563600628520362e-05,
                            -1.3411043937594513e-06
                        ]
                    ],
                    "current_idx": 2,
                    "fully_filled": true
                }
            },
            "arm_right": {
                "goal_is_valid": true,
                "goal": {
                    "target_pos": [
                        0.5446243286132812,
                        -0.3968372344970703,
                        1.443986415863037
                    ],
                    "target_ori_mat": [
                        [
                            0.005850315093994141,
                            -3.93320806324482e-06,
                            0.9999827742576599
                        ],
                        [
                            -0.004663361236453056,
                            -0.9999887943267822,
                            2.3348722606897354e-05
                        ],
                        [
                            0.9999719262123108,
                            -0.004663418512791395,
                            -0.005849957466125488
                        ]
                    ]
                },
                "control_filter": {
                    "past_samples": [
                        [
                            3.639433271018788e-05,
                            1.9059923887252808,
                            -0.990990936756134,
                            1.5709993839263916,
                            0.9150042533874512,
                            -1.570999264717102
                        ],
                        [
                            3.4432305255904794e-05,
                            1.9059995412826538,
                            -0.9909985065460205,
                            1.570999264717102,
                            0.915001392364502,
                            -1.5709995031356812
                        ]
                    ],
                    "current_idx": 0,
                    "fully_filled": true
                }
            },
            "gripper_right": {
                "goal_is_valid": true,