{
    "agent.n.01_1": {
        "is_asleep": false,
        "root_link": {
            "pos": [
                -50.0,
                -50.0,
                -50.0
            ],
            "ori": [
                0.0,
                0.0,
                0.0,
                1.0
            ],
            "lin_vel": [
                0.0,
                0.0,
                0.0
            ],
            "ang_vel": [
                0.0,
                0.0,
                0.0
            ]
        },
        "joint_pos": [
            57.08411407470703,
            49.03644561767578,
            50.003780364990234,
            -0.005696221720427275,
            0.008350656367838383,
            1.6872366666793823,
            -7.015843584667891e-05,
            -0.000259067805018276,
            0.00011069461470469832,
            3.817720880761044e-06,
            -7.830282811482903e-06,
            3.627937621786259e-05,
            1.9059983491897583,
            1.9059998989105225,
            -0.9909970164299011,
            -0.9909969568252563,
            1.5710006952285767,
            1.5709997415542603,
            0.9150003790855408,
            0.9150054454803467,
            -1.5709995031356812,
            -1.5710002183914185,
            0.04999994859099388,
            0.04999992251396179,
            0.049999915063381195,
            0.04999975487589836
        ],
        "joint_vel": [
            -0.0011218269355595112,
            0.00011783919762820005,
            -0.0007113932515494525,
            0.00021145722712390125,
            0.00015606131637468934,
            0.00022975014871917665,
            0.0008150242501869798,
            -0.0005160592845641077,
            -3.525799547787756e-05,
            0.001209067297168076,
            6.301149551291019e-05,
            0.001217887969687581,
            -0.0014715935103595257,
            0.0009259943617507815,
            0.0002650128735695034,
            0.0003946707001887262,
            0.0002453218912705779,
            0.002318316837772727,
            -0.0008336211321875453,
            0.0007814441341906786,
            -0.0005375930340960622,
            -0.0017729231622070074,
            5.501283521880396e-05,
            -9.254205224351608e-08,
            1.5518304280703887e-05,
            2.0494455384323373e-05
        ],
        "controllers": {
            "base": {
                "goal_is_valid": true,
                "goal": {
                    "target": [
                        0.0,
                        0.0,
                        0.0
                    ]
                }
            },
            "trunk": {
                "goal_is_valid": true,
                "goal": {
                    "target": [
                        -7.034694135654718e-05,
                        -0.0002605589688755572,
                        0.00011164607712998986,
                        3.335241899549146e-06
                    ]
                }
            },
            "arm_left": {
                "goal_is_valid": true,
                "goal": {
                    "target_pos": [
                        0.5446213483810425,
                        0.3968491554260254,
                        1.446784257888794
                    ],
                    "target_ori_mat": [
                        [
                            -0.00677800178527832,
                            4.630046896636486e-05,
                            0.9999769330024719
                        ],
                        [
                            0.003117862856015563,
                            -0.9999949932098389,
                            6.743497215211391e-05
                        ],
                        [
                            0.9999720454216003,
                            0.00311824819073081,
                            0.006778061389923096
                        ]
                    ]
                },
                "control_filter": {
                    "past_samples": [
                        [
                            -8.722618076717481e-06,
                            1.9059964418411255,
                            -0.9909974336624146,
                            1.5710009336471558,
                            0.9149994254112244,
                            -1.5709996223449707
                        ],
                        [
                            -8.218892617151141e-06,
                            1.905995488166809,
                            -0.9909945130348206,
                            1.5710017681121826,
                            0.915002167224884,
                            -1.5709999799728394
                        ]
                    ],
                    "current_idx": 1,
                    "fully_filled": true
                }
            },
            "gripper_left": {
                "goal_is_valid": true,
                "goal": {
                    "target": [
                        1.0
                    ]
                },
                "vel_filter": {
                    "past_samples": [
                        [
                            -3.710388773470186e-05,
                            2.6822087875189027e-06
                        ],
                        [
                            -3.9786096749594435e-05,
                            2.6822087875189027e-06
                        ],
                        [
                            4.2021270928671584e-05,
                            -1.3411043937594513e-06
                        ],
                        [
                            -4.291534060030244e-05,
                            1.3411043937594513e-06
                        ],
                        [
                            4.2021270928671584e-05,
                            -3.1292436233343324e-06
                        ]
                    ],
                    "current_idx": 1,
                    "fully_filled": true
                }
            },
            "arm_right": {
                "goal_is_valid": true,
                "goal": {
                    "target_pos": [
                        0.5446250438690186,
                        -0.3968362808227539,
                        1.4439866542816162
                    ],
                    "target_ori_mat": [
                        [
                            0.0058498382568359375,
                            -4.088971763849258e-06,
                            0.9999829530715942
                        ],
                        [
                            -0.004663330968469381,
                            -0.9999892711639404,
                            2.3191561922430992e-05
                        ],
                        [
                            0.9999721050262451,
                            -0.004663387313485146,
                            -0.0058498382568359375
                        ]
                    ]
                },
                "control_filter": {
                    "past_samples": [
                        [
                            3.746978836716153e-05,
                            1.9059996604919434,
                            -0.9909951686859131,
                            1.5709999799728394,
                            0.9150053858757019,
                            -1.5710002183914185
                        ],
                        [
                            3.679391375044361e-05,
                            1.9060003757476807,
                            -0.9909946322441101,
                            1.5709989070892334,
                            0.9150060415267944,
                            -1.5709993839263916
                        ]
                    ],
                    "current_idx": 1,
                    "fully_filled": true
                }
            },
            "gripper_right": {
                "goal_is_valid": true,