{
    "coffee_maker.n.01_1": {
        "is_asleep": true,
        "root_link": {
            "pos": [
                6.607149124145508,
                -1.8731348514556885,
                1.0780986547470093
            ],
            "ori": [
                0.0003761090338230133,
                -0.00021818839013576508,
                0.8501781225204468,
                0.5264947414398193
            ],
            "lin_vel": [
                0.0,
                0.0,
                0.0
            ],
            "ang_vel": [
                0.0,
                0.0,
                0.0
            ]
        },
        "non_kin": {
            "ToggledOn": {
                "value": false,
                "hand_in_marker_steps": 0
            },
            "Temperature": {
                "temperature": 23.0
            }
        }
    },
    "countertop.n.01_1": {
        "is_asleep": false,
        "root_link": {
            "pos": [
                6.0294647216796875,
                -1.9837117195129395,
                0.8694865107536316
            ],
            "ori": [
                7.628954412641775e-11,
                6.869142060716982e-11,
                0.6691306829452515,
                0.7431447505950928
            ]
        },
        "non_kin": {}
    },
    "bottle__of__coffee.n.01_1": {
        "is_asleep": true,
        "root_link": {
            "pos": [
                7.122258186340332,
                -2.028656482696533,
                1.606696367263794
            ],
            "ori": [
                0.00013122452946845442,
                -0.0002499925612937659,
                -0.808089017868042,
                0.5890605449676514
            ],
            "lin_vel": [
                0.0,
                0.0,
                0.0
            ],
            "ang_vel": [
                0.0,
                0.0,
                0.0
            ]
        },
        "non_kin": {}
    },
    "shelf.n.01_1": {
        "is_asleep": false,
        "root_link": {
            "pos": [
                7.1224236488342285,
                -2.0285332202911377,
                1.5032998323440552
            ],
            "ori": [
                -2.954295814561192e-05,
                5.980839705443941e-05,
                0.7071068286895752,
                0.7071067094802856
            ]
        },
        "non_kin": {}
    },
    "paper_coffee_filter.n.01_1": {
        "is_asleep": false,
        "root_link": {
            "pos": [
                5.085958480834961,
                -1.840862512588501,
                0.9226173758506775
            ],
            "ori": [
                -0.12216237187385559,
                0.3369079530239105,
                0.9261428117752075,
                -0.1175975650548935
            ],
            "lin_vel": [
                -0.0035531974863260984,
                0.00429208017885685,
                0.00032136731897480786
            ],
            "ang_vel": [
                -0.13034605979919434,
                -0.10788804292678833,
                -1.5702752875768056e-07
            ]
        },
        "non_kin": {
            "Temperature": {
                "temperature": 23.0
            },
            "ModifiedParticles": {
                "n_systems": 0
            },
            "Saturated": {
                "n_systems": 0,
                "default_visual_particle_limit": 200,
                "default_physical_particle_limit": 400
            },
            "ParticleRemover": {
                "current_step": 0
            }
        }
    },
    "coffee_cup.n.01_1": {
        "is_asleep": false,
        "root_link": {
            "pos": [
                4.671855926513672,
                -1.7973695993423462,
                0.9244318604469299
            ],
            "ori": [
                0.000439327210187912,
                0.00014744237705599517,
                -0.8118206858634949,
                0.5839067697525024
            ],
            "lin_vel": [
                0.0012627176474779844,
                0.0008560520363971591,
                9.295479685533792e-06
            ],
            "ang_vel": [
                -0.02875521406531334,
                0.03018026240170002,
                0.0005836626514792442
            ]
        },
        "non_kin": {
            "Temperature": {
                "temperature": 23.0
            }
        }
    },
    "dishwasher.n.01_1": {
        "is_asleep": true,
        "root_link": {
            "pos": [
                7.205429553985596,
                -1.9554954767227173,
                0.4115768074989319
            ],
            "ori": [
                -1.2223608791828156e-09,
                -7.930793799459934e-10,
                0.7071058750152588,
                0.7071071863174438
            ],
            "lin_vel": [
                0.0,
                0.0,
                0.0
            ],
            "ang_vel": [
                0.0,
                0.0,
                0.0
            ]
        },
        "joint_pos": [
            2.8907971394258325e-13,
            1.0891751368001523e-13,
            6.629128534996198e-08
        ],
        "joint_vel": [
            -5.9020152496371415e-34,
            5.343164894980157e-18,
            -3.3852157678364955e-23
        ],
        "non_kin": {
            "ToggledOn": {
                "value": false,
                "hand_in_marker_steps": 0
            },
            "Temperature": {
                "temperature": 23.0
            }
        }
    },
    "saucer.n.02_1": {
        "is_asleep": true,
        "root_link": {
            "pos": [
                6.877382755279541,
                -1.7158668041229248,
                0.892866849899292
            ],
            "ori": [
                0.00013501015200745314,
                -4.499132410273887e-05,
                -0.51546311378479,
                0.8569118976593018
            ],
            "lin_vel": [
                0.0,
                0.0,
                0.0
            ],
            "ang_vel": [
                0.0,
                0.0,
                0.0
            ]
        },
        "non_kin": {
            "Temperature": {
                "temperature": 23.0
            }
        }
    },
    "electric_kettle.n.01_1": {
        "is_asleep": false,
        "root_link": {
            "pos": [
                7.1198201179504395,
                -1.7185944318771362,
                0.9597970247268677
            ],
            "ori": [
                -0.0015161484479904175,
                -0.003336261957883835,
                -0.4096601903438568,
                0.9122310280799866
            ],
            "lin_vel": [
                2.8211977678438416e-06,
                1.0296421351085883e-06,
                -2.8512857852547313e-07
            ],
            "ang_vel": [
                -2.678304554137867e-06,
                4.734971298603341e-05,
                2.5957360776374117e-05
            ]
        },
        "joint_pos": [
            -9.013756407938445e-11
        ],
        "joint_vel": [
            4.733913374366239e-05
        ],
        "non_kin": {
            "ToggledOn": {
                "value": false,
                "hand_in_marker_steps": 0
            },
            "Temperature": {
                "temperature": 23.0
            }
        }
    },
    "floor.n.01_1": {
        "is_asleep": false,
        "root_link": {
            "pos": [
                6.593125820159912,
                -0.258637011051178,
                -0.13868464529514313
            ],
            "ori": [
                0.0,
                0.0,
                0.0,
                1.0
            ]
        },
        "non_kin": {}
    },