{
    "coffee_maker.n.01_1": {
        "is_asleep": true,
        "root_link": {
            "pos": [
                6.744447231292725,
                -1.7635751962661743,
                1.0780975818634033
            ],
            "ori": [
                -5.1291659474372864e-05,
                -0.000433195848017931,
                -0.13857708871364594,
                0.9903513193130493
            ],
            "lin_vel": [
                0.0,
                0.0,
                0.0
            ],
            "ang_vel": [
                0.0,
                0.0,
                0.0
            ]
        },
        "non_kin": {
            "ToggledOn": {
                "value": false,
                "hand_in_marker_steps": 0
            },
            "Temperature": {
                "temperature": 23.0
            }
        }
    },
    "countertop.n.01_1": {
        "is_asleep": false,
        "root_link": {
            "pos": [
                6.0294647216796875,
                -1.9837117195129395,
                0.8694865107536316
            ],
            "ori": [
                7.628954412641775e-11,
                6.869142060716982e-11,
                0.6691306829452515,
                0.7431447505950928
            ]
        },
        "non_kin": {}
    },
    "bottle__of__coffee.n.01_1": {
        "is_asleep": true,
        "root_link": {
            "pos": [
                7.122297763824463,
                -2.028641939163208,
                1.606696605682373
            ],
            "ori": [
                -1.0220916010439396e-05,
                0.000215517618926242,
                0.9960597157478333,
                0.08868604153394699
            ],
            "lin_vel": [
                0.0,
                0.0,
                0.0
            ],
            "ang_vel": [
                0.0,
                0.0,
                0.0
            ]
        },
        "non_kin": {}
    },
    "shelf.n.01_1": {
        "is_asleep": false,
        "root_link": {
            "pos": [
                7.1224236488342285,
                -2.0285332202911377,
                1.5032998323440552
            ],
            "ori": [
                -2.954295268864371e-05,
                5.9808389778481796e-05,
                0.7071068286895752,
                0.7071067094802856
            ]
        },
        "non_kin": {}
    },
    "paper_coffee_filter.n.01_1": {
        "is_asleep": false,
        "root_link": {
            "pos": [
                7.0535407066345215,
                -1.8688750267028809,
                0.9228326082229614
            ],
            "ori": [
                0.28553205728530884,
                -0.1061410903930664,
                -0.4991391897201538,
                0.8112125992774963
            ],
            "lin_vel": [
                0.02552073821425438,
                0.026755686849355698,
                0.0026024007238447666
            ],
            "ang_vel": [
                -0.8033162951469421,
                0.7662375569343567,
                7.605024734402832e-07
            ]
        },
        "non_kin": {
            "ModifiedParticles": {
                "n_systems": 0
            },
            "Saturated": {
                "n_systems": 0,
                "default_visual_particle_limit": 200,
                "default_physical_particle_limit": 400
            },
            "Temperature": {
                "temperature": 23.0
            },
            "ParticleRemover": {
                "current_step": 0
            }
        }
    },
    "coffee_cup.n.01_1": {
        "is_asleep": false,
        "root_link": {
            "pos": [
                7.427709102630615,
                -1.8805444240570068,
                0.9244357347488403
            ],
            "ori": [
                0.0002444188576191664,
                0.0003875856928061694,
                -0.2813974916934967,
                0.9595913290977478
            ],
            "lin_vel": [
                -0.0011046765139326453,
                0.0008418532088398933,
                6.194048910401762e-05
            ],
            "ang_vel": [
                -0.02428360842168331,
                -0.03183738887310028,
                -0.0006093839765526354
            ]
        },
        "non_kin": {
            "Temperature": {
                "temperature": 23.0
            }
        }
    },
    "dishwasher.n.01_1": {
        "is_asleep": true,
        "root_link": {
            "pos": [
                7.205429553985596,
                -1.9554954767227173,
                0.4115768074989319
            ],
            "ori": [
                -1.0477378964424133e-09,
                -9.072209650184959e-10,
                0.7071058750152588,
                0.7071071267127991
            ],
            "lin_vel": [
                0.0,
                0.0,
                0.0
            ],
            "ang_vel": [
                0.0,
                0.0,
                0.0
            ]
        },
        "joint_pos": [
            2.8907971394258325e-13,
            1.0297714964817642e-13,
            6.629128534996198e-08
        ],
        "joint_vel": [
            -3.913959510453986e-34,
            -8.949037504591223e-19,
            -4.556389445430076e-13
        ],
        "non_kin": {
            "Temperature": {
                "temperature": 23.0
            },
            "ToggledOn": {
                "value": false,
                "hand_in_marker_steps": 0
            }
        }
    },
    "saucer.n.02_1": {
        "is_asleep": false,
        "root_link": {
            "pos": [
                4.817066192626953,
                -1.8187938928604126,
                0.8928660154342651
            ],
            "ori": [
                6.676226621493697e-05,
                4.530723163043149e-05,
                0.8791085481643677,
                0.4766215682029724
            ],
            "lin_vel": [
                -0.00010038400068879128,
                -0.00033627095399424434,
                -1.70309140230529e-05
            ],
            "ang_vel": [
                0.0632111057639122,
                -0.015812115743756294,
                -0.001644936390221119
            ]
        },
        "non_kin": {
            "Temperature": {
                "temperature": 23.0
            }
        }
    },
    "electric_kettle.n.01_1": {
        "is_asleep": true,
        "root_link": {
            "pos": [
                5.226364612579346,
                -1.8586416244506836,
                0.9597971439361572
            ],
            "ori": [
                -0.00022505968809127808,
                -0.003605130361393094,
                -0.05573899671435356,
                0.9984387755393982
            ],
            "lin_vel": [
                0.0,
                0.0,
                0.0
            ],
            "ang_vel": [
                0.0,
                0.0,
                0.0
            ]
        },
        "joint_pos": [
            -2.6843659239883522e-11
        ],
        "joint_vel": [
            -5.842759520646723e-08
        ],
        "non_kin": {
            "ToggledOn": {
                "value": false,
                "hand_in_marker_steps": 0
            },
            "Temperature": {
                "temperature": 23.0
            }
        }
    },
    "floor.n.01_1": {
        "is_asleep": false,
        "root_link": {
            "pos": [
                6.593125820159912,
                -0.258637011051178,
                -0.13868464529514313
            ],
            "ori": [
                0.0,
                0.0,
                0.0,
                1.0
            ]
        },
        "non_kin": {}
    },