{
    "coffee_maker.n.01_1": {
        "is_asleep": true,
        "root_link": {
            "pos": [
                5.0443902015686035,
                -1.7696094512939453,
                1.0780929327011108
            ],
            "ori": [
                -0.00021735578775405884,
                -0.00038245233008638024,
                -0.5199652910232544,
                0.8541871905326843
            ],
            "lin_vel": [
                0.0,
                0.0,
                0.0
            ],
            "ang_vel": [
                0.0,
                0.0,
                0.0
            ]
        },
        "non_kin": {
            "ToggledOn": {
                "value": false,
                "hand_in_marker_steps": 0
            },
            "Temperature": {
                "temperature": 23.0
            }
        }
    },
    "countertop.n.01_1": {
        "is_asleep": false,
        "root_link": {
            "pos": [
                6.0294647216796875,
                -1.9837117195129395,
                0.8694865107536316
            ],
            "ori": [
                7.628954412641775e-11,
                6.869142060716982e-11,
                0.6691306829452515,
                0.7431447505950928
            ]
        },
        "non_kin": {}
    },
    "bottle__of__coffee.n.01_1": {
        "is_asleep": true,
        "root_link": {
            "pos": [
                7.122296333312988,
                -2.0286388397216797,
                1.606696367263794
            ],
            "ori": [
                6.253336323425174e-06,
                0.00024410565674770623,
                0.9996988773345947,
                0.02454068511724472
            ],
            "lin_vel": [
                0.0,
                0.0,
                0.0
            ],
            "ang_vel": [
                0.0,
                0.0,
                0.0
            ]
        },
        "non_kin": {}
    },
    "shelf.n.01_1": {
        "is_asleep": false,
        "root_link": {
            "pos": [
                7.1224236488342285,
                -2.0285332202911377,
                1.5032998323440552
            ],
            "ori": [
                -2.954295814561192e-05,
                5.980839705443941e-05,
                0.7071068286895752,
                0.7071067094802856
            ]
        },
        "non_kin": {}
    },
    "paper_coffee_filter.n.01_1": {
        "is_asleep": false,
        "root_link": {
            "pos": [
                5.338156700134277,
                -1.8241454362869263,
                0.9226803183555603
            ],
            "ori": [
                0.02676752209663391,
                0.3610283136367798,
                0.8908446431159973,
                0.27447742223739624
            ],
            "lin_vel": [
                -0.0004825969517696649,
                -0.00682255020365119,
                -0.0018633685540407896
            ],
            "ang_vel": [
                0.20682676136493683,
                -0.014630305580794811,
                5.390872956922976e-06
            ]
        },
        "non_kin": {
            "Temperature": {
                "temperature": 23.0
            },
            "ModifiedParticles": {
                "n_systems": 0
            },
            "Saturated": {
                "n_systems": 0,
                "default_visual_particle_limit": 200,
                "default_physical_particle_limit": 400
            },
            "ParticleRemover": {
                "current_step": 0
            }
        }
    },
    "coffee_cup.n.01_1": {
        "is_asleep": true,
        "root_link": {
            "pos": [
                6.5833611488342285,
                -2.2398674488067627,
                0.9244407415390015
            ],
            "ori": [
                0.0003475872799754143,
                0.0002300081541761756,
                -0.6485176682472229,
                0.7611997127532959
            ],
            "lin_vel": [
                0.0,
                0.0,
                0.0
            ],
            "ang_vel": [
                0.0,
                0.0,
                0.0
            ]
        },
        "non_kin": {
            "Temperature": {
                "temperature": 23.0
            }
        }
    },
    "dishwasher.n.01_1": {
        "is_asleep": true,
        "root_link": {
            "pos": [
                7.205429553985596,
                -1.9554954767227173,
                0.4115768373012543
            ],
            "ori": [
                -1.1059455573558807e-09,
                -6.75072442390956e-10,
                0.7071059942245483,
                0.7071071863174438
            ],
            "lin_vel": [
                0.0,
                0.0,
                0.0
            ],
            "ang_vel": [
                0.0,
                0.0,
                0.0
            ]
        },
        "joint_pos": [
            2.8907971394258325e-13,
            1.0891751368001523e-13,
            6.629128534996198e-08
        ],
        "joint_vel": [
            -5.9020152496371415e-34,
            5.343164894980157e-18,
            -3.3852157678364955e-23
        ],
        "non_kin": {
            "ToggledOn": {
                "value": false,
                "hand_in_marker_steps": 0
            },
            "Temperature": {
                "temperature": 23.0
            }
        }
    },
    "saucer.n.02_1": {
        "is_asleep": true,
        "root_link": {
            "pos": [
                4.829460144042969,
                -1.6725819110870361,
                0.8928655385971069
            ],
            "ori": [
                8.289158722618595e-05,
                -1.1121681382064708e-05,
                0.0872340053319931,
                0.9961879849433899
            ],
            "lin_vel": [
                0.0,
                0.0,
                0.0
            ],
            "ang_vel": [
                0.0,
                0.0,
                0.0
            ]
        },
        "non_kin": {
            "Temperature": {
                "temperature": 23.0
            }
        }
    },
    "electric_kettle.n.01_1": {
        "is_asleep": false,
        "root_link": {
            "pos": [
                7.046019554138184,
                -1.8163830041885376,
                0.9597997069358826
            ],
            "ori": [
                0.0035781264305114746,
                0.000499052694067359,
                0.989484965801239,
                -0.14459167420864105
            ],
            "lin_vel": [
                9.770657925400883e-05,
                -3.8722570025129244e-05,
                -5.0558268412714824e-05
            ],
            "ang_vel": [
                -0.00013207342999521643,
                0.0009182863286696374,
                8.577742119086906e-05
            ]
        },
        "joint_pos": [
            -5.631778030035228e-11
        ],
        "joint_vel": [
            -0.0007325178012251854
        ],
        "non_kin": {
            "ToggledOn": {
                "value": false,
                "hand_in_marker_steps": 0
            },
            "Temperature": {
                "temperature": 23.0
            }
        }
    },
    "floor.n.01_1": {
        "is_asleep": false,
        "root_link": {
            "pos": [
                6.593125820159912,
                -0.258637011051178,
                -0.13868464529514313
            ],
            "ori": [
                0.0,
                0.0,
                0.0,
                1.0
            ]
        },
        "non_kin": {}
    },
    "robot_poses": {
        "R1Pro": [
            {
                "position": [
                    4.9814300537109375,
                    0.22209548950195312,
                    0.003780364990234375
                ],