{
    "agent.n.01_1": {
        "is_asleep": false,
        "root_link": {
            "pos": [
                -50.0,
                -50.0,
                -50.0
            ],
            "ori": [
                0.0,
                0.0,
                0.0,
                1.0
            ],
            "lin_vel": [
                0.0,
                0.0,
                0.0
            ],
            "ang_vel": [
                0.0,
                0.0,
                0.0
            ]
        },
        "joint_pos": [
            55.416664123535156,
            51.45687484741211,
            50.003780364990234,
            -0.005718697793781757,
            0.00833506602793932,
            1.689939022064209,
            -7.147358701331541e-05,
            -0.0002601398737169802,
            0.00011017597717000172,
            4.070940121891908e-06,
            -6.272467089729616e-06,
            3.3482956496300176e-05,
            1.906004786491394,
            1.9060038328170776,
            -0.9910038709640503,
            -0.9910076856613159,
            1.571000576019287,
            1.571000099182129,
            0.9150012135505676,
            0.9149973392486572,
            -1.570999264717102,
            -1.5710004568099976,
            0.049999937415122986,
            0.04999980702996254,
            0.04999994486570358,
            0.04999980702996254
        ],
        "joint_vel": [
            -9.75670336629264e-05,
            0.0003933426341973245,
            -0.0005746826063841581,
            -2.112505171680823e-05,
            0.00012567669909913093,
            9.221271466230974e-05,
            -4.6466797357425094e-05,
            -0.00011093888315372169,
            0.0002987564657814801,
            0.0006829575286246836,
            0.0002797665656544268,
            0.00040324259316548705,
            -0.0013074623420834541,
            0.001075497828423977,
            -7.299253775272518e-05,
            0.00016404493362642825,
            0.00015297428763005883,
            0.00042934907833114266,
            -0.0004606745787896216,
            0.0003409402852412313,
            -0.00017294683493673801,
            -0.0003233760944567621,
            4.010283009847626e-05,
            1.3939955351816025e-05,
            -7.774815458105877e-09,
            1.5262972738128155e-05
        ],
        "controllers": {
            "base": {
                "goal_is_valid": true,
                "goal": {
                    "target": [
                        0.0,
                        0.0,
                        0.0
                    ]
                }
            },
            "trunk": {
                "goal_is_valid": true,
                "goal": {
                    "target": [
                        -7.034707959974185e-05,
                        -0.0002605593763291836,
                        0.00011164628085680306,
                        3.3357241591147613e-06
                    ]
                }
            },
            "arm_left": {
                "goal_is_valid": true,
                "goal": {
                    "target_pos": [
                        0.5446216464042664,
                        0.3968477249145508,
                        1.446784257888794
                    ],
                    "target_ori_mat": [
                        [
                            -0.006778120994567871,
                            4.667998291552067e-05,
                            0.9999771118164062
                        ],
                        [
                            0.003118043066933751,
                            -0.999995231628418,
                            6.781576666980982e-05
                        ],
                        [
                            0.9999722242355347,
                            0.003118431195616722,
                            0.0067778825759887695
                        ]
                    ]
                },
                "control_filter": {
                    "past_samples": [
                        [
                            -6.507269972644281e-06,
                            1.906004786491394,
                            -0.9910051822662354,
                            1.5710011720657349,
                            0.9150007367134094,
                            -1.5709996223449707
                        ],
                        [
                            -6.140602181403665e-06,
                            1.9060052633285522,
                            -0.9910050630569458,
                            1.5710012912750244,
                            0.9150017499923706,
                            -1.5709995031356812
                        ]
                    ],
                    "current_idx": 0,
                    "fully_filled": true
                }
            },
            "gripper_left": {
                "goal_is_valid": true,
                "goal": {
                    "target": [
                        1.0
                    ]
                },
                "vel_filter": {
                    "past_samples": [
                        [
                            -2.592801865830552e-05,
                            -5.811452410853235e-06
                        ],
                        [
                            -4.0680166421225294e-05,
                            -5.364417575037805e-06
                        ],
                        [
                            4.1574236092856154e-05,
                            8.493661880493164e-06
                        ],
                        [
                            -3.218650817871094e-05,
                            -7.152556918299524e-06
                        ],
                        [
                            2.9504297344828956e-05,
                            6.258487246668665e-06
                        ]
                    ],
                    "current_idx": 1,
                    "fully_filled": true
                }
            },
            "arm_right": {
                "goal_is_valid": true,
                "goal": {
                    "target_pos": [
                        0.5446252226829529,
                        -0.3968377113342285,
                        1.443986177444458
                    ],
                    "target_ori_mat": [
                        [
                            0.005850851535797119,
                            -3.915978595614433e-06,
                            0.9999827742576599
                        ],
                        [
                            -0.004663585685193539,
                            -0.9999889135360718,
                            2.3369677364826202e-05
                        ],
                        [
                            0.9999719262123108,
                            -0.00466364249587059,
                            -0.005850553512573242
                        ]
                    ]
                },
                "control_filter": {
                    "past_samples": [
                        [
                            3.36556913680397e-05,
                            1.906003475189209,
                            -0.9910075664520264,
                            1.5709993839263916,
                            0.9149964451789856,
                            -1.5709995031356812
                        ],
                        [
                            3.4797252737917006e-05,
                            1.9060049057006836,
                            -0.991008996963501,
                            1.5710010528564453,
                            0.9149960279464722,
                            -1.5710006952285767
                        ]
                    ],
                    "current_idx": 0,
                    "fully_filled": true
                }
            },
            "gripper_right": {
                "goal_is_valid": true,