{
    "agent.n.01_1": {
        "is_asleep": false,
        "root_link": {
            "pos": [
                -50.0,
                -50.0,
                -50.0
            ],
            "ori": [
                0.0,
                0.0,
                0.0,
                1.0
            ],
            "lin_vel": [
                0.0,
                0.0,
                0.0
            ],
            "ang_vel": [
                0.0,
                0.0,
                0.0
            ]
        },
        "joint_pos": [
            55.18638229370117,
            51.4588508605957,
            50.003780364990234,
            -0.0033169130329042673,
            0.009548642672598362,
            1.4229387044906616,
            -7.13470290065743e-05,
            -0.00025982497027143836,
            0.00011024426930816844,
            3.770216835619067e-06,
            -5.71029340790119e-06,
            3.4465891076251864e-05,
            1.9060012102127075,
            1.9060075283050537,
            -0.9910061955451965,
            -0.9910052418708801,
            1.5709995031356812,
            1.5710015296936035,
            0.9149957895278931,
            0.9150032997131348,
            -1.570999026298523,
            -1.5710006952285767,
            0.04999963194131851,
            0.04999988153576851,
            0.04999990016222,
            0.049999892711639404
        ],
        "joint_vel": [
            -0.00037834513932466507,
            0.0002837012871168554,
            -0.0006422834703698754,
            -1.562138641020283e-05,
            1.73945209098747e-05,
            0.0005001851241104305,
            0.0002395968185737729,
            -0.00029746719519607723,
            0.0005765360547229648,
            0.0006102785118855536,
            0.0002805582480505109,
            0.00013028181274421513,
            -0.0005773447919636965,
            0.000626407447271049,
            -0.00015500762674491853,
            0.0001486699766246602,
            0.00013938122719991952,
            -0.00028467061929404736,
            -0.00035665056202560663,
            0.00023003556998446584,
            -3.37326928274706e-05,
            0.00014980146079324186,
            4.6522247430402786e-05,
            2.5699047910165973e-05,
            -1.3737132320557066e-08,
            1.0255276720272377e-05
        ],
        "controllers": {
            "base": {
                "goal_is_valid": true,
                "goal": {
                    "target": [
                        0.0,
                        0.0,
                        0.0
                    ]
                }
            },
            "trunk": {
                "goal_is_valid": true,
                "goal": {
                    "target": [
                        -7.035041198832914e-05,
                        -0.00026056612841784954,
                        0.00011164642637595534,
                        3.297985813333071e-06
                    ]
                }
            },
            "arm_left": {
                "goal_is_valid": true,
                "goal": {
                    "target_pos": [
                        0.5446212291717529,
                        0.3968486785888672,
                        1.446784257888794
                    ],
                    "target_ori_mat": [
                        [
                            -0.006777763366699219,
                            4.64756740257144e-05,
                            0.9999771118164062
                        ],
                        [
                            0.003117916639894247,
                            -0.999995231628418,
                            6.760947871953249e-05
                        ],
                        [
                            0.9999722242355347,
                            0.0031183031387627125,
                            0.006777524948120117
                        ]
                    ]
                },
                "control_filter": {
                    "past_samples": [
                        [
                            -6.0574170674954075e-06,
                            1.9059995412826538,
                            -0.9910054802894592,
                            1.5710002183914185,
                            0.9149950742721558,
                            -1.5709993839263916
                        ],
                        [
                            -5.564825642068172e-06,
                            1.9060009717941284,
                            -0.9910080432891846,
                            1.5709999799728394,
                            0.9149938225746155,
                            -1.5709991455078125
                        ]
                    ],
                    "current_idx": 1,
                    "fully_filled": true
                }
            },
            "gripper_left": {
                "goal_is_valid": true,
                "goal": {
                    "target": [
                        1.0
                    ]
                },
                "vel_filter": {
                    "past_samples": [
                        [
                            3.1292436233343324e-06,
                            -1.3858079000783619e-05
                        ],
                        [
                            -4.917382739222376e-06,
                            1.564621925354004e-05
                        ],
                        [
                            4.4703480739372026e-07,
                            -2.8163192837382667e-05
                        ],
                        [
                            -9.834765478444751e-06,
                            -1.3411044164968189e-05
                        ],
                        [
                            1.3411043937594513e-06,
                            1.65402889251709e-05
                        ]
                    ],
                    "current_idx": 3,
                    "fully_filled": true
                }
            },
            "arm_right": {
                "goal_is_valid": true,
                "goal": {
                    "target_pos": [
                        0.5446248054504395,
                        -0.3968367576599121,
                        1.4439867734909058
                    ],
                    "target_ori_mat": [
                        [
                            0.0058501362800598145,
                            -4.116212949156761e-06,
                            0.9999829530715942
                        ],
                        [
                            -0.004663305357098579,
                            -0.9999892711639404,
                            2.3165717720985413e-05
                        ],
                        [
                            0.9999721050262451,
                            -0.004663361236453056,
                            -0.00585019588470459
                        ]
                    ]
                },
                "control_filter": {
                    "past_samples": [
                        [
                            3.4775639505824074e-05,
                            1.906007170677185,
                            -0.9910035729408264,
                            1.5709999799728394,
                            0.9150038957595825,
                            -1.5709999799728394
                        ],
                        [
                            3.52344213752076e-05,
                            1.9060091972351074,
                            -0.9910054206848145,
                            1.571001648902893,
                            0.9150039553642273,
                            -1.5710012912750244
                        ]
                    ],
                    "current_idx": 1,
                    "fully_filled": true
                }
            },