{
    "hinged_jar.n.01_1": {
        "is_asleep": true,
        "root_link": {
            "pos": [
                4.057958126068115,
                0.9257400631904602,
                1.599249243736267
            ],
            "ori": [
                1.4621764421463013e-06,
                3.5564880818128586e-07,
                -0.7782604098320007,
                0.627941906452179
            ],
            "lin_vel": [
                0.0,
                0.0,
                0.0
            ],
            "ang_vel": [
                0.0,
                0.0,
                0.0
            ]
        },
        "joint_pos": [
            -2.07922446621156e-11
        ],
        "joint_vel": [
            2.1342088984965812e-08
        ],
        "non_kin": {
            "Temperature": {
                "temperature": 23.0
            }
        }
    },
    "hinged_jar.n.01_2": {
        "is_asleep": true,
        "root_link": {
            "pos": [
                4.049106597900391,
                0.2670453190803528,
                1.5992475748062134
            ],
            "ori": [
                1.3615936040878296e-06,
                7.568305591121316e-07,
                -0.8277818560600281,
                0.561050295829773
            ],
            "lin_vel": [
                0.0,
                0.0,
                0.0
            ],
            "ang_vel": [
                0.0,
                0.0,
                0.0
            ]
        },
        "joint_pos": [
            -4.168412143235045e-11
        ],
        "joint_vel": [
            -9.39557867241092e-05
        ],
        "non_kin": {
            "Temperature": {
                "temperature": 23.0
            }
        }
    },
    "cabinet.n.01_1": {
        "is_asleep": true,
        "root_link": {
            "pos": [
                4.005004405975342,
                0.6468996405601501,
                1.7916107177734375
            ],
            "ori": [
                0.0,
                0.0,
                0.0,
                1.0
            ],
            "lin_vel": [
                0.0,
                0.0,
                0.0
            ],
            "ang_vel": [
                0.0,
                0.0,
                0.0
            ]
        },
        "joint_pos": [
            -2.522039356447586e-21,
            3.708857873596649e-12
        ],
        "joint_vel": [
            -6.619429487659495e-20,
            -1.7624518406590055e-15
        ],
        "non_kin": {
            "Temperature": {
                "temperature": 23.0
            }
        }
    },
    "countertop.n.01_1": {
        "is_asleep": false,
        "root_link": {
            "pos": [
                7.287360668182373,
                0.21228919923305511,
                0.660920262336731
            ],
            "ori": [
                2.301114676583893e-07,
                -2.3069738119829708e-07,
                0.7080053091049194,
                -0.7062070965766907
            ]
        },
        "non_kin": {}
    },
    "chopping_board.n.01_1": {
        "is_asleep": false,
        "root_link": {
            "pos": [
                8.082873344421387,
                -0.07065245509147644,
                1.0633944272994995
            ],
            "ori": [
                -1.7665955965640023e-05,
                2.7014268198399805e-05,
                0.8058618903160095,
                0.5921034812927246
            ],
            "lin_vel": [
                3.2769280551292468e-06,
                -1.0320306500943843e-05,
                -1.558597978146281e-05
            ],
            "ang_vel": [
                2.5977988116210327e-05,
                5.2894061809638515e-05,
                5.645948021992808e-06
            ]
        },
        "non_kin": {}
    },
    "bratwurst.n.01_1": {
        "is_asleep": false,
        "root_link": {
            "pos": [
                8.080194473266602,
                -0.1435004323720932,
                1.0865402221679688
            ],
            "ori": [
                -3.592413850128651e-05,
                -2.449036401230842e-06,
                0.5382782220840454,
                0.8427671790122986
            ],
            "lin_vel": [
                2.8016670512442943e-06,
                -1.3731424587604124e-05,
                -1.911645995278377e-06
            ],
            "ang_vel": [
                -3.143507638014853e-05,
                0.0002570995129644871,
                5.747575778514147e-05
            ]
        },
        "non_kin": {
            "Temperature": {
                "temperature": 23.0
            },
            "MaxTemperature": {
                "max_temperature": 72.0
            }
        }
    },
    "bratwurst.n.01_2": {
        "is_asleep": false,
        "root_link": {
            "pos": [
                8.00706958770752,
                -0.17794229090213776,
                1.0865436792373657
            ],
            "ori": [
                -6.14020973443985e-06,
                0.00019023622735403478,
                0.8858358860015869,
                0.4639986753463745
            ],
            "lin_vel": [
                1.920966951729497e-06,
                -2.6298734155716375e-05,
                -2.1961309357720893e-06
            ],
            "ang_vel": [
                0.0006699801306240261,
                -0.0004888424300588667,
                2.869201489374973e-05
            ]
        },
        "non_kin": {
            "Temperature": {
                "temperature": 23.0
            },
            "MaxTemperature": {
                "max_temperature": 72.0
            }
        }
    },
    "bratwurst.n.01_3": {
        "is_asleep": false,
        "root_link": {
            "pos": [
                8.192875862121582,
                -0.2376844435930252,
                1.0865483283996582
            ],
            "ori": [
                -6.752321496605873e-06,
                0.00010336897685192525,
                0.7463040947914124,
                0.6656051278114319
            ],
            "lin_vel": [
                6.116588338045403e-06,
                -1.4894237210683059e-05,
                -5.11559392180061e-07
            ],
            "ang_vel": [
                5.485797009896487e-05,
                -4.40143994637765e-05,
                3.915236811735667e-05
            ]
        },
        "non_kin": {
            "Temperature": {
                "temperature": 23.0
            },
            "MaxTemperature": {
                "max_temperature": 72.0
            }
        }
    },
    "bratwurst.n.01_4": {
        "is_asleep": false,
        "root_link": {
            "pos": [
                7.999795436859131,
                0.04375210404396057,
                1.0865285396575928
            ],
            "ori": [
                1.8453923985362053e-05,
                2.6428228011354804e-05,
                0.9715198278427124,
                -0.23695845901966095
            ],
            "lin_vel": [
                1.350223919871496e-05,
                -2.609560760902241e-05,
                -1.7733535742081585e-06
            ],
            "ang_vel": [
                0.0007615488721057773,
                0.0007352862157858908,
                6.381839193636551e-05
            ]
        },
        "non_kin": {
            "Temperature": {
                "temperature": 23.0
            },
            "MaxTemperature": {
                "max_temperature": 72.0
            }
        }
    },
    "floor.n.01_1": {
        "is_asleep": false,
        "root_link": {
            "pos": [
                6.593125820159912,
                -0.258637011051178,
                -0.13868464529514313
            ],
            "ori": [
                0.0,
                0.0,
                0.0,
                1.0
            ]
        },
        "non_kin": {}
    },