{
    "hinged_jar.n.01_1": {
        "is_asleep": true,
        "root_link": {
            "pos": [
                4.009002685546875,
                0.36131179332733154,
                1.5992475748062134
            ],
            "ori": [
                1.4919787645339966e-06,
                7.002672646194696e-07,
                -0.7181897759437561,
                0.6958476901054382
            ],
            "lin_vel": [
                0.0,
                0.0,
                0.0
            ],
            "ang_vel": [
                0.0,
                0.0,
                0.0
            ]
        },
        "joint_pos": [
            -5.5669184539919314e-12
        ],
        "joint_vel": [
            0.00028746036696247756
        ],
        "non_kin": {
            "Temperature": {
                "temperature": 23.0
            }
        }
    },
    "hinged_jar.n.01_2": {
        "is_asleep": true,
        "root_link": {
            "pos": [
                4.062111854553223,
                1.0440309047698975,
                1.8831650018692017
            ],
            "ori": [
                1.5813857316970825e-06,
                1.0856310836970806e-06,
                0.5258399844169617,
                0.850583553314209
            ],
            "lin_vel": [
                0.0,
                0.0,
                0.0
            ],
            "ang_vel": [
                0.0,
                0.0,
                0.0
            ]
        },
        "joint_pos": [
            -5.7283136567498616e-12
        ],
        "joint_vel": [
            0.0009811435593292117
        ],
        "non_kin": {
            "Temperature": {
                "temperature": 23.0
            }
        }
    },
    "cabinet.n.01_1": {
        "is_asleep": true,
        "root_link": {
            "pos": [
                4.005004405975342,
                0.6468996405601501,
                1.7916107177734375
            ],
            "ori": [
                0.0,
                0.0,
                0.0,
                1.0
            ],
            "lin_vel": [
                0.0,
                0.0,
                0.0
            ],
            "ang_vel": [
                0.0,
                0.0,
                0.0
            ]
        },
        "joint_pos": [
            -2.3765557350405546e-21,
            2.6703433301383805e-12
        ],
        "joint_vel": [
            -6.078453367049815e-20,
            6.952472900842899e-18
        ],
        "non_kin": {
            "Temperature": {
                "temperature": 23.0
            }
        }
    },
    "countertop.n.01_1": {
        "is_asleep": false,
        "root_link": {
            "pos": [
                7.287360668182373,
                0.21228919923305511,
                0.660920262336731
            ],
            "ori": [
                2.301114676583893e-07,
                -2.3069738119829708e-07,
                0.7080053091049194,
                -0.7062070965766907
            ]
        },
        "non_kin": {}
    },
    "chopping_board.n.01_1": {
        "is_asleep": false,
        "root_link": {
            "pos": [
                6.4021687507629395,
                -0.042212892323732376,
                1.0633982419967651
            ],
            "ori": [
                -2.7745209081331268e-05,
                -1.6421698092017323e-05,
                -0.5546788573265076,
                0.8320645689964294
            ],
            "lin_vel": [
                -1.9694334696396254e-06,
                -3.867512987199007e-06,
                2.472047754054074e-06
            ],
            "ang_vel": [
                7.232876214402495e-06,
                -2.345341090403963e-05,
                -5.24362621945329e-06
            ]
        },
        "non_kin": {}
    },
    "bratwurst.n.01_1": {
        "is_asleep": false,
        "root_link": {
            "pos": [
                6.305745601654053,
                0.04777861014008522,
                1.0865275859832764
            ],
            "ori": [
                -3.150530392304063e-05,
                -3.9377104258164763e-05,
                -0.21499645709991455,
                0.9766148328781128
            ],
            "lin_vel": [
                -8.094971235550474e-06,
                -8.873674232745543e-06,
                1.4419880244531669e-05
            ],
            "ang_vel": [
                0.0005410080193541944,
                -0.0003794200310949236,
                3.5955014027422294e-05
            ]
        },
        "non_kin": {
            "Temperature": {
                "temperature": 23.0
            },
            "MaxTemperature": {
                "max_temperature": 72.0
            }
        }
    },
    "bratwurst.n.01_2": {
        "is_asleep": false,
        "root_link": {
            "pos": [
                6.541510105133057,
                -0.10389217734336853,
                1.0865488052368164
            ],
            "ori": [
                0.00012677477207034826,
                0.00012519629672169685,
                0.6650116443634033,
                0.7468330264091492
            ],
            "lin_vel": [
                -3.116678271908313e-05,
                -3.5966695577371866e-07,
                -3.56241907866206e-05
            ],
            "ang_vel": [
                -0.000491514103487134,
                -0.002554594771936536,
                4.581987741403282e-05
            ]
        },
        "non_kin": {
            "Temperature": {
                "temperature": 23.0
            },
            "MaxTemperature": {
                "max_temperature": 72.0
            }
        }
    },
    "bratwurst.n.01_3": {
        "is_asleep": false,
        "root_link": {
            "pos": [
                6.487364768981934,
                -0.13975369930267334,
                1.0865538120269775
            ],
            "ori": [
                -4.9745431169867516e-05,
                1.1105745215900242e-05,
                0.8340847492218018,
                0.5516361594200134
            ],
            "lin_vel": [
                7.592484507767949e-06,
                7.642974196642172e-06,
                1.6479472833452746e-05
            ],
            "ang_vel": [
                -0.001026959391310811,
                0.0008643243345431983,
                0.00014259196177590638
            ]
        },
        "non_kin": {
            "Temperature": {
                "temperature": 23.0
            },
            "MaxTemperature": {
                "max_temperature": 72.0
            }
        }
    },
    "bratwurst.n.01_4": {
        "is_asleep": false,
        "root_link": {
            "pos": [
                6.467536449432373,
                -0.04466142877936363,
                1.0865449905395508
            ],
            "ori": [
                -1.8264399841427803e-05,
                4.535439074970782e-05,
                0.9489057660102844,
                -0.31555992364883423
            ],
            "lin_vel": [
                2.9794218789902516e-05,
                5.406011950981338e-06,
                2.089890040224418e-05
            ],
            "ang_vel": [
                -0.0005291934940032661,
                0.0023074692580848932,
                0.00011538308172021061
            ]
        },
        "non_kin": {
            "Temperature": {
                "temperature": 23.0
            },
            "MaxTemperature": {
                "max_temperature": 72.0
            }
        }
    },
    "floor.n.01_1": {
        "is_asleep": false,
        "root_link": {
            "pos": [
                6.593125820159912,
                -0.258637011051178,
                -0.13868464529514313
            ],
            "ori": [
                0.0,
                0.0,
                0.0,
                1.0
            ]
        },
        "non_kin": {}
    },