{
    "agent.n.01_1": {
        "is_asleep": false,
        "root_link": {
            "pos": [
                -50.0,
                -50.0,
                -50.0
            ],
            "ori": [
                0.0,
                0.0,
                0.0,
                1.0
            ],
            "lin_vel": [
                0.0,
                0.0,
                0.0
            ],
            "ang_vel": [
                0.0,
                0.0,
                0.0
            ]
        },
        "joint_pos": [
            58.26981735229492,
            49.11899185180664,
            50.003780364990234,
            0.004128102213144302,
            -0.009227018803358078,
            -1.6323388814926147,
            -7.028198160696775e-05,
            -0.00025991705479100347,
            0.00011143654410261661,
            4.334449840825982e-06,
            -6.2576232267019805e-06,
            3.4274511563126e-05,
            1.9059977531433105,
            1.9060025215148926,
            -0.9910004138946533,
            -0.9909986257553101,
            1.5710004568099976,
            1.5709995031356812,
            0.9149971008300781,
            0.9150059223175049,
            -1.5709986686706543,
            -1.5709995031356812,
            0.04999997094273567,
            0.0499996617436409,
            0.049999792128801346,
            0.04999962076544762
        ],
        "joint_vel": [
            0.0003650130529422313,
            -6.522404146380723e-05,
            -0.0007779511506669223,
            -0.0002977449039462954,
            -0.0002691115951165557,
            0.00010229754843749106,
            0.0011999278794974089,
            -0.0005739257903769612,
            0.0004606397124007344,
            0.0011235384736210108,
            0.0008368613198399544,
            0.0007360746385529637,
            -0.0024451399222016335,
            0.0019991749431937933,
            -0.0001944270043168217,
            0.0005939106922596693,
            0.0011400791117921472,
            0.0008666063658893108,
            -0.0012245032703503966,
            0.0012599939946085215,
            -0.0010175651405006647,
            -0.0008109189220704138,
            4.926772089675069e-05,
            1.4974969417380635e-05,
            1.1859186088258866e-05,
            4.406213338370435e-05
        ],
        "controllers": {
            "base": {
                "goal_is_valid": true,
                "goal": {
                    "target": [
                        0.0,
                        0.0,
                        0.0
                    ]
                }
            },
            "trunk": {
                "goal_is_valid": true,
                "goal": {
                    "target": [
                        -7.034377631498501e-05,
                        -0.00026055212947539985,
                        0.00011164526222273707,
                        3.3082233130699024e-06
                    ]
                }
            },
            "arm_left": {
                "goal_is_valid": true,
                "goal": {
                    "target_pos": [
                        0.5446212887763977,
                        0.3968505859375,
                        1.4467841386795044
                    ],
                    "target_ori_mat": [
                        [
                            -0.006777763366699219,
                            4.719535354524851e-05,
                            0.9999769330024719
                        ],
                        [
                            0.0031175180338323116,
                            -0.9999948740005493,
                            6.832694634795189e-05
                        ],
                        [
                            0.9999720454216003,
                            0.0031179096549749374,
                            0.0067778825759887695
                        ]
                    ]
                },
                "control_filter": {
                    "past_samples": [
                        [
                            -4.7721664486743975e-06,
                            1.9060004949569702,
                            -0.9910026788711548,
                            1.571001410484314,
                            0.9149995446205139,
                            -1.5709995031356812
                        ],
                        [
                            -7.801482752256561e-06,
                            1.9059934616088867,
                            -0.9909980297088623,
                            1.5710008144378662,
                            0.9149959087371826,
                            -1.570999264717102
                        ]
                    ],
                    "current_idx": 0,
                    "fully_filled": true
                }
            },
            "gripper_left": {
                "goal_is_valid": true,
                "goal": {
                    "target": [
                        1.0
                    ]
                },
                "vel_filter": {
                    "past_samples": [
                        [
                            -5.2303072152426466e-05,
                            4.693865412264131e-05
                        ],
                        [
                            4.82797586300876e-05,
                            -5.766749018221162e-05
                        ],
                        [
                            -3.4421682357788086e-05,
                            4.604458445101045e-05
                        ],
                        [
                            3.8444992242148146e-05,
                            -5.185603731661104e-05
                        ],
                        [
                            -5.677342051058076e-05,
                            6.16908073425293e-05
                        ]
                    ],
                    "current_idx": 0,
                    "fully_filled": true
                }
            },
            "arm_right": {
                "goal_is_valid": true,
                "goal": {
                    "target_pos": [
                        0.5446252226829529,
                        -0.3968358039855957,
                        1.443986415863037
                    ],
                    "target_ori_mat": [
                        [
                            0.005850315093994141,
                            -3.7169083952903748e-06,
                            0.999983012676239
                        ],
                        [
                            -0.004663724917918444,
                            -0.9999895095825195,
                            2.3568514734506607e-05
                        ],
                        [
                            0.9999721646308899,
                            -0.004663783125579357,
                            -0.005850553512573242
                        ]
                    ]
                },
                "control_filter": {
                    "past_samples": [
                        [
                            3.348157406435348e-05,
                            1.906004786491394,
                            -0.9910030364990234,
                            1.5709993839263916,
                            0.9150018692016602,
                            -1.5709991455078125
                        ],
                        [
                            3.568578904378228e-05,
                            1.9060003757476807,
                            -0.9909910559654236,
                            1.570999026298523,
                            0.9150101542472839,
                            -1.5709991455078125
                        ]
                    ],
                    "current_idx": 0,
                    "fully_filled": true
                }
            },
            "gripper_right": {
                "goal_is_valid": true,