{
    "agent.n.01_1": {
        "is_asleep": false,
        "root_link": {
            "pos": [
                -50.0,
                -50.0,
                -50.0
            ],
            "ori": [
                0.0,
                0.0,
                0.0,
                1.0
            ],
            "lin_vel": [
                0.0,
                0.0,
                0.0
            ],
            "ang_vel": [
                0.0,
                0.0,
                0.0
            ]
        },
        "joint_pos": [
            56.0447883605957,
            49.133934020996094,
            50.003780364990234,
            0.0031815669499337673,
            -0.00959533080458641,
            -1.7327173948287964,
            -7.0525573391933e-05,
            -0.00025944638764485717,
            0.00011070325126638636,
            1.8675320916372584e-06,
            -7.172537152655423e-06,
            3.5484248655848205e-05,
            1.9060004949569702,
            1.906004548072815,
            -0.9910060167312622,
            -0.991003155708313,
            1.5709995031356812,
            1.5710011720657349,
            0.9149958491325378,
            0.9150006175041199,
            -1.5709985494613647,
            -1.5710012912750244,
            0.049999967217445374,
            0.05000000074505806,
            0.04999994859099388,
            0.049999598413705826
        ],
        "joint_vel": [
            -0.0002936620148830116,
            -2.3276566935237497e-05,
            -0.0003858034615404904,
            0.0005958712426945567,
            7.349321822402999e-05,
            0.00017387176922056824,
            -0.00126296014059335,
            0.0008020440000109375,
            0.000451686792075634,
            -0.0001293034729314968,
            -0.0008535305387340486,
            2.3477150534745306e-06,
            0.0017860764637589455,
            -0.0013385851634666324,
            0.0002176238631363958,
            -0.0002626011846587062,
            -0.0012738878140226007,
            -4.849827382713556e-05,
            0.0003968599485233426,
            -0.0004533034807536751,
            0.0009372354834340513,
            0.00024205149384215474,
            2.8696456865873188e-05,
            3.6489847843768075e-05,
            1.5681891454732977e-05,
            1.0609381206450053e-05
        ],
        "controllers": {
            "base": {
                "goal_is_valid": true,
                "goal": {
                    "target": [
                        0.0,
                        0.0,
                        0.0
                    ]
                }
            },
            "trunk": {
                "goal_is_valid": true,
                "goal": {
                    "target": [
                        -7.035210728645325e-05,
                        -0.00026056921342387795,
                        0.00011164667375851423,
                        3.2975276553770527e-06
                    ]
                }
            },
            "arm_left": {
                "goal_is_valid": true,
                "goal": {
                    "target_pos": [
                        0.5446212887763977,
                        0.3968491554260254,
                        1.446784496307373
                    ],
                    "target_ori_mat": [
                        [
                            -0.006777763366699219,
                            4.671106580644846e-05,
                            0.9999769926071167
                        ],
                        [
                            0.003118066117167473,
                            -0.9999949932098389,
                            6.784615106880665e-05
                        ],
                        [
                            0.9999721050262451,
                            0.003118454245850444,
                            0.006777703762054443
                        ]
                    ]
                },
                "control_filter": {
                    "past_samples": [
                        [
                            -7.624955287610646e-06,
                            1.9059985876083374,
                            -0.9910046458244324,
                            1.5709996223449707,
                            0.9149927496910095,
                            -1.570999264717102
                        ],
                        [
                            -7.402537448797375e-06,
                            1.906001329421997,
                            -0.9910048246383667,
                            1.5709983110427856,
                            0.914997935295105,
                            -1.570998191833496
                        ]
                    ],
                    "current_idx": 0,
                    "fully_filled": true
                }
            },
            "gripper_left": {
                "goal_is_valid": true,
                "goal": {
                    "target": [
                        1.0
                    ]
                },
                "vel_filter": {
                    "past_samples": [
                        [
                            2.235173997178208e-05,
                            3.3527612686157227e-05
                        ],
                        [
                            1.8328426449443214e-05,
                            -3.129243850708008e-05
                        ],
                        [
                            -3.8892027077963576e-05,
                            8.940695806813892e-06
                        ],
                        [
                            1.564621925354004e-05,
                            -2.235173951703473e-06
                        ],
                        [
                            2.235173951703473e-06,
                            -1.609325408935547e-05
                        ]
                    ],
                    "current_idx": 1,
                    "fully_filled": true
                }
            },
            "arm_right": {
                "goal_is_valid": true,
                "goal": {
                    "target_pos": [
                        0.5446252226829529,
                        -0.3968367576599121,
                        1.4439867734909058
                    ],
                    "target_ori_mat": [
                        [
                            0.005850017070770264,
                            -3.1066592782735825e-06,
                            0.9999828338623047
                        ],
                        [
                            -0.0046633221209049225,
                            -0.9999890327453613,
                            2.4173874408006668e-05
                        ],
                        [
                            0.9999719858169556,
                            -0.004663383588194847,
                            -0.0058498382568359375
                        ]
                    ]
                },
                "control_filter": {
                    "past_samples": [
                        [
                            3.586099774111062e-05,
                            1.9060015678405762,
                            -0.9909985065460205,
                            1.571000576019287,
                            0.9150044322013855,
                            -1.571000576019287
                        ],
                        [
                            3.596098395064473e-05,
                            1.9060065746307373,
                            -0.99100661277771,
                            1.5710020065307617,
                            0.9149991273880005,
                            -1.5710012912750244
                        ]
                    ],
                    "current_idx": 0,
                    "fully_filled": true
                }
            },
            "gripper_right": {
                "goal_is_valid": true,