{
    "agent.n.01_1": {
        "is_asleep": false,
        "root_link": {
            "pos": [
                -50.0,
                -50.0,
                -50.0
            ],
            "ori": [
                0.0,
                0.0,
                0.0,
                1.0
            ],
            "lin_vel": [
                0.0,
                0.0,
                0.0
            ],
            "ang_vel": [
                0.0,
                0.0,
                0.0
            ]
        },
        "joint_pos": [
            55.37590026855469,
            51.463409423828125,
            50.003780364990234,
            0.010105384513735771,
            -0.0002479748800396919,
            -0.5067498087882996,
            -7.02951438142918e-05,
            -0.00026057689683511853,
            0.0001120856759371236,
            4.363043899502372e-06,
            -5.597813924396178e-06,
            3.372821447555907e-05,
            1.906003475189209,
            1.9060040712356567,
            -0.9910029172897339,
            -0.9910057187080383,
            1.571000576019287,
            1.571000099182129,
            0.9150004386901855,
            0.915000855922699,
            -1.570997953414917,
            -1.570999264717102,
            0.049999866634607315,
            0.0499998964369297,
            0.049999892711639404,
            0.049999967217445374
        ],
        "joint_vel": [
            5.7324941735714674e-05,
            0.0007064285455271602,
            -0.000649181311018765,
            9.88289320957847e-05,
            -0.00022502295905724168,
            -1.5274126781150699e-06,
            0.0008784098317846656,
            -0.0009316712385043502,
            0.00016476167365908623,
            0.0010931023862212896,
            0.0009215530590154231,
            0.0005775195313617587,
            -0.0017430444713681936,
            0.00138695421628654,
            -6.313563790172338e-05,
            0.00033836995135061443,
            0.0015815090155228972,
            0.0009663705131970346,
            -0.0012934089172631502,
            0.0011660835007205606,
            -0.0014020417584106326,
            -0.0009641777141951025,
            4.285812610760331e-05,
            1.9785693439189345e-06,
            -1.9261830175310024e-07,
            6.323571142274886e-06
        ],
        "controllers": {
            "base": {
                "goal_is_valid": true,
                "goal": {
                    "target": [
                        0.0,
                        0.0,
                        0.0
                    ]
                }
            },
            "trunk": {
                "goal_is_valid": true,
                "goal": {
                    "target": [
                        -7.0410460466519e-05,
                        -0.00026069171144627035,
                        0.00011165878095198423,
                        3.335606606924557e-06
                    ]
                }
            },
            "arm_left": {
                "goal_is_valid": true,
                "goal": {
                    "target_pos": [
                        0.5446209907531738,
                        0.3968479633331299,
                        1.4467841386795044
                    ],
                    "target_ori_mat": [
                        [
                            -0.006778120994567871,
                            4.644133150577545e-05,
                            0.9999769330024719
                        ],
                        [
                            0.003117605810984969,
                            -0.9999948740005493,
                            6.757455412298441e-05
                        ],
                        [
                            0.9999720454216003,
                            0.003117992077022791,
                            0.006778240203857422
                        ]
                    ]
                },
                "control_filter": {
                    "past_samples": [
                        [
                            -5.435432285594288e-06,
                            1.9060035943984985,
                            -0.9910038113594055,
                            1.571000576019287,
                            0.9150004386901855,
                            -1.5709991455078125
                        ],
                        [
                            -5.603390036412748e-06,
                            1.9060040712356567,
                            -0.9910041093826294,
                            1.5710004568099976,
                            0.9150011539459229,
                            -1.5709989070892334
                        ]
                    ],
                    "current_idx": 0,
                    "fully_filled": true
                }
            },
            "gripper_left": {
                "goal_is_valid": true,
                "goal": {
                    "target": [
                        1.0
                    ]
                },
                "vel_filter": {
                    "past_samples": [
                        [
                            -8.940696147874405e-07,
                            -4.4703480739372026e-07
                        ],
                        [
                            -7.152556918299524e-06,
                            -1.3411043937594513e-06
                        ],
                        [
                            7.152556918299524e-06,
                            1.788139229574881e-06
                        ],
                        [
                            -7.152556918299524e-06,
                            -1.3411043937594513e-06
                        ],
                        [
                            3.1292436233343324e-06,
                            8.940696147874405e-07
                        ]
                    ],
                    "current_idx": 0,
                    "fully_filled": true
                }
            },
            "arm_right": {
                "goal_is_valid": true,
                "goal": {
                    "target_pos": [
                        0.5446252822875977,
                        -0.3968372344970703,
                        1.443986415863037
                    ],
                    "target_ori_mat": [
                        [
                            0.0058501362800598145,
                            -3.935070708394051e-06,
                            0.9999827742576599
                        ],
                        [
                            -0.00466369092464447,
                            -0.9999889135360718,
                            2.33484897762537e-05
                        ],
                        [
                            0.9999719262123108,
                            -0.004663747735321522,
                            -0.0058498382568359375
                        ]
                    ]
                },
                "control_filter": {
                    "past_samples": [
                        [
                            3.3716551115503535e-05,
                            1.906005620956421,
                            -0.9910053014755249,
                            1.571000337600708,
                            0.915000855922699,
                            -1.5709999799728394
                        ],
                        [
                            3.357894456712529e-05,
                            1.9060052633285522,
                            -0.9910054206848145,
                            1.571000099182129,
                            0.9149998426437378,
                            -1.5709998607635498
                        ]
                    ],
                    "current_idx": 0,
                    "fully_filled": true
                }
            },
            "gripper_right": {
                "goal_is_valid": true,