{
    "hinged_jar.n.01_1": {
        "is_asleep": true,
        "root_link": {
            "pos": [
                4.078319549560547,
                0.6095227003097534,
                1.5992485284805298
            ],
            "ori": [
                -6.724148988723755e-07,
                -1.1436350177973509e-06,
                0.9990899562835693,
                -0.04266144707798958
            ],
            "lin_vel": [
                0.0,
                0.0,
                0.0
            ],
            "ang_vel": [
                0.0,
                0.0,
                0.0
            ]
        },
        "joint_pos": [
            3.313562618734167e-11
        ],
        "joint_vel": [
            0.00011783248919527978
        ],
        "non_kin": {
            "Temperature": {
                "temperature": 23.0
            }
        }
    },
    "hinged_jar.n.01_2": {
        "is_asleep": true,
        "root_link": {
            "pos": [
                4.079616069793701,
                0.20873157680034637,
                1.5992474555969238
            ],
            "ori": [
                -4.6566128730773926e-07,
                -1.2693490134552121e-06,
                0.9994117617607117,
                0.03429955989122391
            ],
            "lin_vel": [
                0.0,
                0.0,
                0.0
            ],
            "ang_vel": [
                0.0,
                0.0,
                0.0
            ]
        },
        "joint_pos": [
            5.382397305631059e-11
        ],
        "joint_vel": [
            7.199577822802894e-09
        ],
        "non_kin": {
            "Temperature": {
                "temperature": 23.0
            }
        }
    },
    "cabinet.n.01_1": {
        "is_asleep": true,
        "root_link": {
            "pos": [
                4.005004405975342,
                0.6468996405601501,
                1.7916107177734375
            ],
            "ori": [
                0.0,
                0.0,
                0.0,
                1.0
            ],
            "lin_vel": [
                0.0,
                0.0,
                0.0
            ],
            "ang_vel": [
                0.0,
                0.0,
                0.0
            ]
        },
        "joint_pos": [
            -2.522039356447586e-21,
            3.708858307277518e-12
        ],
        "joint_vel": [
            -6.619429487659495e-20,
            -1.7624518406590055e-15
        ],
        "non_kin": {
            "Temperature": {
                "temperature": 23.0
            }
        }
    },
    "countertop.n.01_1": {
        "is_asleep": false,
        "root_link": {
            "pos": [
                7.287360668182373,
                0.21228918433189392,
                0.660920262336731
            ],
            "ori": [
                2.301114676583893e-07,
                -2.3069738119829708e-07,
                0.7080053091049194,
                -0.7062070965766907
            ]
        },
        "non_kin": {}
    },
    "chopping_board.n.01_1": {
        "is_asleep": false,
        "root_link": {
            "pos": [
                8.582773208618164,
                0.18341808021068573,
                1.0645780563354492
            ],
            "ori": [
                -0.0021193891298025846,
                -0.00026574122603051364,
                0.9914867281913757,
                0.13019023835659027
            ],
            "lin_vel": [
                -2.906058853113791e-06,
                -2.6549396352493204e-06,
                -5.500899291632777e-08
            ],
            "ang_vel": [
                2.507050567146507e-06,
                5.520631702893297e-07,
                1.1817201084340923e-05
            ]
        },
        "non_kin": {}
    },
    "bratwurst.n.01_1": {
        "is_asleep": false,
        "root_link": {
            "pos": [
                8.737720489501953,
                0.13545335829257965,
                1.0883781909942627
            ],
            "ori": [
                0.0004320572770666331,
                -0.002065045991912484,
                -0.22178204357624054,
                0.9750940203666687
            ],
            "lin_vel": [
                -3.5370737805351382e-06,
                -7.249961072375299e-06,
                -1.5630153882284503e-07
            ],
            "ang_vel": [
                0.00012687571870628744,
                2.8808779006794794e-07,
                -5.856247298652306e-06
            ]
        },
        "non_kin": {
            "Temperature": {
                "temperature": 23.0
            },
            "MaxTemperature": {
                "max_temperature": 72.0
            }
        }
    },
    "bratwurst.n.01_2": {
        "is_asleep": false,
        "root_link": {
            "pos": [
                8.526177406311035,
                0.2949114143848419,
                1.087475299835205
            ],
            "ori": [
                -0.0004551189485937357,
                -0.002110701287165284,
                0.1805325150489807,
                0.9835666418075562
            ],
            "lin_vel": [
                -1.132272336690221e-05,
                -5.702190264855744e-06,
                2.252077848652334e-07
            ],
            "ang_vel": [
                1.5737568901386112e-05,
                -8.276836888398975e-05,
                3.0373399567906745e-05
            ]
        },
        "non_kin": {
            "Temperature": {
                "temperature": 23.0
            },
            "MaxTemperature": {
                "max_temperature": 72.0
            }
        }
    },
    "bratwurst.n.01_3": {
        "is_asleep": false,
        "root_link": {
            "pos": [
                8.670088768005371,
                0.05414314940571785,
                1.0880954265594482
            ],
            "ori": [
                -0.002178807742893696,
                0.00016397105355281383,
                0.9999547004699707,
                -0.009265825152397156
            ],
            "lin_vel": [
                -6.1448008636944e-06,
                -3.2761179227236426e-06,
                5.845557780048694e-07
            ],
            "ang_vel": [
                -9.279914229409769e-05,
                -4.532139064394869e-05,
                1.3531702279578894e-05
            ]
        },
        "non_kin": {
            "Temperature": {
                "temperature": 23.0
            },
            "MaxTemperature": {
                "max_temperature": 72.0
            }
        }
    },
    "bratwurst.n.01_4": {
        "is_asleep": false,
        "root_link": {
            "pos": [
                8.697775840759277,
                0.23519276082515717,
                1.0882024765014648
            ],
            "ori": [
                -0.0010174345225095749,
                -0.0018497394630685449,
                0.466693252325058,
                0.8844168186187744
            ],
            "lin_vel": [
                -1.149643230746733e-05,
                -2.7717353532352718e-06,
                -1.7074667084671091e-06
            ],
            "ang_vel": [
                -2.680078978301026e-05,
                -0.00020087874145247042,
                6.114233838161454e-05
            ]
        },
        "non_kin": {
            "Temperature": {
                "temperature": 23.0
            },
            "MaxTemperature": {
                "max_temperature": 72.0
            }
        }
    },
    "floor.n.01_1": {
        "is_asleep": false,
        "root_link": {
            "pos": [
                6.593125820159912,
                -0.258637011051178,
                -0.13868464529514313
            ],
            "ori": [
                0.0,
                0.0,
                0.0,
                1.0
            ]
        },
        "non_kin": {}
    },