{
    "agent.n.01_1": {
        "is_asleep": false,
        "root_link": {
            "pos": [
                -50.0,
                -50.0,
                -50.0
            ],
            "ori": [
                0.0,
                0.0,
                0.0,
                1.0
            ],
            "lin_vel": [
                0.0,
                0.0,
                0.0
            ],
            "ang_vel": [
                0.0,
                0.0,
                0.0
            ]
        },
        "joint_pos": [
            55.23630142211914,
            49.50465774536133,
            50.003780364990234,
            -0.009023642167448997,
            -0.004556488245725632,
            3.1270248889923096,
            -6.876990664750338e-05,
            -0.00025824079057201743,
            0.00011133022053400055,
            2.230592372143292e-06,
            -8.653506483824458e-06,
            3.714746708283201e-05,
            1.9059979915618896,
            1.9059962034225464,
            -0.9909931421279907,
            -0.9909927248954773,
            1.5710008144378662,
            1.5709999799728394,
            0.915005624294281,
            0.9150047302246094,
            -1.5709985494613647,
            -1.5710006952285767,
            0.04999984800815582,
            0.05000000074505806,
            0.04999998211860657,
            0.04999992996454239
        ],
        "joint_vel": [
            5.5867465562187135e-05,
            0.0001304568868363276,
            -3.210921204299666e-05,
            0.0001615109504200518,
            -0.00016072599100880325,
            -0.0005433924379758537,
            -0.0004042204818688333,
            0.000640900747384876,
            -0.00025912700220942497,
            -0.0007086184341460466,
            -0.00038296374259516597,
            -0.00016402314940933138,
            0.0013314919779077172,
            -0.0009313640184700489,
            0.00011073116183979437,
            -3.9740989450365305e-05,
            -0.00038634930388070643,
            -7.118941721273586e-05,
            0.000268064730335027,
            -0.000310626404825598,
            0.0002775265311356634,
            0.0001325230550719425,
            1.1472398000478279e-06,
            1.4831261069048196e-05,
            1.6061159840319306e-05,
            -3.070932871196419e-05
        ],
        "controllers": {
            "base": {
                "goal_is_valid": true,
                "goal": {
                    "target": [
                        0.0,
                        0.0,
                        0.0
                    ]
                }
            },
            "trunk": {
                "goal_is_valid": true,
                "goal": {
                    "target": [
                        -7.034225563984364e-05,
                        -0.00026054930640384555,
                        0.00011164497846039012,
                        3.3192409318871796e-06
                    ]
                }
            },
            "arm_left": {
                "goal_is_valid": true,
                "goal": {
                    "target_pos": [
                        0.5446205139160156,
                        0.3968484103679657,
                        1.4467843770980835
                    ],
                    "target_ori_mat": [
                        [
                            -0.00677800178527832,
                            4.6725734136998653e-05,
                            0.9999771118164062
                        ],
                        [
                            0.0031175771728157997,
                            -0.999995231628418,
                            6.785790901631117e-05
                        ],
                        [
                            0.9999722242355347,
                            0.0031179655343294144,
                            0.006777703762054443
                        ]
                    ]
                },
                "control_filter": {
                    "past_samples": [
                        [
                            -8.645410161989275e-06,
                            1.905997395515442,
                            -0.9909903407096863,
                            1.5710004568099976,
                            0.9150062799453735,
                            -1.5709991455078125
                        ],
                        [
                            -9.39718393055955e-06,
                            1.905997395515442,
                            -0.9909927248954773,
                            1.5710008144378662,
                            0.915004551410675,
                            -1.5709991455078125
                        ]
                    ],
                    "current_idx": 0,
                    "fully_filled": true
                }
            },
            "gripper_left": {
                "goal_is_valid": true,
                "goal": {
                    "target": [
                        1.0
                    ]
                },
                "vel_filter": {
                    "past_samples": [
                        [
                            -2.1010635464335792e-05,
                            -2.6822087875189027e-06
                        ],
                        [
                            1.6987323760986328e-05,
                            5.811452410853235e-06
                        ],
                        [
                            -1.564621925354004e-05,
                            -7.599591754114954e-06
                        ],
                        [
                            1.9669530956889503e-05,
                            5.364417575037805e-06
                        ],
                        [
                            1.3411043937594513e-06,
                            -4.4703480739372026e-07
                        ]
                    ],
                    "current_idx": 2,
                    "fully_filled": true
                }
            },
            "arm_right": {
                "goal_is_valid": true,
                "goal": {
                    "target_pos": [
                        0.5446248054504395,
                        -0.3968372941017151,
                        1.4439867734909058
                    ],
                    "target_ori_mat": [
                        [
                            0.0058501362800598145,
                            -4.085013642907143e-06,
                            0.9999828338623047
                        ],
                        [
                            -0.004663387313485146,
                            -0.9999890327453613,
                            2.3197149857878685e-05
                        ],
                        [
                            0.9999719858169556,
                            -0.0046634431928396225,
                            -0.005849957466125488
                        ]
                    ]
                },
                "control_filter": {
                    "past_samples": [
                        [
                            3.7342862924560905e-05,
                            1.9059940576553345,
                            -0.9909911751747131,
                            1.571000576019287,
                            0.9150053262710571,
                            -1.5710002183914185
                        ],
                        [
                            3.777254460146651e-05,
                            1.9059960842132568,
                            -0.9909918308258057,
                            1.5709999799728394,
                            0.9150058627128601,
                            -1.5709999799728394
                        ]
                    ],
                    "current_idx": 0,
                    "fully_filled": true
                }
            },