{
    "hinged_jar.n.01_1": {
        "is_asleep": true,
        "root_link": {
            "pos": [
                4.052889347076416,
                0.32855817675590515,
                1.8831665515899658
            ],
            "ori": [
                4.67151403427124e-06,
                -2.707121893763542e-06,
                0.9734893441200256,
                -0.22873221337795258
            ],
            "lin_vel": [
                0.0,
                0.0,
                0.0
            ],
            "ang_vel": [
                0.0,
                0.0,
                0.0
            ]
        },
        "joint_pos": [
            -6.442732458644684e-11
        ],
        "joint_vel": [
            0.0004043829394504428
        ],
        "non_kin": {
            "Temperature": {
                "temperature": 23.0
            }
        }
    },
    "hinged_jar.n.01_2": {
        "is_asleep": true,
        "root_link": {
            "pos": [
                4.03383207321167,
                1.0499944686889648,
                1.5992498397827148
            ],
            "ori": [
                1.3131648302078247e-06,
                -7.920898497104645e-07,
                -0.7905265688896179,
                0.6124280095100403
            ],
            "lin_vel": [
                0.0,
                0.0,
                0.0
            ],
            "ang_vel": [
                0.0,
                0.0,
                0.0
            ]
        },
        "joint_pos": [
            -6.38351524417935e-11
        ],
        "joint_vel": [
            -1.4237043544085282e-08
        ],
        "non_kin": {
            "Temperature": {
                "temperature": 23.0
            }
        }
    },
    "cabinet.n.01_1": {
        "is_asleep": true,
        "root_link": {
            "pos": [
                4.005004405975342,
                0.6468996405601501,
                1.7916107177734375
            ],
            "ori": [
                0.0,
                0.0,
                0.0,
                1.0
            ],
            "lin_vel": [
                0.0,
                0.0,
                0.0
            ],
            "ang_vel": [
                0.0,
                0.0,
                0.0
            ]
        },
        "joint_pos": [
            -3.521675817607983e-21,
            2.273607734373795e-12
        ],
        "joint_vel": [
            -6.083085578480112e-20,
            6.952472900842899e-18
        ],
        "non_kin": {
            "Temperature": {
                "temperature": 23.0
            }
        }
    },
    "countertop.n.01_1": {
        "is_asleep": false,
        "root_link": {
            "pos": [
                7.287360668182373,
                0.2122892290353775,
                0.660920262336731
            ],
            "ori": [
                2.301114676583893e-07,
                -2.3069738119829708e-07,
                0.7080053091049194,
                -0.7062070965766907
            ]
        },
        "non_kin": {}
    },
    "chopping_board.n.01_1": {
        "is_asleep": false,
        "root_link": {
            "pos": [
                5.997613906860352,
                0.6418114900588989,
                1.0643129348754883
            ],
            "ori": [
                -0.0021291133016347885,
                0.001960005844011903,
                -0.7353560924530029,
                0.6776747107505798
            ],
            "lin_vel": [
                -1.3310228496266063e-05,
                7.480870863219025e-06,
                0.00010493665467947721
            ],
            "ang_vel": [
                -9.824450899031945e-06,
                -0.0007576249190606177,
                4.170962711214088e-05
            ]
        },
        "non_kin": {}
    },
    "bratwurst.n.01_1": {
        "is_asleep": false,
        "root_link": {
            "pos": [
                5.935243606567383,
                0.5411230325698853,
                1.0878181457519531
            ],
            "ori": [
                0.0025804643519222736,
                0.0012605412630364299,
                0.904464066028595,
                0.42654022574424744
            ],
            "lin_vel": [
                0.00014177639968693256,
                -6.714314076816663e-05,
                9.365315236209426e-06
            ],
            "ang_vel": [
                0.000298534199828282,
                0.001465021283365786,
                0.00118248222861439
            ]
        },
        "non_kin": {
            "Temperature": {
                "temperature": 23.0
            },
            "MaxTemperature": {
                "max_temperature": 72.0
            }
        }
    },
    "bratwurst.n.01_2": {
        "is_asleep": false,
        "root_link": {
            "pos": [
                6.110563278198242,
                0.6591623425483704,
                1.0868040323257446
            ],
            "ori": [
                -0.0015033623203635216,
                0.0023265474010258913,
                -0.5856276154518127,
                0.8105754852294922
            ],
            "lin_vel": [
                -0.00011421013914514333,
                4.553525286610238e-05,
                2.9186669053160585e-05
            ],
            "ang_vel": [
                -0.0024090558290481567,
                -0.0072050271555781364,
                9.432927618036047e-05
            ]
        },
        "non_kin": {
            "Temperature": {
                "temperature": 23.0
            },
            "MaxTemperature": {
                "max_temperature": 72.0
            }
        }
    },
    "bratwurst.n.01_3": {
        "is_asleep": false,
        "root_link": {
            "pos": [
                5.9461774826049805,
                0.8110201954841614,
                1.087751030921936
            ],
            "ori": [
                0.0021099273581057787,
                0.0015304081607609987,
                0.7711848020553589,
                0.6366058588027954
            ],
            "lin_vel": [
                0.0001016729511320591,
                -2.6396741304779425e-05,
                0.00017799231864046305
            ],
            "ang_vel": [
                0.0028979277703911066,
                -0.008421331644058228,
                1.4696001017000526e-05
            ]
        },
        "non_kin": {
            "Temperature": {
                "temperature": 23.0
            },
            "MaxTemperature": {
                "max_temperature": 72.0
            }
        }
    },
    "bratwurst.n.01_4": {
        "is_asleep": false,
        "root_link": {
            "pos": [
                5.947938919067383,
                0.4724820852279663,
                1.0877447128295898
            ],
            "ori": [
                -0.0008804505341686308,
                0.0027895551174879074,
                -0.2904050946235657,
                0.9568993449211121
            ],
            "lin_vel": [
                -8.39782805996947e-05,
                -2.623573709570337e-05,
                -4.5265154767548665e-05
            ],
            "ang_vel": [
                0.0028930569533258677,
                -0.006099718622863293,
                -0.00014838215429335833
            ]
        },
        "non_kin": {
            "Temperature": {
                "temperature": 23.0
            },
            "MaxTemperature": {
                "max_temperature": 72.0
            }
        }
    },
    "floor.n.01_1": {
        "is_asleep": false,
        "root_link": {
            "pos": [
                6.593125820159912,
                -0.258637011051178,
                -0.13868464529514313
            ],
            "ori": [
                0.0,
                0.0,
                0.0,
                1.0
            ]
        },
        "non_kin": {}
    },